timestamp,actual,predicted,predicted_rounded,error
2025-11-26 12:10:00,7.0,6.8810806,7,-0.11891937255859375
2025-11-26 12:11:00,7.0,6.962797,7,-0.03720283508300781
2025-11-26 12:12:00,7.0,6.804369,7,-0.1956310272216797
2025-11-26 12:13:00,7.0,6.7826757,7,-0.21732425689697266
2025-11-26 12:14:00,7.0,6.8226266,7,-0.17737340927124023
2025-11-26 12:15:00,7.0,6.9734635,7,-0.02653646469116211
2025-11-26 12:16:00,7.0,6.9735317,7,-0.026468276977539062
2025-11-26 12:17:00,7.0,7.0128527,7,0.012852668762207031
2025-11-26 12:18:00,7.0,6.99565,7,-0.004350185394287109
2025-11-26 12:19:00,7.0,7.011691,7,0.011691093444824219
2025-11-26 12:20:00,7.0,6.9117656,7,-0.08823442459106445
2025-11-26 12:21:00,7.0,7.034949,7,0.03494882583618164
2025-11-26 12:22:00,7.0,6.9884143,7,-0.011585712432861328
2025-11-26 12:23:00,7.0,7.001028,7,0.0010280609130859375
2025-11-26 12:24:00,7.0,6.9564185,7,-0.043581485748291016
2025-11-26 12:25:00,7.0,6.900682,7,-0.09931802749633789
2025-11-26 12:26:00,7.0,6.8958926,7,-0.10410737991333008
2025-11-26 12:27:00,7.0,7.0884094,7,0.088409423828125
2025-11-26 12:28:00,7.0,6.9144173,7,-0.08558273315429688
2025-11-26 12:29:00,7.0,7.0183754,7,0.018375396728515625
2025-11-26 12:30:00,7.0,6.9785657,7,-0.021434307098388672
2025-11-26 12:31:00,7.0,7.1187773,7,0.11877727508544922
2025-11-26 12:32:00,7.0,6.9275646,7,-0.07243537902832031
2025-11-26 12:33:00,7.0,7.059408,7,0.05940818786621094
2025-11-26 12:34:00,7.0,7.065153,7,0.06515312194824219
2025-11-26 12:35:00,7.0,6.91756,7,-0.08243989944458008
2025-11-26 12:36:00,7.0,6.9812436,7,-0.018756389617919922
2025-11-26 12:37:00,7.0,6.9278946,7,-0.07210540771484375
2025-11-26 12:38:00,7.0,6.934623,7,-0.06537723541259766
2025-11-26 12:39:00,7.0,6.7970104,7,-0.2029895782470703
2025-11-26 12:40:00,7.0,7.0777655,7,0.07776546478271484
2025-11-26 12:41:00,7.0,7.075109,7,0.07510900497436523
2025-11-26 12:42:00,7.0,6.9708333,7,-0.029166698455810547
2025-11-26 12:43:00,7.0,7.053171,7,0.05317115783691406
2025-11-26 12:44:00,7.0,6.93401,7,-0.06598997116088867
2025-11-26 12:45:00,7.0,6.970829,7,-0.029170989990234375
2025-11-26 12:46:00,7.0,7.1422725,7,0.1422724723815918
2025-11-26 12:47:00,7.0,7.142006,7,0.14200592041015625
2025-11-26 12:48:00,7.0,6.945209,7,-0.05479097366333008
2025-11-26 12:49:00,7.0,6.9855657,7,-0.014434337615966797
2025-11-26 12:50:00,7.0,6.9226007,7,-0.07739925384521484
2025-11-26 12:51:00,7.0,7.0154734,7,0.015473365783691406
2025-11-26 12:52:00,7.0,7.0417166,7,0.041716575622558594
2025-11-26 12:53:00,7.0,6.9394693,7,-0.060530662536621094
2025-11-26 12:54:00,7.0,7.1064696,7,0.10646963119506836
2025-11-26 12:55:00,8.0,7.4725676,7,-0.5274324417114258
2025-11-26 12:56:00,9.0,8.571788,9,-0.42821216583251953
2025-11-26 12:57:00,10.0,9.693292,10,-0.30670833587646484
2025-11-26 12:58:00,11.0,10.108962,10,-0.8910379409790039
2025-11-26 12:59:00,11.0,10.877174,11,-0.12282562255859375
2025-11-26 13:00:00,11.0,11.773581,12,0.7735805511474609
2025-11-26 13:01:00,11.0,11.6962185,12,0.6962184906005859
2025-11-26 13:02:00,11.0,11.890756,12,0.8907556533813477
2025-11-26 13:03:00,11.0,11.408285,11,0.40828514099121094
2025-11-26 13:04:00,11.0,11.086668,11,0.08666801452636719
2025-11-26 13:05:00,11.0,11.035526,11,0.035526275634765625
2025-11-26 13:06:00,11.0,11.326843,11,0.32684326171875
2025-11-26 13:07:00,11.0,11.261582,11,0.2615823745727539
2025-11-26 13:08:00,11.0,11.305838,11,0.30583763122558594
2025-11-26 13:09:00,11.0,10.308358,10,-0.6916418075561523
2025-11-26 13:10:00,9.0,10.377271,10,1.3772706985473633
2025-11-26 13:11:00,9.0,10.237569,10,1.2375688552856445
2025-11-26 13:12:00,9.0,7.5320907,8,-1.467909336090088
2025-11-26 13:13:00,9.0,9.548,10,0.5480003356933594
2025-11-26 13:14:00,9.0,9.645332,10,0.6453323364257812
2025-11-26 13:15:00,9.0,9.665244,10,0.6652441024780273
2025-11-26 13:16:00,9.0,9.49904,9,0.4990396499633789
2025-11-26 13:17:00,9.0,9.320683,9,0.3206825256347656
2025-11-26 13:18:00,9.0,9.45816,9,0.458160400390625
2025-11-26 13:19:00,9.0,9.340916,9,0.3409156799316406
2025-11-26 13:20:00,9.0,9.380377,9,0.38037681579589844
2025-11-26 13:21:00,9.0,9.261813,9,0.2618131637573242
2025-11-26 13:22:00,9.0,9.249759,9,0.24975872039794922
2025-11-26 13:23:00,9.0,9.194637,9,0.19463729858398438
2025-11-26 13:24:00,9.0,9.353612,9,0.35361194610595703
2025-11-26 13:25:00,9.0,9.419792,9,0.41979217529296875
2025-11-26 13:26:00,9.0,9.390473,9,0.3904733657836914
2025-11-26 13:27:00,9.0,9.364935,9,0.36493492126464844
2025-11-26 13:28:00,9.0,9.476356,9,0.47635555267333984
2025-11-26 13:29:00,9.0,9.405817,9,0.40581703186035156
2025-11-26 13:30:00,9.0,9.370081,9,0.37008094787597656
2025-11-26 13:31:00,9.0,9.351892,9,0.35189247131347656
2025-11-26 13:32:00,9.0,9.290689,9,0.29068946838378906
2025-11-26 13:33:00,9.0,9.276559,9,0.27655887603759766
2025-11-26 13:34:00,9.0,9.145172,9,0.145172119140625
2025-11-26 13:35:00,9.0,9.267859,9,0.26785945892333984
2025-11-26 13:36:00,9.0,9.233912,9,0.23391246795654297
2025-11-26 13:37:00,9.0,9.278557,9,0.27855682373046875
2025-11-26 13:38:00,9.0,9.287331,9,0.28733062744140625
2025-11-26 13:39:00,9.0,9.392509,9,0.39250946044921875
2025-11-26 13:40:00,9.0,9.31542,9,0.31542015075683594
2025-11-26 13:41:00,9.0,9.27937,9,0.2793703079223633
2025-11-26 13:42:00,9.0,9.28287,9,0.2828702926635742
2025-11-26 13:43:00,9.0,9.221075,9,0.22107505798339844
2025-11-26 13:44:00,9.0,9.199643,9,0.19964313507080078
2025-11-26 13:45:00,9.0,9.271543,9,0.2715425491333008
2025-11-26 13:46:00,9.0,9.373945,9,0.3739452362060547
2025-11-26 13:47:00,9.0,9.31908,9,0.3190803527832031
2025-11-26 13:48:00,9.0,9.428937,9,0.4289369583129883
2025-11-26 13:49:00,9.0,9.37922,9,0.37922000885009766
2025-11-26 13:50:00,9.0,9.35162,9,0.3516197204589844
2025-11-26 13:51:00,9.0,9.357101,9,0.3571014404296875
2025-11-26 13:52:00,9.0,9.291305,9,0.2913045883178711
2025-11-26 13:53:00,9.0,9.33238,9,0.3323802947998047
2025-11-26 13:54:00,9.0,9.430644,9,0.43064403533935547
2025-11-26 13:55:00,9.0,9.366228,9,0.3662281036376953
2025-11-26 13:56:00,9.0,9.313529,9,0.31352901458740234
2025-11-26 13:57:00,9.0,9.313781,9,0.3137807846069336
2025-11-26 13:58:00,9.0,9.299194,9,0.2991943359375
2025-11-26 13:59:00,9.0,9.353489,9,0.3534889221191406
2025-11-26 14:00:00,9.0,9.323012,9,0.3230123519897461
2025-11-26 14:01:00,9.0,9.29549,9,0.2954902648925781
2025-11-26 14:02:00,9.0,9.389223,9,0.3892230987548828
2025-11-26 14:03:00,9.0,9.421155,9,0.4211549758911133
2025-11-26 14:04:00,9.0,9.388264,9,0.3882637023925781
2025-11-26 14:05:00,9.0,9.326228,9,0.32622814178466797
2025-11-26 14:06:00,9.0,9.31954,9,0.31954002380371094
2025-11-26 14:07:00,9.0,9.347236,9,0.34723567962646484
2025-11-26 14:08:00,9.0,9.312514,9,0.3125143051147461
2025-11-26 14:09:00,9.0,9.346815,9,0.3468151092529297
2025-11-26 14:10:00,9.0,9.382935,9,0.3829345703125
2025-11-26 14:11:00,9.0,9.213999,9,0.21399879455566406
2025-11-26 14:12:00,9.0,9.293229,9,0.2932291030883789
2025-11-26 14:13:00,9.0,9.313592,9,0.31359195709228516
2025-11-26 14:14:00,9.0,9.328915,9,0.3289146423339844
2025-11-26 14:15:00,9.0,9.413456,9,0.4134559631347656
2025-11-26 14:16:00,9.0,9.410186,9,0.4101858139038086
2025-11-26 14:17:00,9.0,9.338628,9,0.33862781524658203
2025-11-26 14:18:00,9.0,9.332672,9,0.332672119140625
2025-11-26 14:19:00,9.0,9.093869,9,0.09386920928955078
2025-11-26 14:20:00,9.0,9.316548,9,0.31654834747314453
2025-11-26 14:21:00,9.0,9.34265,9,0.3426504135131836
2025-11-26 14:22:00,9.0,9.292329,9,0.2923288345336914
2025-11-26 14:23:00,9.0,9.258378,9,0.2583780288696289
2025-11-26 14:24:00,9.0,9.285788,9,0.28578758239746094
2025-11-26 14:25:00,9.0,9.21704,9,0.2170400619506836
2025-11-26 14:26:00,9.0,9.285193,9,0.28519344329833984
2025-11-26 14:27:00,9.0,9.358067,9,0.3580665588378906
2025-11-26 14:28:00,9.0,9.3546915,9,0.3546915054321289
2025-11-26 14:29:00,9.0,9.30056,9,0.30055999755859375
2025-11-26 14:30:00,9.0,9.314463,9,0.31446266174316406
2025-11-26 14:31:00,9.0,9.277895,9,0.2778949737548828
2025-11-26 14:32:00,9.0,9.31673,9,0.3167295455932617
2025-11-26 14:33:00,9.0,9.318699,9,0.3186988830566406
2025-11-26 14:34:00,9.0,9.352695,9,0.3526954650878906
2025-11-26 14:35:00,9.0,9.358238,9,0.35823822021484375
2025-11-26 14:36:00,9.0,9.409739,9,0.40973854064941406
2025-11-26 14:37:00,9.0,9.3736315,9,0.37363147735595703
2025-11-26 14:38:00,9.0,9.4143505,9,0.4143505096435547
2025-11-26 14:39:00,9.0,9.257673,9,0.2576732635498047
2025-11-26 14:40:00,9.0,9.271272,9,0.2712717056274414
2025-11-26 14:41:00,9.0,9.252317,9,0.2523174285888672
2025-11-26 14:42:00,9.0,9.195246,9,0.19524574279785156
2025-11-26 14:43:00,9.0,9.284554,9,0.28455352783203125
2025-11-26 14:44:00,9.0,9.338245,9,0.3382453918457031
2025-11-26 14:45:00,9.0,9.352822,9,0.35282230377197266
2025-11-26 14:46:00,9.0,9.384081,9,0.3840808868408203
2025-11-26 14:47:00,9.0,9.265241,9,0.2652406692504883
2025-11-26 14:48:00,9.0,9.340025,9,0.3400249481201172
2025-11-26 14:49:00,9.0,9.293288,9,0.2932882308959961
2025-11-26 14:50:00,9.0,9.375829,9,0.37582874298095703
2025-11-26 14:51:00,9.0,9.353077,9,0.3530769348144531
2025-11-26 14:52:00,9.0,9.389053,9,0.3890533447265625
2025-11-26 14:53:00,9.0,9.286694,9,0.2866935729980469
2025-11-26 14:54:00,9.0,9.250593,9,0.2505931854248047
2025-11-26 14:55:00,9.0,9.221088,9,0.22108840942382812
2025-11-26 14:56:00,9.0,9.200129,9,0.20012855529785156
2025-11-26 14:57:00,9.0,9.328358,9,0.3283576965332031
2025-11-26 14:58:00,9.0,9.3384075,9,0.3384075164794922
2025-11-26 14:59:00,9.0,9.289794,9,0.2897939682006836
2025-11-26 15:00:00,9.0,9.257308,9,0.2573080062866211
2025-11-26 15:01:00,9.0,9.29029,9,0.29028987884521484
2025-11-26 15:02:00,9.0,9.311465,9,0.3114652633666992
2025-11-26 15:03:00,9.0,9.287282,9,0.28728199005126953
2025-11-26 15:04:00,9.0,9.34811,9,0.3481101989746094
2025-11-26 15:05:00,9.0,9.42178,9,0.4217796325683594
2025-11-26 15:06:00,9.0,9.363691,9,0.3636913299560547
2025-11-26 15:07:00,9.0,9.392779,9,0.3927793502807617
2025-11-26 15:08:00,9.0,9.386236,9,0.38623619079589844
2025-11-26 15:09:00,9.0,9.286473,9,0.28647327423095703
2025-11-26 15:10:00,9.0,9.317248,9,0.3172483444213867
2025-11-26 15:11:00,9.0,9.335558,9,0.3355579376220703
2025-11-26 15:12:00,9.0,9.399877,9,0.39987659454345703
2025-11-26 15:13:00,9.0,9.38896,9,0.3889598846435547
2025-11-26 15:14:00,9.0,9.226371,9,0.22637081146240234
2025-11-26 15:15:00,9.0,9.319715,9,0.3197145462036133
2025-11-26 15:16:00,9.0,9.272734,9,0.2727336883544922
2025-11-26 15:17:00,9.0,9.220483,9,0.22048282623291016
2025-11-26 15:18:00,9.0,9.265846,9,0.26584625244140625
2025-11-26 15:19:00,9.0,9.361104,9,0.36110401153564453
2025-11-26 15:20:00,9.0,9.311534,9,0.31153392791748047
2025-11-26 15:21:00,9.0,9.428516,9,0.4285163879394531
2025-11-26 15:22:00,9.0,9.393833,9,0.3938331604003906
2025-11-26 15:23:00,9.0,9.344215,9,0.34421539306640625
2025-11-26 15:24:00,9.0,9.32495,9,0.3249502182006836
2025-11-26 15:25:00,9.0,9.379801,9,0.37980079650878906
2025-11-26 15:26:00,9.0,9.391868,9,0.39186763763427734
2025-11-26 15:27:00,9.0,9.298681,9,0.29868125915527344
2025-11-26 15:28:00,9.0,9.231126,9,0.2311258316040039
2025-11-26 15:29:00,9.0,9.352323,9,0.3523225784301758
2025-11-26 15:30:00,9.0,9.35283,9,0.3528299331665039
2025-11-26 15:31:00,9.0,9.319559,9,0.31955909729003906
2025-11-26 15:32:00,9.0,9.392666,9,0.3926658630371094
2025-11-26 15:33:00,9.0,9.380626,9,0.38062572479248047
2025-11-26 15:34:00,9.0,9.363701,9,0.36370086669921875
2025-11-26 15:35:00,9.0,9.29356,9,0.2935600280761719
2025-11-26 15:36:00,9.0,9.387359,9,0.3873586654663086
2025-11-26 15:37:00,9.0,9.418743,9,0.4187431335449219
2025-11-26 15:38:00,9.0,9.312422,9,0.3124217987060547
2025-11-26 15:39:00,9.0,9.337588,9,0.3375883102416992
2025-11-26 15:40:00,9.0,9.375835,9,0.3758354187011719
2025-11-26 15:41:00,9.0,9.363719,9,0.36371898651123047
2025-11-26 15:42:00,9.0,9.376538,9,0.3765382766723633
2025-11-26 15:43:00,9.0,9.386705,9,0.3867053985595703
2025-11-26 15:44:00,9.0,9.371804,9,0.37180423736572266
2025-11-26 15:45:00,9.0,9.25274,9,0.25273990631103516
2025-11-26 15:46:00,9.0,9.311542,9,0.3115415573120117
2025-11-26 15:47:00,9.0,9.402435,9,0.402435302734375
2025-11-26 15:48:00,9.0,9.378716,9,0.37871646881103516
2025-11-26 15:49:00,9.0,9.4016,9,0.4015998840332031
2025-11-26 15:50:00,9.0,9.344722,9,0.34472179412841797
2025-11-26 15:51:00,9.0,9.382049,9,0.3820486068725586
2025-11-26 15:52:00,9.0,9.252272,9,0.2522716522216797
2025-11-26 15:53:00,9.0,9.353274,9,0.3532743453979492
2025-11-26 15:54:00,9.0,9.360206,9,0.36020565032958984
2025-11-26 15:55:00,9.0,9.357368,9,0.35736846923828125
2025-11-26 15:56:00,9.0,9.38276,9,0.38276004791259766
2025-11-26 15:57:00,9.0,9.362666,9,0.36266613006591797
2025-11-26 15:58:00,9.0,9.373748,9,0.3737478256225586
2025-11-26 15:59:00,9.0,9.361334,9,0.36133384704589844
2025-11-26 16:00:00,9.0,9.365949,9,0.3659486770629883
2025-11-26 16:01:00,9.0,9.316768,9,0.31676769256591797
2025-11-26 16:02:00,9.0,9.230004,9,0.23000431060791016
2025-11-26 16:03:00,9.0,9.240744,9,0.24074363708496094
2025-11-26 16:04:00,9.0,9.141652,9,0.14165210723876953
2025-11-26 16:05:00,9.0,9.2698345,9,0.2698345184326172
2025-11-26 16:06:00,9.0,9.231371,9,0.2313709259033203
2025-11-26 16:07:00,9.0,9.361911,9,0.3619108200073242
2025-11-26 16:08:00,9.0,9.323842,9,0.32384204864501953
2025-11-26 16:09:00,9.0,9.322155,9,0.3221549987792969
2025-11-26 16:10:00,9.0,9.363208,9,0.3632078170776367
2025-11-26 16:11:00,9.0,9.326727,9,0.32672691345214844
2025-11-26 16:12:00,9.0,9.270903,9,0.2709026336669922
2025-11-26 16:13:00,9.0,9.254353,9,0.2543525695800781
2025-11-26 16:14:00,9.0,9.228837,9,0.2288370132446289
2025-11-26 16:15:00,9.0,9.273543,9,0.2735433578491211
2025-11-26 16:16:00,9.0,9.347046,9,0.3470458984375
2025-11-26 16:17:00,9.0,9.384843,9,0.3848428726196289
2025-11-26 16:18:00,9.0,9.331309,9,0.33130931854248047
2025-11-26 16:19:00,9.0,9.401527,9,0.40152740478515625
2025-11-26 16:20:00,9.0,9.357137,9,0.35713672637939453
2025-11-26 16:21:00,9.0,9.401749,9,0.4017486572265625
2025-11-26 16:22:00,9.0,9.29886,9,0.2988595962524414
2025-11-26 16:23:00,9.0,9.307747,9,0.30774688720703125
2025-11-26 16:24:00,9.0,9.341142,9,0.3411417007446289
2025-11-26 16:25:00,9.0,9.455054,9,0.45505428314208984
2025-11-26 16:26:00,9.0,9.390866,9,0.3908662796020508
2025-11-26 16:27:00,9.0,9.328652,9,0.32865238189697266
2025-11-26 16:28:00,9.0,9.264319,9,0.26431941986083984
2025-11-26 16:29:00,9.0,9.283648,9,0.2836475372314453
2025-11-26 16:30:00,9.0,9.30895,9,0.30895042419433594
2025-11-26 16:31:00,9.0,9.3537,9,0.3536996841430664
2025-11-26 16:32:00,9.0,9.347414,9,0.3474140167236328
2025-11-26 16:33:00,9.0,9.322672,9,0.32267189025878906
2025-11-26 16:34:00,9.0,9.378505,9,0.37850475311279297
2025-11-26 16:35:00,9.0,9.436152,9,0.43615245819091797
2025-11-26 16:36:00,9.0,9.439748,9,0.43974781036376953
2025-11-26 16:37:00,9.0,9.334161,9,0.33416080474853516
2025-11-26 16:38:00,9.0,9.396604,9,0.3966035842895508
2025-11-26 16:39:00,9.0,9.266126,9,0.2661256790161133
2025-11-26 16:40:00,9.0,9.271881,9,0.271881103515625
2025-11-26 16:41:00,9.0,9.221943,9,0.22194290161132812
2025-11-26 16:42:00,9.0,9.26278,9,0.26278018951416016
2025-11-26 16:43:00,9.0,9.3438225,9,0.3438224792480469
2025-11-26 16:44:00,9.0,9.398482,9,0.3984823226928711
2025-11-26 16:45:00,9.0,9.377835,9,0.3778352737426758
2025-11-26 16:46:00,9.0,9.391869,9,0.39186859130859375
2025-11-26 16:47:00,9.0,9.353711,9,0.3537111282348633
2025-11-26 16:48:00,9.0,9.224063,9,0.22406291961669922
2025-11-26 16:49:00,9.0,9.160409,9,0.16040897369384766
2025-11-26 16:50:00,9.0,9.047581,9,0.047580718994140625
2025-11-26 16:51:00,9.0,9.147441,9,0.14744091033935547
2025-11-26 16:52:00,9.0,9.244253,9,0.24425315856933594
2025-11-26 16:53:00,9.0,9.282898,9,0.28289794921875
2025-11-26 16:54:00,9.0,9.250696,9,0.25069618225097656
2025-11-26 16:55:00,9.0,9.347329,9,0.34732913970947266
2025-11-26 16:56:00,9.0,9.338912,9,0.3389120101928711
2025-11-26 16:57:00,9.0,9.278157,9,0.27815723419189453
2025-11-26 16:58:00,9.0,9.195122,9,0.19512176513671875
2025-11-26 16:59:00,9.0,9.229066,9,0.2290658950805664
2025-11-26 17:00:00,9.0,9.101098,9,0.10109806060791016
2025-11-26 17:01:00,9.0,9.3133545,9,0.3133544921875
2025-11-26 17:02:00,9.0,9.344375,9,0.3443746566772461
2025-11-26 17:03:00,9.0,9.295968,9,0.29596805572509766
2025-11-26 17:04:00,9.0,9.32502,9,0.32501983642578125
2025-11-26 17:05:00,9.0,9.28545,9,0.2854499816894531
2025-11-26 17:06:00,9.0,9.275717,9,0.27571678161621094
2025-11-26 17:07:00,9.0,9.315933,9,0.3159332275390625
2025-11-26 17:08:00,9.0,9.242917,9,0.24291706085205078
2025-11-26 17:09:00,9.0,9.1317835,9,0.13178348541259766
2025-11-26 17:10:00,9.0,9.033212,9,0.033211708068847656
2025-11-26 17:11:00,9.0,9.189093,9,0.18909263610839844
2025-11-26 17:12:00,9.0,9.170792,9,0.1707916259765625
2025-11-26 17:13:00,9.0,9.137899,9,0.13789939880371094
2025-11-26 17:14:00,9.0,9.124679,9,0.1246786117553711
2025-11-26 17:15:00,9.0,9.1236105,9,0.1236104965209961
2025-11-26 17:16:00,9.0,9.2801895,9,0.28018951416015625
2025-11-26 17:17:00,9.0,9.200805,9,0.2008047103881836
2025-11-26 17:18:00,9.0,9.170995,9,0.17099475860595703
2025-11-26 17:19:00,9.0,9.231252,9,0.23125171661376953
2025-11-26 17:20:00,9.0,9.114208,9,0.11420822143554688
2025-11-26 17:21:00,9.0,9.21845,9,0.21844959259033203
2025-11-26 17:22:00,9.0,9.189627,9,0.18962669372558594
2025-11-26 17:23:00,9.0,9.237124,9,0.23712444305419922
2025-11-26 17:24:00,9.0,9.198,9,0.1979999542236328
2025-11-26 17:25:00,9.0,9.238922,9,0.238922119140625
2025-11-26 17:26:00,9.0,9.250728,9,0.25072765350341797
2025-11-26 17:27:00,9.0,9.281517,9,0.28151702880859375
2025-11-26 17:28:00,9.0,9.080972,9,0.08097171783447266
2025-11-26 17:29:00,9.0,9.230368,9,0.23036766052246094
2025-11-26 17:30:00,9.0,9.168426,9,0.1684255599975586
2025-11-26 17:31:00,9.0,9.191386,9,0.19138622283935547
2025-11-26 17:32:00,9.0,9.303177,9,0.3031768798828125
2025-11-26 17:33:00,9.0,9.283041,9,0.28304100036621094
2025-11-26 17:34:00,9.0,9.251072,9,0.2510719299316406
2025-11-26 17:35:00,9.0,9.232901,9,0.23290061950683594
2025-11-26 17:36:00,9.0,9.3140135,9,0.3140134811401367
2025-11-26 17:37:00,9.0,9.393646,9,0.393646240234375
2025-11-26 17:38:00,9.0,9.298086,9,0.29808616638183594
2025-11-26 17:39:00,9.0,9.271817,9,0.2718172073364258
2025-11-26 17:40:00,9.0,9.286914,9,0.2869138717651367
2025-11-26 17:41:00,9.0,9.284917,9,0.28491687774658203
2025-11-26 17:42:00,9.0,9.330241,9,0.33024120330810547
2025-11-26 17:43:00,9.0,9.351578,9,0.3515777587890625
2025-11-26 17:44:00,9.0,9.228556,9,0.22855567932128906
2025-11-26 17:45:00,9.0,9.251001,9,0.25100135803222656
2025-11-26 17:46:00,9.0,9.233363,9,0.23336315155029297
2025-11-26 17:47:00,9.0,9.196528,9,0.19652843475341797
2025-11-26 17:48:00,9.0,9.156906,9,0.1569061279296875
2025-11-26 17:49:00,9.0,9.136398,9,0.1363983154296875
2025-11-26 17:50:00,9.0,9.227229,9,0.22722911834716797
2025-11-26 17:51:00,9.0,9.177191,9,0.17719078063964844
2025-11-26 17:52:00,9.0,9.27592,9,0.27591991424560547
2025-11-26 17:53:00,9.0,9.177643,9,0.177642822265625
2025-11-26 17:54:00,9.0,9.096827,9,0.09682655334472656
2025-11-26 17:55:00,9.0,9.222397,9,0.2223968505859375
2025-11-26 17:56:00,9.0,9.226485,9,0.2264852523803711
2025-11-26 17:57:00,9.0,9.176504,9,0.17650413513183594
2025-11-26 17:58:00,9.0,9.158679,9,0.15867900848388672
2025-11-26 17:59:00,9.0,9.178928,9,0.17892837524414062
2025-11-26 18:00:00,9.0,9.252194,9,0.2521944046020508
2025-11-26 18:01:00,9.0,9.253635,9,0.2536354064941406
2025-11-26 18:02:00,9.0,9.2410555,9,0.24105548858642578
2025-11-26 18:03:00,7.0,9.129483,9,2.129483222961426
2025-11-26 18:04:00,7.0,9.107078,9,2.1070775985717773
2025-11-26 18:05:00,7.0,6.519269,7,-0.4807310104370117
2025-11-26 18:06:00,7.0,8.537663,9,1.537663459777832
2025-11-26 18:07:00,7.0,8.496347,8,1.496347427368164
2025-11-26 18:08:00,7.0,8.299987,8,1.2999868392944336
2025-11-26 18:09:00,7.0,7.7554064,8,0.755406379699707
2025-11-26 18:10:00,7.0,7.4889445,7,0.48894453048706055
2025-11-26 18:11:00,7.0,7.2912416,7,0.2912416458129883
2025-11-26 18:12:00,7.0,7.1658053,7,0.16580533981323242
2025-11-26 18:13:00,7.0,7.09823,7,0.09822988510131836
2025-11-26 18:14:00,7.0,6.9984355,7,-0.0015645027160644531
2025-11-26 18:15:00,7.0,7.071871,7,0.07187080383300781
2025-11-26 18:16:00,7.0,7.0254226,7,0.02542257308959961
2025-11-26 18:17:00,7.0,7.097025,7,0.09702491760253906
2025-11-26 18:18:00,7.0,7.174258,7,0.17425823211669922
2025-11-26 18:19:00,7.0,7.0735455,7,0.07354545593261719
2025-11-26 18:20:00,7.0,7.1072216,7,0.10722160339355469
2025-11-26 18:21:00,7.0,7.1292906,7,0.12929058074951172
2025-11-26 18:22:00,7.0,6.979804,7,-0.020195960998535156
2025-11-26 18:23:00,7.0,6.8946047,7,-0.10539531707763672
2025-11-26 18:24:00,7.0,6.865384,7,-0.13461589813232422
2025-11-26 18:25:00,7.0,6.917093,7,-0.08290719985961914
2025-11-26 18:26:00,7.0,6.867139,7,-0.13286113739013672
2025-11-26 18:27:00,7.0,6.948332,7,-0.05166816711425781
2025-11-26 18:28:00,7.0,6.9424834,7,-0.05751657485961914
2025-11-26 18:29:00,7.0,6.906788,7,-0.09321212768554688
2025-11-26 18:30:00,7.0,6.818959,7,-0.18104076385498047
2025-11-26 18:31:00,7.0,6.83396,7,-0.16603994369506836
2025-11-26 18:32:00,7.0,6.8218365,7,-0.1781635284423828
2025-11-26 18:33:00,7.0,6.877234,7,-0.12276601791381836
2025-11-26 18:34:00,7.0,6.8701477,7,-0.129852294921875
2025-11-26 18:35:00,7.0,6.853796,7,-0.14620399475097656
2025-11-26 18:36:00,7.0,6.911018,7,-0.08898210525512695
2025-11-26 18:37:00,7.0,6.968715,7,-0.03128480911254883
2025-11-26 18:38:00,7.0,6.835953,7,-0.1640467643737793
2025-11-26 18:39:00,7.0,6.860265,7,-0.13973522186279297
2025-11-26 18:40:00,7.0,6.995,7,-0.005000114440917969
2025-11-26 18:41:00,7.0,6.781437,7,-0.21856307983398438
2025-11-26 18:42:00,7.0,6.9633784,7,-0.0366215705871582
2025-11-26 18:43:00,7.0,7.007915,7,0.007915019989013672
2025-11-26 18:44:00,7.0,6.9863505,7,-0.013649463653564453
2025-11-26 18:45:00,7.0,6.9056015,7,-0.09439849853515625
2025-11-26 18:46:00,7.0,7.090799,7,0.09079885482788086
2025-11-26 18:47:00,7.0,7.052346,7,0.052346229553222656
2025-11-26 18:48:00,7.0,6.967375,7,-0.03262519836425781
2025-11-26 18:49:00,7.0,6.9614906,7,-0.038509368896484375
2025-11-26 18:50:00,7.0,6.949127,7,-0.050872802734375
2025-11-26 18:51:00,7.0,6.9794097,7,-0.02059030532836914
2025-11-26 18:52:00,7.0,6.965624,7,-0.03437614440917969
2025-11-26 18:53:00,7.0,7.0234017,7,0.023401737213134766
2025-11-26 18:54:00,7.0,6.877746,7,-0.1222538948059082
2025-11-26 18:55:00,7.0,6.940519,7,-0.059481143951416016
2025-11-26 18:56:00,7.0,7.1336513,7,0.1336512565612793
2025-11-26 18:57:00,7.0,6.9348464,7,-0.06515359878540039
2025-11-26 18:58:00,7.0,6.9810333,7,-0.0189666748046875
2025-11-26 18:59:00,7.0,6.9606514,7,-0.039348602294921875
2025-11-26 19:00:00,7.0,6.766438,7,-0.23356199264526367
2025-11-26 19:01:00,7.0,6.950153,7,-0.04984712600708008
2025-11-26 19:02:00,7.0,6.9980617,7,-0.0019383430480957031
2025-11-26 19:03:00,7.0,6.9628744,7,-0.037125587463378906
2025-11-26 19:04:00,7.0,6.8632812,7,-0.13671875
2025-11-26 19:05:00,5.0,6.6510525,7,1.651052474975586
2025-11-26 19:06:00,5.0,6.5313153,7,1.5313153266906738
2025-11-26 19:07:00,5.0,5.337284,5,0.3372840881347656
2025-11-26 19:08:00,5.0,5.6323404,6,0.6323404312133789
2025-11-26 19:09:00,5.0,5.597209,6,0.5972089767456055
2025-11-26 19:10:00,5.0,5.5130053,6,0.513005256652832
2025-11-26 19:11:00,5.0,5.351238,5,0.35123777389526367
2025-11-26 19:12:00,5.0,5.369131,5,0.36913108825683594
2025-11-26 19:13:00,5.0,5.378948,5,0.3789482116699219
2025-11-26 19:14:00,5.0,5.388249,5,0.38824892044067383
2025-11-26 19:15:00,5.0,5.305591,5,0.3055911064147949
2025-11-26 19:16:00,5.0,5.2133145,5,0.21331453323364258
2025-11-26 19:17:00,5.0,5.370239,5,0.3702387809753418
2025-11-26 19:18:00,5.0,5.3184967,5,0.3184967041015625
2025-11-26 19:19:00,5.0,5.447622,5,0.44762182235717773
2025-11-26 19:20:00,5.0,5.452769,5,0.45276880264282227
2025-11-26 19:21:00,5.0,5.428998,5,0.4289979934692383
2025-11-26 19:22:00,5.0,5.4212666,5,0.4212665557861328
2025-11-26 19:23:00,5.0,5.465463,5,0.46546316146850586
2025-11-26 19:24:00,5.0,5.4714,5,0.47139978408813477
2025-11-26 19:25:00,5.0,5.3842015,5,0.3842015266418457
2025-11-26 19:26:00,5.0,5.305406,5,0.3054060935974121
2025-11-26 19:27:00,5.0,5.2975254,5,0.29752540588378906
2025-11-26 19:28:00,5.0,5.340009,5,0.3400092124938965
2025-11-26 19:29:00,5.0,5.3624024,5,0.36240243911743164
2025-11-26 19:30:00,5.0,5.2860117,5,0.2860116958618164
2025-11-26 19:31:00,5.0,5.3541083,5,0.3541083335876465
2025-11-26 19:32:00,5.0,5.3856225,5,0.385622501373291
2025-11-26 19:33:00,5.0,5.319084,5,0.31908416748046875
2025-11-26 19:34:00,5.0,5.3116755,5,0.3116755485534668
2025-11-26 19:35:00,5.0,5.365219,5,0.3652191162109375
2025-11-26 19:36:00,5.0,5.4038715,5,0.4038715362548828
2025-11-26 19:37:00,5.0,5.377416,5,0.37741613388061523
2025-11-26 19:38:00,5.0,5.3228965,5,0.32289648056030273
2025-11-26 19:39:00,5.0,5.342322,5,0.34232187271118164
2025-11-26 19:40:00,5.0,5.3111362,5,0.31113624572753906
2025-11-26 19:41:00,5.0,5.349627,5,0.3496270179748535
2025-11-26 19:42:00,5.0,5.3092923,5,0.3092923164367676
2025-11-26 19:43:00,5.0,5.341363,5,0.34136295318603516
2025-11-26 19:44:00,5.0,5.218483,5,0.21848297119140625
2025-11-26 19:45:00,5.0,5.214626,5,0.21462583541870117
2025-11-26 19:46:00,5.0,5.2600565,5,0.2600564956665039
2025-11-26 19:47:00,5.0,5.1977024,5,0.19770240783691406
2025-11-26 19:48:00,5.0,5.2392807,5,0.23928070068359375
2025-11-26 19:49:00,5.0,5.227953,5,0.2279529571533203
2025-11-26 19:50:00,5.0,5.191179,5,0.1911787986755371
2025-11-26 19:51:00,5.0,5.2108955,5,0.21089553833007812
2025-11-26 19:52:00,5.0,5.176,5,0.17600011825561523
2025-11-26 19:53:00,5.0,5.183461,5,0.18346118927001953
2025-11-26 19:54:00,5.0,5.286135,5,0.286135196685791
2025-11-26 19:55:00,5.0,5.147027,5,0.14702701568603516
2025-11-26 19:56:00,5.0,5.136185,5,0.1361851692199707
2025-11-26 19:57:00,3.0,5.182364,5,2.182363986968994
2025-11-26 19:58:00,3.0,5.06483,5,2.0648298263549805
2025-11-26 19:59:00,3.0,3.923321,4,0.923321008682251
2025-11-26 20:00:00,3.0,4.037287,4,1.0372872352600098
2025-11-26 20:01:00,3.0,3.9735873,4,0.9735872745513916
2025-11-26 20:02:00,3.0,3.6671128,4,0.6671128273010254
2025-11-26 20:03:00,3.0,3.525833,4,0.5258328914642334
2025-11-26 20:04:00,3.0,3.380719,3,0.3807189464569092
2025-11-26 20:05:00,3.0,3.4472423,3,0.44724225997924805
2025-11-26 20:06:00,3.0,3.386234,3,0.3862340450286865
2025-11-26 20:07:00,3.0,3.3363228,3,0.3363227844238281
2025-11-26 20:08:00,3.0,3.2353938,3,0.23539376258850098
2025-11-26 20:09:00,3.0,3.2794588,3,0.27945876121520996
2025-11-26 20:10:00,3.0,3.1916704,3,0.19167041778564453
2025-11-26 20:11:00,3.0,3.152253,3,0.1522529125213623
2025-11-26 20:12:00,3.0,3.073263,3,0.07326292991638184
2025-11-26 20:13:00,3.0,3.213192,3,0.21319198608398438
2025-11-26 20:14:00,3.0,3.1682563,3,0.16825628280639648
2025-11-26 20:15:00,3.0,3.3578165,3,0.3578164577484131
2025-11-26 20:16:00,3.0,3.1045983,3,0.1045982837677002
2025-11-26 20:17:00,3.0,3.1778135,3,0.17781352996826172
2025-11-26 20:18:00,3.0,3.1228068,3,0.12280678749084473
2025-11-26 20:19:00,3.0,3.1352093,3,0.135209321975708
2025-11-26 20:20:00,3.0,3.0808382,3,0.08083820343017578
2025-11-26 20:21:00,3.0,3.1127806,3,0.11278057098388672
2025-11-26 20:22:00,3.0,3.1155841,3,0.11558413505554199
2025-11-26 20:23:00,3.0,3.1256125,3,0.12561249732971191
2025-11-26 20:24:00,3.0,3.1889873,3,0.18898725509643555
2025-11-26 20:25:00,3.0,3.1577697,3,0.15776968002319336
2025-11-26 20:26:00,3.0,3.1226573,3,0.12265729904174805
2025-11-26 20:27:00,3.0,3.2068202,3,0.20682024955749512
2025-11-26 20:28:00,3.0,3.1948714,3,0.1948714256286621
2025-11-26 20:29:00,3.0,3.1102126,3,0.11021256446838379
2025-11-26 20:30:00,3.0,3.0945961,3,0.09459614753723145
2025-11-26 20:31:00,3.0,3.1554615,3,0.15546154975891113
2025-11-26 20:32:00,3.0,3.1239443,3,0.12394428253173828
2025-11-26 20:33:00,3.0,3.1494312,3,0.1494312286376953
2025-11-26 20:34:00,3.0,3.1746504,3,0.1746504306793213
2025-11-26 20:35:00,3.0,3.1976273,3,0.19762730598449707
2025-11-26 20:36:00,3.0,3.143121,3,0.14312100410461426
2025-11-26 20:37:00,3.0,3.108186,3,0.10818600654602051
2025-11-26 20:38:00,3.0,3.109744,3,0.10974407196044922
2025-11-26 20:39:00,3.0,3.119488,3,0.11948800086975098
2025-11-26 20:40:00,3.0,3.127125,3,0.12712502479553223
2025-11-26 20:41:00,3.0,3.0198236,3,0.019823551177978516
2025-11-26 20:42:00,3.0,3.0729535,3,0.07295346260070801
2025-11-26 20:43:00,3.0,3.1178815,3,0.11788153648376465
2025-11-26 20:44:00,3.0,3.0973136,3,0.09731364250183105
2025-11-26 20:45:00,3.0,3.1070952,3,0.10709524154663086
2025-11-26 20:46:00,3.0,3.0828702,3,0.0828702449798584
2025-11-26 20:47:00,3.0,3.014021,3,0.014020919799804688
2025-11-26 20:48:00,3.0,3.017596,3,0.017596006393432617
2025-11-26 20:49:00,3.0,3.043811,3,0.04381108283996582
2025-11-26 20:50:00,3.0,3.058452,3,0.05845189094543457
2025-11-26 20:51:00,3.0,3.086974,3,0.08697390556335449
2025-11-26 20:52:00,3.0,2.993518,3,-0.00648188591003418
2025-11-26 20:53:00,3.0,3.0452554,3,0.045255422592163086
2025-11-26 20:54:00,3.0,3.1244633,3,0.12446331977844238
2025-11-26 20:55:00,3.0,3.0811596,3,0.08115959167480469
2025-11-26 20:56:00,3.0,3.1528819,3,0.15288186073303223
2025-11-26 20:57:00,3.0,3.0180585,3,0.01805853843688965
2025-11-26 20:58:00,3.0,3.0205126,3,0.02051258087158203
2025-11-26 20:59:00,3.0,3.0308254,3,0.030825376510620117
2025-11-26 21:00:00,3.0,3.0521734,3,0.05217337608337402
2025-11-26 21:01:00,3.0,3.0191548,3,0.019154787063598633
2025-11-26 21:02:00,3.0,3.0772285,3,0.07722854614257812
2025-11-26 21:03:00,3.0,3.0980902,3,0.09809017181396484
2025-11-26 21:04:00,3.0,3.0782459,3,0.07824587821960449
2025-11-26 21:05:00,3.0,3.0834045,3,0.083404541015625
2025-11-26 21:06:00,3.0,3.046039,3,0.04603910446166992
2025-11-26 21:07:00,3.0,3.0685961,3,0.06859612464904785
2025-11-26 21:08:00,3.0,3.0355191,3,0.03551912307739258
2025-11-26 21:09:00,3.0,3.0461974,3,0.04619741439819336
2025-11-26 21:10:00,3.0,3.1124964,3,0.11249637603759766
2025-11-26 21:11:00,3.0,3.117973,3,0.11797308921813965
2025-11-26 21:12:00,3.0,3.1004572,3,0.10045719146728516
2025-11-26 21:13:00,3.0,3.2241025,3,0.22410249710083008
2025-11-26 21:14:00,3.0,3.201235,3,0.20123505592346191
2025-11-26 21:15:00,3.0,3.2480967,3,0.24809670448303223
2025-11-26 21:16:00,3.0,3.1329017,3,0.13290166854858398
2025-11-26 21:17:00,3.0,3.1378162,3,0.1378161907196045
2025-11-26 21:18:00,3.0,3.088784,3,0.08878397941589355
2025-11-26 21:19:00,3.0,3.186793,3,0.18679308891296387
2025-11-26 21:20:00,3.0,3.0680299,3,0.06802988052368164
2025-11-26 21:21:00,3.0,3.2228715,3,0.2228715419769287
2025-11-26 21:22:00,3.0,3.1691988,3,0.16919875144958496
2025-11-26 21:23:00,3.0,3.1196876,3,0.11968755722045898
2025-11-26 21:24:00,3.0,3.12583,3,0.12582993507385254
2025-11-26 21:25:00,3.0,3.142599,3,0.14259910583496094
2025-11-26 21:26:00,3.0,3.1759713,3,0.17597126960754395
2025-11-26 21:27:00,3.0,3.131456,3,0.1314558982849121
2025-11-26 21:28:00,3.0,3.2367313,3,0.23673129081726074
2025-11-26 21:29:00,3.0,3.2439723,3,0.2439723014831543
2025-11-26 21:30:00,3.0,3.2997673,3,0.29976725578308105
2025-11-26 21:31:00,3.0,3.2999067,3,0.29990673065185547
2025-11-26 21:32:00,3.0,3.2459462,3,0.24594616889953613
2025-11-26 21:33:00,3.0,3.2360039,3,0.23600387573242188
2025-11-26 21:34:00,3.0,3.1871514,3,0.18715143203735352
2025-11-26 21:35:00,3.0,3.2865214,3,0.28652143478393555
2025-11-26 21:36:00,3.0,3.216927,3,0.21692705154418945
2025-11-26 21:37:00,3.0,3.2538393,3,0.25383925437927246
2025-11-26 21:38:00,3.0,3.1653752,3,0.1653752326965332
2025-11-26 21:39:00,3.0,3.2427564,3,0.24275636672973633
2025-11-26 21:40:00,3.0,3.1553524,3,0.15535235404968262
2025-11-26 21:41:00,3.0,3.1341374,3,0.13413739204406738
2025-11-26 21:42:00,3.0,3.2101073,3,0.21010732650756836
2025-11-26 21:43:00,3.0,3.2425492,3,0.24254918098449707
2025-11-26 21:44:00,3.0,3.3236768,3,0.32367682456970215
2025-11-26 21:45:00,3.0,3.2349463,3,0.23494625091552734
2025-11-26 21:46:00,3.0,3.2825685,3,0.28256845474243164
2025-11-26 21:47:00,3.0,3.1326933,3,0.13269329071044922
2025-11-26 21:48:00,3.0,3.1091676,3,0.10916757583618164
2025-11-26 21:49:00,3.0,3.1131322,3,0.11313223838806152
2025-11-26 21:50:00,3.0,3.1029,3,0.10290002822875977
2025-11-26 21:51:00,3.0,3.3283412,3,0.3283412456512451
2025-11-26 21:52:00,4.0,3.5886033,4,-0.41139674186706543
2025-11-26 21:53:00,5.0,3.9729862,4,-1.0270137786865234
2025-11-26 21:54:00,6.0,5.0944824,5,-0.905517578125
2025-11-26 21:55:00,6.0,5.436802,5,-0.5631980895996094
2025-11-26 21:56:00,6.0,5.982447,6,-0.017552852630615234
2025-11-26 21:57:00,6.0,5.6662707,6,-0.33372926712036133
2025-11-26 21:58:00,6.0,5.8326645,6,-0.16733551025390625
2025-11-26 21:59:00,6.0,5.863982,6,-0.1360177993774414
2025-11-26 22:00:00,6.0,5.755842,6,-0.2441577911376953
2025-11-26 22:01:00,6.0,5.610869,6,-0.3891310691833496
2025-11-26 22:02:00,6.0,5.6185303,6,-0.3814697265625
2025-11-26 22:03:00,6.0,5.650362,6,-0.3496379852294922
2025-11-26 22:04:00,6.0,5.9074,6,-0.09259986877441406
2025-11-26 22:05:00,6.0,6.0552754,6,0.05527544021606445
2025-11-26 22:06:00,6.0,5.8610272,6,-0.13897275924682617
2025-11-26 22:07:00,6.0,5.931664,6,-0.06833600997924805
2025-11-26 22:08:00,6.0,6.024861,6,0.024860858917236328
2025-11-26 22:09:00,6.0,5.9761844,6,-0.023815631866455078
2025-11-26 22:10:00,6.0,5.8356867,6,-0.16431331634521484
2025-11-26 22:11:00,6.0,5.912803,6,-0.08719682693481445
2025-11-26 22:12:00,6.0,5.7783475,6,-0.22165250778198242
2025-11-26 22:13:00,6.0,5.7551975,6,-0.24480247497558594
2025-11-26 22:14:00,6.0,5.837659,6,-0.16234111785888672
2025-11-26 22:15:00,6.0,5.788148,6,-0.2118520736694336
2025-11-26 22:16:00,6.0,5.714537,6,-0.2854628562927246
2025-11-26 22:17:00,6.0,5.861447,6,-0.13855314254760742
2025-11-26 22:18:00,6.0,5.734837,6,-0.26516294479370117
2025-11-26 22:19:00,6.0,5.746568,6,-0.2534317970275879
2025-11-26 22:20:00,6.0,5.8283353,6,-0.17166471481323242
2025-11-26 22:21:00,6.0,5.816798,6,-0.18320178985595703
2025-11-26 22:22:00,6.0,5.612688,6,-0.3873119354248047
2025-11-26 22:23:00,6.0,5.6225486,6,-0.37745141983032227
2025-11-26 22:24:00,6.0,5.6436725,6,-0.35632753372192383
2025-11-26 22:25:00,6.0,5.6956005,6,-0.3043994903564453
2025-11-26 22:26:00,6.0,5.7292237,6,-0.27077627182006836
2025-11-26 22:27:00,6.0,5.7557344,6,-0.24426555633544922
2025-11-26 22:28:00,6.0,5.773177,6,-0.2268228530883789
2025-11-26 22:29:00,6.0,5.7245493,6,-0.2754507064819336
2025-11-26 22:30:00,6.0,5.6940365,6,-0.30596351623535156
2025-11-26 22:31:00,6.0,5.6233315,6,-0.37666845321655273
2025-11-26 22:32:00,6.0,5.7709084,6,-0.22909164428710938
2025-11-26 22:33:00,6.0,5.7460704,6,-0.25392961502075195
2025-11-26 22:34:00,6.0,5.8269506,6,-0.1730494499206543
2025-11-26 22:35:00,6.0,5.7742243,6,-0.22577571868896484
2025-11-26 22:36:00,6.0,5.8641577,6,-0.13584232330322266
2025-11-26 22:37:00,6.0,5.753391,6,-0.24660921096801758
2025-11-26 22:38:00,6.0,5.7124376,6,-0.28756237030029297
2025-11-26 22:39:00,6.0,5.6662498,6,-0.33375024795532227
2025-11-26 22:40:00,6.0,5.697934,6,-0.3020658493041992
2025-11-26 22:41:00,6.0,5.8325777,6,-0.16742229461669922
2025-11-26 22:42:00,6.0,5.700887,6,-0.29911279678344727
2025-11-26 22:43:00,6.0,5.72311,6,-0.2768898010253906
2025-11-26 22:44:00,6.0,5.753121,6,-0.24687910079956055
2025-11-26 22:45:00,6.0,5.7970996,6,-0.20290040969848633
2025-11-26 22:46:00,6.0,5.612348,6,-0.3876519203186035
2025-11-26 22:47:00,6.0,5.712774,6,-0.28722620010375977
2025-11-26 22:48:00,6.0,5.7417574,6,-0.2582426071166992
2025-11-26 22:49:00,6.0,5.818236,6,-0.1817641258239746
2025-11-26 22:50:00,6.0,5.8521338,6,-0.14786624908447266
2025-11-26 22:51:00,6.0,5.8273478,6,-0.1726522445678711
2025-11-26 22:52:00,6.0,5.7640195,6,-0.23598051071166992
2025-11-26 22:53:00,6.0,5.784818,6,-0.21518182754516602
2025-11-26 22:54:00,6.0,5.816772,6,-0.1832280158996582
2025-11-26 22:55:00,6.0,5.9182553,6,-0.08174467086791992
2025-11-26 22:56:00,6.0,5.855582,6,-0.14441776275634766
2025-11-26 22:57:00,6.0,5.900957,6,-0.09904289245605469
2025-11-26 22:58:00,6.0,5.7968335,6,-0.20316648483276367
2025-11-26 22:59:00,6.0,5.891044,6,-0.10895586013793945
2025-11-26 23:00:00,6.0,5.7546496,6,-0.24535036087036133
2025-11-26 23:01:00,6.0,5.625044,6,-0.3749561309814453
2025-11-26 23:02:00,6.0,5.6281953,6,-0.37180471420288086
2025-11-26 23:03:00,6.0,5.7283015,6,-0.2716984748840332
2025-11-26 23:04:00,6.0,5.626763,6,-0.37323713302612305
2025-11-26 23:05:00,6.0,5.6935043,6,-0.30649566650390625
2025-11-26 23:06:00,6.0,5.6799855,6,-0.32001447677612305
2025-11-26 23:07:00,6.0,5.6822968,6,-0.3177032470703125
2025-11-26 23:08:00,6.0,5.609104,6,-0.3908958435058594
2025-11-26 23:09:00,6.0,5.6209464,6,-0.37905359268188477
2025-11-26 23:10:00,6.0,5.6156783,6,-0.3843216896057129
2025-11-26 23:11:00,6.0,5.662336,6,-0.3376641273498535
2025-11-26 23:12:00,6.0,5.713425,6,-0.2865748405456543
2025-11-26 23:13:00,6.0,5.7139025,6,-0.28609752655029297
2025-11-26 23:14:00,6.0,5.8105392,6,-0.18946075439453125
2025-11-26 23:15:00,6.0,5.653853,6,-0.3461470603942871
2025-11-26 23:16:00,6.0,5.806987,6,-0.19301319122314453
2025-11-26 23:17:00,6.0,5.710476,6,-0.2895240783691406
2025-11-26 23:18:00,6.0,5.70568,6,-0.29432010650634766
2025-11-26 23:19:00,6.0,5.7295513,6,-0.2704486846923828
2025-11-26 23:20:00,6.0,5.7002134,6,-0.2997865676879883
2025-11-26 23:21:00,6.0,5.6204567,6,-0.3795433044433594
2025-11-26 23:22:00,6.0,5.63785,6,-0.3621501922607422
2025-11-26 23:23:00,6.0,5.645434,6,-0.3545660972595215
2025-11-26 23:24:00,6.0,5.690395,6,-0.30960512161254883
2025-11-26 23:25:00,6.0,5.622286,6,-0.3777141571044922
2025-11-26 23:26:00,6.0,5.613544,6,-0.3864560127258301
2025-11-26 23:27:00,6.0,5.610111,6,-0.3898887634277344
2025-11-26 23:28:00,4.0,5.6304507,6,1.63045072555542
2025-11-26 23:29:00,4.0,5.6083584,6,1.608358383178711
2025-11-26 23:30:00,4.0,4.809645,5,0.8096451759338379
2025-11-26 23:31:00,4.0,5.3523045,5,1.352304458618164
2025-11-26 23:32:00,4.0,5.2266293,5,1.2266292572021484
2025-11-26 23:33:00,4.0,4.9807715,5,0.980771541595459
2025-11-26 23:34:00,4.0,4.804087,5,0.8040871620178223
2025-11-26 23:35:00,4.0,4.7738357,5,0.7738356590270996
2025-11-26 23:36:00,4.0,4.690165,5,0.6901650428771973
2025-11-26 23:37:00,4.0,4.6548896,5,0.6548895835876465
2025-11-26 23:38:00,4.0,4.5960474,5,0.5960474014282227
2025-11-26 23:39:00,4.0,4.4696455,4,0.46964550018310547
2025-11-26 23:40:00,4.0,4.4303684,4,0.43036842346191406
2025-11-26 23:41:00,4.0,4.429153,4,0.4291529655456543
2025-11-26 23:42:00,4.0,4.4006863,4,0.40068626403808594
2025-11-26 23:43:00,4.0,4.361281,4,0.3612809181213379
2025-11-26 23:44:00,4.0,4.282503,4,0.2825031280517578
2025-11-26 23:45:00,4.0,4.335312,4,0.3353118896484375
2025-11-26 23:46:00,4.0,4.3176794,4,0.31767940521240234
2025-11-26 23:47:00,4.0,4.3543997,4,0.3543996810913086
2025-11-26 23:48:00,4.0,4.477859,4,0.4778590202331543
2025-11-26 23:49:00,4.0,4.381607,4,0.3816070556640625
2025-11-26 23:50:00,4.0,4.358846,4,0.35884618759155273
2025-11-26 23:51:00,4.0,4.4442787,4,0.4442787170410156
2025-11-26 23:52:00,4.0,4.3577743,4,0.3577742576599121
2025-11-26 23:53:00,4.0,4.327658,4,0.32765817642211914
2025-11-26 23:54:00,4.0,4.311696,4,0.31169605255126953
2025-11-26 23:55:00,4.0,4.362559,4,0.36255884170532227
2025-11-26 23:56:00,4.0,4.336079,4,0.33607912063598633
2025-11-26 23:57:00,4.0,4.3804603,4,0.380460262298584
2025-11-26 23:58:00,4.0,4.384363,4,0.38436317443847656
2025-11-26 23:59:00,4.0,4.303738,4,0.3037381172180176
2025-11-27 00:00:00,4.0,4.3162484,4,0.31624841690063477
2025-11-27 00:01:00,4.0,4.209706,4,0.20970582962036133
2025-11-27 00:02:00,4.0,4.293583,4,0.2935829162597656
2025-11-27 00:03:00,4.0,4.3551497,4,0.3551497459411621
2025-11-27 00:04:00,4.0,4.2889695,4,0.2889695167541504
2025-11-27 00:05:00,4.0,4.314343,4,0.3143429756164551
2025-11-27 00:06:00,4.0,4.304056,4,0.30405616760253906
2025-11-27 00:07:00,4.0,4.233799,4,0.23379898071289062
2025-11-27 00:08:00,4.0,4.185908,4,0.18590784072875977
2025-11-27 00:09:00,4.0,4.056343,4,0.05634307861328125
2025-11-27 00:10:00,4.0,4.1189613,4,0.11896133422851562
2025-11-27 00:11:00,4.0,4.2110972,4,0.21109724044799805
2025-11-27 00:12:00,4.0,4.3088546,4,0.3088545799255371
2025-11-27 00:13:00,4.0,4.24937,4,0.24937009811401367
2025-11-27 00:14:00,4.0,4.319884,4,0.3198838233947754
2025-11-27 00:15:00,4.0,3.8987982,4,-0.10120177268981934
2025-11-27 00:16:00,4.0,4.2288713,4,0.22887134552001953
2025-11-27 00:17:00,4.0,4.257034,4,0.2570338249206543
2025-11-27 00:18:00,4.0,4.300746,4,0.30074596405029297
2025-11-27 00:19:00,4.0,4.2939944,4,0.2939944267272949
2025-11-27 00:20:00,4.0,4.1881638,4,0.18816375732421875
2025-11-27 00:21:00,4.0,4.2526326,4,0.25263261795043945
2025-11-27 00:22:00,4.0,4.3960323,4,0.39603233337402344
2025-11-27 00:23:00,4.0,4.4264274,4,0.42642736434936523
2025-11-27 00:24:00,4.0,4.4106717,4,0.4106717109680176
2025-11-27 00:25:00,4.0,4.385744,4,0.3857440948486328
2025-11-27 00:26:00,4.0,4.2909164,4,0.29091644287109375
2025-11-27 00:27:00,4.0,4.3786216,4,0.37862157821655273
2025-11-27 00:28:00,4.0,4.254012,4,0.2540121078491211
2025-11-27 00:29:00,4.0,4.3020015,4,0.3020014762878418
2025-11-27 00:30:00,4.0,4.2032027,4,0.2032027244567871
2025-11-27 00:31:00,4.0,4.2417517,4,0.24175167083740234
2025-11-27 00:32:00,4.0,4.30991,4,0.3099098205566406
2025-11-27 00:33:00,4.0,4.26109,4,0.2610898017883301
2025-11-27 00:34:00,4.0,4.2709756,4,0.27097558975219727
2025-11-27 00:35:00,4.0,4.315784,4,0.3157839775085449
2025-11-27 00:36:00,4.0,4.233883,4,0.23388290405273438
2025-11-27 00:37:00,4.0,4.3726144,4,0.37261438369750977
2025-11-27 00:38:00,4.0,4.2250166,4,0.22501659393310547
2025-11-27 00:39:00,4.0,4.224747,4,0.2247471809387207
2025-11-27 00:40:00,4.0,4.2469234,4,0.24692344665527344
2025-11-27 00:41:00,4.0,4.229712,4,0.22971200942993164
2025-11-27 00:42:00,4.0,4.184468,4,0.18446779251098633
2025-11-27 00:43:00,4.0,4.3421683,4,0.34216833114624023
2025-11-27 00:44:00,4.0,4.2038274,4,0.2038273811340332
2025-11-27 00:45:00,4.0,4.329947,4,0.32994699478149414
2025-11-27 00:46:00,4.0,4.221202,4,0.22120189666748047
2025-11-27 00:47:00,4.0,4.2376018,4,0.23760175704956055
2025-11-27 00:48:00,4.0,4.1941867,4,0.19418668746948242
2025-11-27 00:49:00,4.0,4.319377,4,0.31937694549560547
2025-11-27 00:50:00,4.0,4.386485,4,0.38648509979248047
2025-11-27 00:51:00,4.0,4.170046,4,0.1700458526611328
2025-11-27 00:52:00,4.0,4.2479763,4,0.24797630310058594
2025-11-27 00:53:00,4.0,4.3123965,4,0.3123965263366699
2025-11-27 00:54:00,4.0,4.3508754,4,0.3508753776550293
2025-11-27 00:55:00,4.0,4.456706,4,0.45670604705810547
2025-11-27 00:56:00,4.0,4.42652,4,0.42651987075805664
2025-11-27 00:57:00,4.0,4.2829366,4,0.28293657302856445
2025-11-27 00:58:00,4.0,4.3361173,4,0.3361172676086426
2025-11-27 00:59:00,4.0,4.2839074,4,0.283907413482666
2025-11-27 01:00:00,4.0,4.3657546,4,0.3657546043395996
2025-11-27 01:01:00,4.0,4.2208214,4,0.22082138061523438
2025-11-27 01:02:00,4.0,4.009613,4,0.009613037109375
2025-11-27 01:03:00,4.0,4.2771335,4,0.2771334648132324
2025-11-27 01:04:00,4.0,4.3108764,4,0.31087636947631836
2025-11-27 01:05:00,4.0,4.176585,4,0.17658519744873047
2025-11-27 01:06:00,4.0,4.2857404,4,0.28574037551879883
2025-11-27 01:07:00,4.0,4.316692,4,0.31669187545776367
2025-11-27 01:08:00,4.0,4.3082314,4,0.3082313537597656
2025-11-27 01:09:00,4.0,4.243547,4,0.2435469627380371
2025-11-27 01:10:00,4.0,4.209675,4,0.20967483520507812
2025-11-27 01:11:00,4.0,4.219548,4,0.21954822540283203
2025-11-27 01:12:00,4.0,4.307097,4,0.3070969581604004
2025-11-27 01:13:00,4.0,4.157012,4,0.1570119857788086
2025-11-27 01:14:00,4.0,4.2304115,4,0.23041152954101562
2025-11-27 01:15:00,4.0,4.1352406,4,0.1352405548095703
2025-11-27 01:16:00,4.0,4.1799397,4,0.17993974685668945
2025-11-27 01:17:00,4.0,3.9531589,4,-0.04684114456176758
2025-11-27 01:18:00,4.0,4.097257,4,0.09725713729858398
2025-11-27 01:19:00,4.0,4.202738,4,0.20273780822753906
2025-11-27 01:20:00,4.0,4.191198,4,0.19119787216186523
2025-11-27 01:21:00,4.0,4.2511487,4,0.25114870071411133
2025-11-27 01:22:00,4.0,4.1393228,4,0.13932275772094727
2025-11-27 01:23:00,4.0,4.143619,4,0.14361906051635742
2025-11-27 01:24:00,4.0,4.1761975,4,0.17619752883911133
2025-11-27 01:25:00,4.0,4.1395636,4,0.13956356048583984
2025-11-27 01:26:00,4.0,4.2334785,4,0.23347854614257812
2025-11-27 01:27:00,4.0,4.1733727,4,0.17337274551391602
2025-11-27 01:28:00,4.0,4.286328,4,0.2863278388977051
2025-11-27 01:29:00,4.0,4.1614933,4,0.16149330139160156
2025-11-27 01:30:00,4.0,4.1194057,4,0.11940574645996094
2025-11-27 01:31:00,4.0,3.965997,4,-0.03400301933288574
2025-11-27 01:32:00,4.0,4.0115976,4,0.011597633361816406
2025-11-27 01:33:00,4.0,4.0656796,4,0.06567955017089844
2025-11-27 01:34:00,4.0,4.2520885,4,0.2520885467529297
2025-11-27 01:35:00,4.0,4.0567694,4,0.056769371032714844
2025-11-27 01:36:00,4.0,4.1567864,4,0.15678644180297852
2025-11-27 01:37:00,4.0,4.1697826,4,0.1697826385498047
2025-11-27 01:38:00,4.0,4.1486096,4,0.14860963821411133
2025-11-27 01:39:00,4.0,4.2439003,4,0.24390029907226562
2025-11-27 01:40:00,4.0,4.3792396,4,0.379239559173584
2025-11-27 01:41:00,4.0,4.5440946,5,0.5440945625305176
2025-11-27 01:42:00,4.0,4.67381,5,0.6738100051879883
2025-11-27 01:43:00,4.0,4.788739,5,0.7887392044067383
2025-11-27 01:44:00,4.0,4.5191507,5,0.5191507339477539
2025-11-27 01:45:00,4.0,4.232609,4,0.23260879516601562
2025-11-27 01:46:00,4.0,4.3084664,4,0.30846643447875977
2025-11-27 01:47:00,4.0,4.295491,4,0.29549121856689453
2025-11-27 01:48:00,4.0,4.486935,4,0.4869351387023926
2025-11-27 01:49:00,4.0,4.45205,4,0.45205020904541016
2025-11-27 01:50:00,4.0,4.468714,4,0.46871423721313477
2025-11-27 01:51:00,4.0,4.4412513,4,0.441251277923584
2025-11-27 01:52:00,4.0,4.365967,4,0.365966796875
2025-11-27 01:53:00,4.0,4.4684134,4,0.4684133529663086
2025-11-27 01:54:00,4.0,4.30137,4,0.30137014389038086
2025-11-27 01:55:00,4.0,4.3002954,4,0.300295352935791
2025-11-27 01:56:00,4.0,4.2583094,4,0.25830936431884766
2025-11-27 01:57:00,4.0,4.060272,4,0.060272216796875
2025-11-27 01:58:00,4.0,4.239455,4,0.2394552230834961
2025-11-27 01:59:00,4.0,4.128908,4,0.1289081573486328
2025-11-27 02:00:00,4.0,4.2165847,4,0.2165846824645996
2025-11-27 02:01:00,4.0,4.1725388,4,0.17253875732421875
2025-11-27 02:02:00,2.0,4.13616,4,2.136159896850586
2025-11-27 02:03:00,2.0,4.0049815,4,2.004981517791748
2025-11-27 02:04:00,2.0,3.0440667,3,1.0440666675567627
2025-11-27 02:05:00,2.0,2.895158,3,0.895158052444458
2025-11-27 02:06:00,2.0,2.882771,3,0.8827710151672363
2025-11-27 02:07:00,2.0,2.750901,3,0.7509009838104248
2025-11-27 02:08:00,2.0,2.6959596,3,0.6959595680236816
2025-11-27 02:09:00,2.0,2.6964154,3,0.6964154243469238
2025-11-27 02:10:00,2.0,2.7040136,3,0.7040135860443115
2025-11-27 02:11:00,2.0,2.6363533,3,0.6363532543182373
2025-11-27 02:12:00,2.0,2.641112,3,0.6411120891571045
2025-11-27 02:13:00,2.0,2.587373,3,0.5873730182647705
2025-11-27 02:14:00,2.0,2.5681875,3,0.5681874752044678
2025-11-27 02:15:00,2.0,2.6352317,3,0.6352317333221436
2025-11-27 02:16:00,3.0,2.653719,3,-0.3462810516357422
2025-11-27 02:17:00,3.0,2.6258416,3,-0.3741583824157715
2025-11-27 02:18:00,3.0,3.1069288,3,0.10692882537841797
2025-11-27 02:19:00,3.0,2.8653145,3,-0.13468551635742188
2025-11-27 02:20:00,3.0,2.942157,3,-0.05784296989440918
2025-11-27 02:21:00,3.0,2.9656174,3,-0.03438258171081543
2025-11-27 02:22:00,3.0,3.1024628,3,0.1024627685546875
2025-11-27 02:23:00,3.0,3.0402796,3,0.04027962684631348
2025-11-27 02:24:00,3.0,3.1054518,3,0.10545182228088379
2025-11-27 02:25:00,3.0,3.2020488,3,0.20204877853393555
2025-11-27 02:26:00,3.0,3.1303725,3,0.1303725242614746
2025-11-27 02:27:00,3.0,2.9718766,3,-0.02812337875366211
2025-11-27 02:28:00,3.0,3.0124867,3,0.012486696243286133
2025-11-27 02:29:00,3.0,2.9960208,3,-0.003979206085205078
2025-11-27 02:30:00,3.0,3.071092,3,0.07109189033508301
2025-11-27 02:31:00,3.0,3.0298529,3,0.029852867126464844
2025-11-27 02:32:00,3.0,3.0136483,3,0.013648271560668945
2025-11-27 02:33:00,3.0,3.1306548,3,0.13065481185913086
2025-11-27 02:34:00,3.0,3.098578,3,0.09857797622680664
2025-11-27 02:35:00,3.0,3.1843038,3,0.18430376052856445
2025-11-27 02:36:00,3.0,3.0063634,3,0.006363391876220703
2025-11-27 02:37:00,3.0,3.070707,3,0.07070708274841309
2025-11-27 02:38:00,3.0,3.026296,3,0.026295900344848633
2025-11-27 02:39:00,3.0,3.0687158,3,0.06871581077575684
2025-11-27 02:40:00,3.0,3.0218115,3,0.021811485290527344
2025-11-27 02:41:00,3.0,2.9753892,3,-0.02461075782775879
2025-11-27 02:42:00,3.0,2.971508,3,-0.028491973876953125
2025-11-27 02:43:00,3.0,2.9549162,3,-0.04508376121520996
2025-11-27 02:44:00,3.0,3.0534654,3,0.05346536636352539
2025-11-27 02:45:00,3.0,2.9760742,3,-0.02392578125
2025-11-27 02:46:00,3.0,3.0220423,3,0.022042274475097656
2025-11-27 02:47:00,3.0,3.0459473,3,0.04594731330871582
2025-11-27 02:48:00,3.0,3.0366943,3,0.03669428825378418
2025-11-27 02:49:00,3.0,3.000467,3,0.00046706199645996094
2025-11-27 02:50:00,3.0,3.0312765,3,0.03127646446228027
2025-11-27 02:51:00,3.0,3.091385,3,0.0913848876953125
2025-11-27 02:52:00,3.0,3.0885155,3,0.0885155200958252
2025-11-27 02:53:00,3.0,3.1323874,3,0.13238739967346191
2025-11-27 02:54:00,3.0,3.0297008,3,0.029700756072998047
2025-11-27 02:55:00,3.0,3.0885851,3,0.08858513832092285
2025-11-27 02:56:00,3.0,3.0240777,3,0.024077653884887695
2025-11-27 02:57:00,3.0,3.021643,3,0.02164292335510254
2025-11-27 02:58:00,3.0,2.9840202,3,-0.015979766845703125
2025-11-27 02:59:00,3.0,2.984449,3,-0.015551090240478516
2025-11-27 03:00:00,3.0,2.9218385,3,-0.07816147804260254
2025-11-27 03:01:00,3.0,3.0262032,3,0.026203155517578125
2025-11-27 03:02:00,3.0,3.0283427,3,0.028342723846435547
2025-11-27 03:03:00,3.0,2.9832077,3,-0.01679229736328125
2025-11-27 03:04:00,3.0,2.9996321,3,-0.00036787986755371094
2025-11-27 03:05:00,3.0,3.0303676,3,0.030367612838745117
2025-11-27 03:06:00,3.0,2.916382,3,-0.0836179256439209
2025-11-27 03:07:00,3.0,2.8866482,3,-0.11335182189941406
2025-11-27 03:08:00,3.0,2.9186604,3,-0.08133959770202637
2025-11-27 03:09:00,3.0,2.8511374,3,-0.14886260032653809
2025-11-27 03:10:00,3.0,3.0078762,3,0.007876157760620117
2025-11-27 03:11:00,3.0,2.9425225,3,-0.057477474212646484
2025-11-27 03:12:00,3.0,3.0131161,3,0.013116121292114258
2025-11-27 03:13:00,3.0,2.9159796,3,-0.08402037620544434
2025-11-27 03:14:00,3.0,3.0754497,3,0.07544970512390137
2025-11-27 03:15:00,3.0,2.9676976,3,-0.0323023796081543
2025-11-27 03:16:00,3.0,3.0833523,3,0.08335232734680176
2025-11-27 03:17:00,3.0,3.0219097,3,0.021909713745117188
2025-11-27 03:18:00,3.0,3.02564,3,0.025640010833740234
2025-11-27 03:19:00,3.0,2.9789906,3,-0.021009445190429688
2025-11-27 03:20:00,3.0,3.0494046,3,0.04940462112426758
2025-11-27 03:21:00,3.0,3.0577788,3,0.05777883529663086
2025-11-27 03:22:00,3.0,3.0570338,3,0.05703377723693848
2025-11-27 03:23:00,3.0,2.96068,3,-0.03931999206542969
2025-11-27 03:24:00,3.0,3.0238476,3,0.023847579956054688
2025-11-27 03:25:00,3.0,3.0269244,3,0.02692437171936035
2025-11-27 03:26:00,3.0,2.9869816,3,-0.013018369674682617
2025-11-27 03:27:00,3.0,2.9638388,3,-0.036161184310913086
2025-11-27 03:28:00,3.0,2.9234486,3,-0.07655143737792969
2025-11-27 03:29:00,3.0,2.9225714,3,-0.07742857933044434
2025-11-27 03:30:00,3.0,2.8960257,3,-0.1039743423461914
2025-11-27 03:31:00,3.0,2.9466841,3,-0.05331587791442871
2025-11-27 03:32:00,3.0,2.9411106,3,-0.05888938903808594
2025-11-27 03:33:00,3.0,3.0007403,3,0.0007402896881103516
2025-11-27 03:34:00,3.0,2.955777,3,-0.04422307014465332
2025-11-27 03:35:00,3.0,2.979077,3,-0.02092289924621582
2025-11-27 03:36:00,3.0,2.998609,3,-0.0013909339904785156
2025-11-27 03:37:00,3.0,3.0001698,3,0.0001697540283203125
2025-11-27 03:38:00,3.0,2.9638891,3,-0.036110877990722656
2025-11-27 03:39:00,3.0,2.995408,3,-0.004591941833496094
2025-11-27 03:40:00,3.0,2.9961312,3,-0.0038688182830810547
2025-11-27 03:41:00,3.0,2.9120004,3,-0.08799958229064941
2025-11-27 03:42:00,2.0,2.9535513,3,0.9535512924194336
2025-11-27 03:43:00,2.0,2.8051007,3,0.805100679397583
2025-11-27 03:44:00,2.0,2.6423612,3,0.6423611640930176
2025-11-27 03:45:00,2.0,2.637808,3,0.637808084487915
2025-11-27 03:46:00,2.0,2.6691577,3,0.6691577434539795
2025-11-27 03:47:00,2.0,2.644971,3,0.6449708938598633
2025-11-27 03:48:00,2.0,2.4679146,2,0.4679145812988281
2025-11-27 03:49:00,2.0,2.5231755,3,0.5231754779815674
2025-11-27 03:50:00,2.0,2.3796406,2,0.3796405792236328
2025-11-27 03:51:00,2.0,2.3977935,2,0.3977935314178467
2025-11-27 03:52:00,2.0,2.3662722,2,0.3662722110748291
2025-11-27 03:53:00,2.0,2.2718165,2,0.2718164920806885
2025-11-27 03:54:00,2.0,2.2770274,2,0.2770273685455322
2025-11-27 03:55:00,2.0,2.3189125,2,0.3189125061035156
2025-11-27 03:56:00,2.0,2.2076545,2,0.20765447616577148
2025-11-27 03:57:00,2.0,2.2298684,2,0.22986841201782227
2025-11-27 03:58:00,2.0,2.0829258,2,0.08292579650878906
2025-11-27 03:59:00,2.0,2.0506036,2,0.050603628158569336
2025-11-27 04:00:00,2.0,2.0572772,2,0.05727720260620117
2025-11-27 04:01:00,2.0,2.0420613,2,0.04206132888793945
2025-11-27 04:02:00,2.0,2.0443766,2,0.04437661170959473
2025-11-27 04:03:00,2.0,2.154937,2,0.1549370288848877
2025-11-27 04:04:00,2.0,2.220261,2,0.2202610969543457
2025-11-27 04:05:00,2.0,2.0532413,2,0.05324125289916992
2025-11-27 04:06:00,2.0,2.1338322,2,0.13383221626281738
2025-11-27 04:07:00,2.0,1.9441462,2,-0.055853843688964844
2025-11-27 04:08:00,2.0,1.9735076,2,-0.02649235725402832
2025-11-27 04:09:00,2.0,2.0170717,2,0.01707172393798828
2025-11-27 04:10:00,2.0,2.1998827,2,0.19988274574279785
2025-11-27 04:11:00,2.0,2.010469,2,0.01046895980834961
2025-11-27 04:12:00,2.0,2.0640826,2,0.06408262252807617
2025-11-27 04:13:00,2.0,2.0505636,2,0.05056357383728027
2025-11-27 04:14:00,2.0,2.102919,2,0.10291910171508789
2025-11-27 04:15:00,2.0,2.1840816,2,0.1840815544128418
2025-11-27 04:16:00,2.0,2.2984529,2,0.29845285415649414
2025-11-27 04:17:00,2.0,2.2139282,2,0.21392822265625
2025-11-27 04:18:00,2.0,2.2443974,2,0.24439740180969238
2025-11-27 04:19:00,2.0,2.277022,2,0.2770218849182129
2025-11-27 04:20:00,2.0,2.3202107,2,0.32021069526672363
2025-11-27 04:21:00,2.0,2.298913,2,0.29891300201416016
2025-11-27 04:22:00,2.0,2.338417,2,0.33841705322265625
2025-11-27 04:23:00,2.0,2.2809563,2,0.2809562683105469
2025-11-27 04:24:00,2.0,2.3056374,2,0.3056373596191406
2025-11-27 04:25:00,2.0,2.260087,2,0.2600870132446289
2025-11-27 04:26:00,2.0,2.3033562,2,0.3033561706542969
2025-11-27 04:27:00,2.0,2.2448866,2,0.2448866367340088
2025-11-27 04:28:00,2.0,2.337647,2,0.3376469612121582
2025-11-27 04:29:00,2.0,2.351993,2,0.3519930839538574
2025-11-27 04:30:00,2.0,2.3101332,2,0.3101332187652588
2025-11-27 04:31:00,2.0,2.2828503,2,0.2828502655029297
2025-11-27 04:32:00,2.0,2.3376489,2,0.337648868560791
2025-11-27 04:33:00,2.0,2.281696,2,0.281696081161499
2025-11-27 04:34:00,2.0,2.3373353,2,0.33733534812927246
2025-11-27 04:35:00,2.0,2.30363,2,0.30363011360168457
2025-11-27 04:36:00,2.0,2.323983,2,0.32398295402526855
2025-11-27 04:37:00,2.0,2.2650926,2,0.2650926113128662
2025-11-27 04:38:00,2.0,2.3042164,2,0.3042163848876953
2025-11-27 04:39:00,2.0,2.2652495,2,0.26524949073791504
2025-11-27 04:40:00,2.0,2.2555447,2,0.25554466247558594
2025-11-27 04:41:00,2.0,2.2549276,2,0.2549276351928711
2025-11-27 04:42:00,2.0,2.2250125,2,0.22501254081726074
2025-11-27 04:43:00,2.0,2.2016232,2,0.20162320137023926
2025-11-27 04:44:00,2.0,2.3200722,2,0.3200721740722656
2025-11-27 04:45:00,2.0,2.311224,2,0.31122398376464844
2025-11-27 04:46:00,2.0,2.375849,2,0.37584900856018066
2025-11-27 04:47:00,2.0,2.2347524,2,0.23475241661071777
2025-11-27 04:48:00,2.0,2.2821474,2,0.2821474075317383
2025-11-27 04:49:00,2.0,2.1924613,2,0.19246125221252441
2025-11-27 04:50:00,2.0,2.233942,2,0.23394203186035156
2025-11-27 04:51:00,2.0,2.2521608,2,0.25216078758239746
2025-11-27 04:52:00,2.0,2.1766973,2,0.1766972541809082
2025-11-27 04:53:00,2.0,2.2038481,2,0.20384812355041504
2025-11-27 04:54:00,2.0,2.261445,2,0.2614450454711914
2025-11-27 04:55:00,2.0,2.2981875,2,0.2981874942779541
2025-11-27 04:56:00,2.0,2.2604346,2,0.260434627532959
2025-11-27 04:57:00,2.0,2.1795073,2,0.17950725555419922
2025-11-27 04:58:00,2.0,2.2440648,2,0.2440648078918457
2025-11-27 04:59:00,2.0,2.2108235,2,0.21082353591918945
2025-11-27 05:00:00,2.0,2.294315,2,0.2943150997161865
2025-11-27 05:01:00,2.0,2.2191489,2,0.21914887428283691
2025-11-27 05:02:00,2.0,2.214281,2,0.2142810821533203
2025-11-27 05:03:00,2.0,2.2135596,2,0.21355962753295898
2025-11-27 05:04:00,2.0,2.2346165,2,0.23461651802062988
2025-11-27 05:05:00,2.0,2.1861715,2,0.1861715316772461
2025-11-27 05:06:00,2.0,2.21406,2,0.21406006813049316
2025-11-27 05:07:00,2.0,2.3181543,2,0.31815433502197266
2025-11-27 05:08:00,2.0,2.3153894,2,0.31538939476013184
2025-11-27 05:09:00,2.0,2.1709414,2,0.17094135284423828
2025-11-27 05:10:00,2.0,2.1649501,2,0.16495013236999512
2025-11-27 05:11:00,2.0,2.1914475,2,0.19144749641418457
2025-11-27 05:12:00,2.0,2.2016015,2,0.20160150527954102
2025-11-27 05:13:00,2.0,2.1933794,2,0.19337940216064453
2025-11-27 05:14:00,2.0,2.1658862,2,0.16588616371154785
2025-11-27 05:15:00,2.0,2.2463956,2,0.24639558792114258
2025-11-27 05:16:00,2.0,2.322998,2,0.322998046875
2025-11-27 05:17:00,2.0,2.2798102,2,0.27981019020080566
2025-11-27 05:18:00,2.0,2.2339678,2,0.23396778106689453
2025-11-27 05:19:00,2.0,2.0865028,2,0.0865027904510498
2025-11-27 05:20:00,2.0,2.1910803,2,0.19108033180236816
2025-11-27 05:21:00,2.0,2.222459,2,0.222459077835083
2025-11-27 05:22:00,2.0,2.1682515,2,0.16825151443481445
2025-11-27 05:23:00,2.0,2.1974812,2,0.1974811553955078
2025-11-27 05:24:00,2.0,2.2094245,2,0.20942449569702148
2025-11-27 05:25:00,2.0,2.2823422,2,0.28234219551086426
2025-11-27 05:26:00,2.0,2.2607453,2,0.2607452869415283
2025-11-27 05:27:00,2.0,2.283111,2,0.2831110954284668
2025-11-27 05:28:00,2.0,2.2683563,2,0.2683563232421875
2025-11-27 05:29:00,2.0,2.2402384,2,0.24023842811584473
2025-11-27 05:30:00,2.0,2.2716634,2,0.2716634273529053
2025-11-27 05:31:00,2.0,2.2726157,2,0.2726156711578369
2025-11-27 05:32:00,2.0,2.1593485,2,0.1593484878540039
2025-11-27 05:33:00,2.0,2.2685754,2,0.26857542991638184
2025-11-27 05:34:00,2.0,2.2191947,2,0.21919465065002441
2025-11-27 05:35:00,2.0,2.1696925,2,0.1696925163269043
2025-11-27 05:36:00,2.0,2.2484705,2,0.24847054481506348
2025-11-27 05:37:00,2.0,2.3077922,2,0.30779218673706055
2025-11-27 05:38:00,2.0,2.311518,2,0.31151795387268066
2025-11-27 05:39:00,2.0,2.2707458,2,0.27074575424194336
2025-11-27 05:40:00,2.0,2.301095,2,0.30109500885009766
2025-11-27 05:41:00,2.0,2.231301,2,0.23130106925964355
2025-11-27 05:42:00,2.0,2.097205,2,0.09720492362976074
2025-11-27 05:43:00,2.0,2.2988293,2,0.2988293170928955
2025-11-27 05:44:00,2.0,2.3088381,2,0.3088381290435791
2025-11-27 05:45:00,2.0,2.2812328,2,0.2812328338623047
2025-11-27 05:46:00,2.0,2.3491619,2,0.34916186332702637
2025-11-27 05:47:00,2.0,2.4760454,2,0.4760453701019287
2025-11-27 05:48:00,3.0,2.5220695,3,-0.47793054580688477
2025-11-27 05:49:00,3.0,2.509644,3,-0.4903559684753418
2025-11-27 05:50:00,3.0,2.8781388,3,-0.12186121940612793
2025-11-27 05:51:00,3.0,2.7990265,3,-0.2009735107421875
2025-11-27 05:52:00,3.0,2.83398,3,-0.16601991653442383
2025-11-27 05:53:00,3.0,2.9796498,3,-0.020350217819213867
2025-11-27 05:54:00,3.0,2.9075525,3,-0.09244751930236816
2025-11-27 05:55:00,3.0,2.9364715,3,-0.06352853775024414
2025-11-27 05:56:00,3.0,2.9291196,3,-0.07088041305541992
2025-11-27 05:57:00,3.0,2.9580474,3,-0.04195261001586914
2025-11-27 05:58:00,3.0,2.9781148,3,-0.021885156631469727
2025-11-27 05:59:00,3.0,2.9851775,3,-0.01482248306274414
2025-11-27 06:00:00,3.0,2.9687145,3,-0.03128552436828613
2025-11-27 06:01:00,3.0,3.1317303,3,0.131730318069458
2025-11-27 06:02:00,3.0,3.0573769,3,0.057376861572265625
2025-11-27 06:03:00,3.0,2.9430952,3,-0.05690479278564453
2025-11-27 06:04:00,3.0,3.0423515,3,0.042351484298706055
2025-11-27 06:05:00,3.0,2.932675,3,-0.06732511520385742
2025-11-27 06:06:00,3.0,3.0361238,3,0.03612375259399414
2025-11-27 06:07:00,3.0,2.9804482,3,-0.019551753997802734
2025-11-27 06:08:00,3.0,3.0520294,3,0.05202937126159668
2025-11-27 06:09:00,3.0,2.9181416,3,-0.08185839653015137
2025-11-27 06:10:00,3.0,2.98823,3,-0.011770009994506836
2025-11-27 06:11:00,3.0,2.944089,3,-0.05591106414794922
2025-11-27 06:12:00,3.0,2.9913795,3,-0.008620500564575195
2025-11-27 06:13:00,3.0,2.9886067,3,-0.011393308639526367
2025-11-27 06:14:00,3.0,2.9495811,3,-0.050418853759765625
2025-11-27 06:15:00,3.0,2.9955547,3,-0.004445314407348633
2025-11-27 06:16:00,3.0,2.9718206,3,-0.028179407119750977
2025-11-27 06:17:00,3.0,2.9841344,3,-0.015865564346313477
2025-11-27 06:18:00,3.0,3.0087574,3,0.008757352828979492
2025-11-27 06:19:00,3.0,3.0035903,3,0.0035903453826904297
2025-11-27 06:20:00,3.0,3.025054,3,0.025053977966308594
2025-11-27 06:21:00,3.0,2.9223957,3,-0.07760429382324219
2025-11-27 06:22:00,3.0,2.9712362,3,-0.028763771057128906
2025-11-27 06:23:00,3.0,3.008374,3,0.00837397575378418
2025-11-27 06:24:00,3.0,2.9697921,3,-0.03020787239074707
2025-11-27 06:25:00,3.0,2.9774656,3,-0.02253437042236328
2025-11-27 06:26:00,3.0,2.9489512,3,-0.05104875564575195
2025-11-27 06:27:00,3.0,2.9571679,3,-0.042832136154174805
2025-11-27 06:28:00,3.0,2.992981,3,-0.00701904296875
2025-11-27 06:29:00,3.0,2.949226,3,-0.05077409744262695
2025-11-27 06:30:00,3.0,3.0232315,3,0.02323150634765625
2025-11-27 06:31:00,3.0,2.9924455,3,-0.007554531097412109
2025-11-27 06:32:00,3.0,2.9266007,3,-0.07339930534362793
2025-11-27 06:33:00,3.0,3.005829,3,0.0058290958404541016
2025-11-27 06:34:00,3.0,3.017467,3,0.017467021942138672
2025-11-27 06:35:00,3.0,3.0152597,3,0.015259742736816406
2025-11-27 06:36:00,3.0,3.028094,3,0.028094053268432617
2025-11-27 06:37:00,3.0,2.929619,3,-0.07038092613220215
2025-11-27 06:38:00,3.0,2.9684908,3,-0.0315091609954834
2025-11-27 06:39:00,3.0,2.935268,3,-0.06473207473754883
2025-11-27 06:40:00,3.0,3.0118074,3,0.011807441711425781
2025-11-27 06:41:00,3.0,2.9065392,3,-0.0934607982635498
2025-11-27 06:42:00,3.0,2.9879074,3,-0.01209259033203125
2025-11-27 06:43:00,3.0,2.9202557,3,-0.07974433898925781
2025-11-27 06:44:00,3.0,2.9068367,3,-0.09316325187683105
2025-11-27 06:45:00,3.0,2.9129128,3,-0.08708715438842773
2025-11-27 06:46:00,3.0,2.798109,3,-0.2018909454345703
2025-11-27 06:47:00,3.0,2.8555384,3,-0.14446163177490234
2025-11-27 06:48:00,3.0,2.9798734,3,-0.0201265811920166
2025-11-27 06:49:00,3.0,2.9223108,3,-0.07768917083740234
2025-11-27 06:50:00,3.0,2.9482207,3,-0.05177927017211914
2025-11-27 06:51:00,3.0,2.9106033,3,-0.08939671516418457
2025-11-27 06:52:00,3.0,2.8964274,3,-0.10357260704040527
2025-11-27 06:53:00,3.0,2.8569126,3,-0.14308738708496094
2025-11-27 06:54:00,3.0,2.9631767,3,-0.036823272705078125
2025-11-27 06:55:00,3.0,2.9411707,3,-0.058829307556152344
2025-11-27 06:56:00,3.0,2.94137,3,-0.05862998962402344
2025-11-27 06:57:00,3.0,3.0030656,3,0.0030655860900878906
2025-11-27 06:58:00,3.0,2.9362063,3,-0.06379365921020508
2025-11-27 06:59:00,3.0,3.0938623,3,0.09386229515075684
2025-11-27 07:00:00,3.0,2.9446566,3,-0.0553433895111084
2025-11-27 07:01:00,3.0,3.0363164,3,0.0363163948059082
2025-11-27 07:02:00,3.0,3.0609818,3,0.06098175048828125
2025-11-27 07:03:00,3.0,3.0218143,3,0.021814346313476562
2025-11-27 07:04:00,3.0,3.0274267,3,0.027426719665527344
2025-11-27 07:05:00,3.0,3.0635476,3,0.06354761123657227
2025-11-27 07:06:00,3.0,3.0326436,3,0.03264355659484863
2025-11-27 07:07:00,3.0,3.046395,3,0.046395063400268555
2025-11-27 07:08:00,3.0,3.020625,3,0.02062511444091797
2025-11-27 07:09:00,3.0,3.0413697,3,0.04136967658996582
2025-11-27 07:10:00,3.0,2.9450555,3,-0.054944515228271484
2025-11-27 07:11:00,3.0,2.9831748,3,-0.016825199127197266
2025-11-27 07:12:00,3.0,3.053709,3,0.05370903015136719
2025-11-27 07:13:00,3.0,3.0012252,3,0.0012252330780029297
2025-11-27 07:14:00,3.0,2.957833,3,-0.042166948318481445
2025-11-27 07:15:00,3.0,2.9989667,3,-0.0010333061218261719
2025-11-27 07:16:00,3.0,2.9337208,3,-0.06627917289733887
2025-11-27 07:17:00,3.0,2.8822255,3,-0.11777448654174805
2025-11-27 07:18:00,3.0,2.8937316,3,-0.10626840591430664
2025-11-27 07:19:00,3.0,2.9282067,3,-0.0717933177947998
2025-11-27 07:20:00,3.0,2.9768276,3,-0.023172378540039062
2025-11-27 07:21:00,3.0,2.9415267,3,-0.05847334861755371
2025-11-27 07:22:00,3.0,2.9544158,3,-0.04558420181274414
2025-11-27 07:23:00,3.0,2.9268782,3,-0.07312178611755371
2025-11-27 07:24:00,3.0,2.9071984,3,-0.09280157089233398
2025-11-27 07:25:00,3.0,2.9508677,3,-0.049132347106933594
2025-11-27 07:26:00,3.0,2.8996847,3,-0.10031533241271973
2025-11-27 07:27:00,3.0,2.9276438,3,-0.0723562240600586
2025-11-27 07:28:00,3.0,2.9368858,3,-0.06311416625976562
2025-11-27 07:29:00,3.0,2.9558566,3,-0.0441434383392334
2025-11-27 07:30:00,3.0,3.0467923,3,0.04679226875305176
2025-11-27 07:31:00,3.0,3.049148,3,0.0491480827331543
2025-11-27 07:32:00,3.0,3.0491138,3,0.04911375045776367
2025-11-27 07:33:00,3.0,3.0254445,3,0.025444507598876953
2025-11-27 07:34:00,3.0,3.0573635,3,0.05736351013183594
2025-11-27 07:35:00,3.0,3.0032063,3,0.0032062530517578125
2025-11-27 07:36:00,3.0,3.0326295,3,0.03262948989868164
2025-11-27 07:37:00,3.0,3.0432496,3,0.04324960708618164
2025-11-27 07:38:00,3.0,3.0669665,3,0.06696653366088867
2025-11-27 07:39:00,3.0,2.9867625,3,-0.013237476348876953
2025-11-27 07:40:00,3.0,3.0779364,3,0.07793641090393066
2025-11-27 07:41:00,3.0,3.0370011,3,0.03700113296508789
2025-11-27 07:42:00,3.0,3.0516214,3,0.051621437072753906
2025-11-27 07:43:00,3.0,2.9917336,3,-0.008266448974609375
2025-11-27 07:44:00,3.0,2.9830413,3,-0.01695871353149414
2025-11-27 07:45:00,3.0,3.0047026,3,0.004702568054199219
2025-11-27 07:46:00,3.0,2.9582314,3,-0.041768550872802734
2025-11-27 07:47:00,3.0,3.027808,3,0.027807950973510742
2025-11-27 07:48:00,3.0,2.9897084,3,-0.010291576385498047
2025-11-27 07:49:00,3.0,2.9586248,3,-0.041375160217285156
2025-11-27 07:50:00,3.0,3.034973,3,0.0349729061126709
2025-11-27 07:51:00,3.0,2.943288,3,-0.05671191215515137
2025-11-27 07:52:00,3.0,3.0096557,3,0.00965571403503418
2025-11-27 07:53:00,3.0,3.0043695,3,0.004369497299194336
2025-11-27 07:54:00,3.0,2.950542,3,-0.04945802688598633
2025-11-27 07:55:00,3.0,2.9994497,3,-0.0005502700805664062
2025-11-27 07:56:00,3.0,2.961301,3,-0.03869891166687012
2025-11-27 07:57:00,3.0,3.0038111,3,0.0038111209869384766
2025-11-27 07:58:00,3.0,3.01403,3,0.014029979705810547
2025-11-27 07:59:00,3.0,2.973929,3,-0.02607107162475586
2025-11-27 08:00:00,3.0,3.007408,3,0.0074079036712646484
2025-11-27 08:01:00,3.0,3.0599291,3,0.05992913246154785
2025-11-27 08:02:00,3.0,3.1191533,3,0.11915326118469238
2025-11-27 08:03:00,3.0,3.170818,3,0.17081809043884277
2025-11-27 08:04:00,3.0,3.1929731,3,0.19297313690185547
2025-11-27 08:05:00,3.0,3.160775,3,0.16077494621276855
2025-11-27 08:06:00,3.0,3.1656592,3,0.16565918922424316
2025-11-27 08:07:00,3.0,3.3167017,3,0.31670165061950684
2025-11-27 08:08:00,3.0,3.5198112,4,0.5198111534118652
2025-11-27 08:09:00,4.0,3.9432385,4,-0.05676150321960449
2025-11-27 08:10:00,5.0,4.171327,4,-0.8286728858947754
2025-11-27 08:11:00,6.0,5.3533506,5,-0.6466493606567383
2025-11-27 08:12:00,6.0,5.5470743,6,-0.4529256820678711
2025-11-27 08:13:00,6.0,5.8138595,6,-0.1861405372619629
2025-11-27 08:14:00,6.0,5.6079535,6,-0.3920464515686035
2025-11-27 08:15:00,6.0,5.765264,6,-0.23473596572875977
2025-11-27 08:16:00,6.0,5.6237607,6,-0.3762392997741699
2025-11-27 08:17:00,6.0,5.618325,6,-0.38167476654052734
2025-11-27 08:18:00,6.0,5.705691,6,-0.294309139251709
2025-11-27 08:19:00,6.0,5.6606603,6,-0.3393397331237793
2025-11-27 08:20:00,6.0,5.7158265,6,-0.28417348861694336
2025-11-27 08:21:00,6.0,5.947764,6,-0.052236080169677734
2025-11-27 08:22:00,6.0,6.032858,6,0.03285789489746094
2025-11-27 08:23:00,6.0,5.984579,6,-0.015420913696289062
2025-11-27 08:24:00,6.0,6.021108,6,0.021108150482177734
2025-11-27 08:25:00,6.0,5.850008,6,-0.1499919891357422
2025-11-27 08:26:00,6.0,5.8454413,6,-0.15455865859985352
2025-11-27 08:27:00,6.0,5.769159,6,-0.23084115982055664
2025-11-27 08:28:00,6.0,5.940954,6,-0.05904579162597656
2025-11-27 08:29:00,6.0,5.8878193,6,-0.11218070983886719
2025-11-27 08:30:00,6.0,5.826315,6,-0.17368507385253906
2025-11-27 08:31:00,6.0,5.8382697,6,-0.16173028945922852
2025-11-27 08:32:00,6.0,5.696631,6,-0.30336904525756836
2025-11-27 08:33:00,6.0,5.774155,6,-0.2258448600769043
2025-11-27 08:34:00,6.0,5.8247504,6,-0.17524957656860352
2025-11-27 08:35:00,6.0,5.7284045,6,-0.27159547805786133
2025-11-27 08:36:00,6.0,5.8281236,6,-0.1718764305114746
2025-11-27 08:37:00,6.0,5.728458,6,-0.2715420722961426
2025-11-27 08:38:00,6.0,5.757078,6,-0.2429218292236328
2025-11-27 08:39:00,6.0,5.7604413,6,-0.23955869674682617
2025-11-27 08:40:00,6.0,5.71723,6,-0.28277015686035156
2025-11-27 08:41:00,6.0,5.643568,6,-0.3564319610595703
2025-11-27 08:42:00,6.0,5.677224,6,-0.32277584075927734
2025-11-27 08:43:00,6.0,5.824646,6,-0.17535400390625
2025-11-27 08:44:00,6.0,5.701912,6,-0.29808807373046875
2025-11-27 08:45:00,6.0,5.72886,6,-0.27114009857177734
2025-11-27 08:46:00,6.0,5.859628,6,-0.14037179946899414
2025-11-27 08:47:00,6.0,5.797885,6,-0.20211505889892578
2025-11-27 08:48:00,6.0,5.829884,6,-0.17011594772338867
2025-11-27 08:49:00,6.0,5.6333637,6,-0.3666362762451172
2025-11-27 08:50:00,6.0,5.648157,6,-0.35184288024902344
2025-11-27 08:51:00,6.0,5.6532354,6,-0.34676456451416016
2025-11-27 08:52:00,6.0,5.6708293,6,-0.32917070388793945
2025-11-27 08:53:00,6.0,5.683649,6,-0.31635093688964844
2025-11-27 08:54:00,6.0,5.6818438,6,-0.31815624237060547
2025-11-27 08:55:00,6.0,5.714842,6,-0.2851581573486328
2025-11-27 08:56:00,6.0,5.6289835,6,-0.3710165023803711
2025-11-27 08:57:00,6.0,5.69456,6,-0.30543994903564453
2025-11-27 08:58:00,6.0,5.7426376,6,-0.25736236572265625
2025-11-27 08:59:00,6.0,5.661876,6,-0.33812379837036133
2025-11-27 09:00:00,6.0,5.7467093,6,-0.25329065322875977
2025-11-27 09:01:00,6.0,5.811053,6,-0.18894720077514648
2025-11-27 09:02:00,6.0,5.801656,6,-0.19834423065185547
2025-11-27 09:03:00,6.0,5.8049583,6,-0.19504165649414062
2025-11-27 09:04:00,6.0,5.758139,6,-0.24186086654663086
2025-11-27 09:05:00,6.0,5.6934304,6,-0.30656957626342773
2025-11-27 09:06:00,6.0,5.685214,6,-0.3147859573364258
2025-11-27 09:07:00,6.0,5.7478623,6,-0.2521376609802246
2025-11-27 09:08:00,6.0,5.8104115,6,-0.1895885467529297
2025-11-27 09:09:00,6.0,5.776255,6,-0.22374486923217773
2025-11-27 09:10:00,6.0,5.690907,6,-0.30909299850463867
2025-11-27 09:11:00,6.0,5.729813,6,-0.2701869010925293
2025-11-27 09:12:00,6.0,5.7545266,6,-0.24547338485717773
2025-11-27 09:13:00,6.0,5.735229,6,-0.2647709846496582
2025-11-27 09:14:00,6.0,5.6805415,6,-0.3194584846496582
2025-11-27 09:15:00,6.0,5.7429585,6,-0.25704145431518555
2025-11-27 09:16:00,6.0,5.751985,6,-0.2480149269104004
2025-11-27 09:17:00,6.0,5.7117634,6,-0.2882366180419922
2025-11-27 09:18:00,6.0,5.824442,6,-0.17555809020996094
2025-11-27 09:19:00,6.0,5.8003435,6,-0.19965648651123047
2025-11-27 09:20:00,6.0,5.723145,6,-0.2768549919128418
2025-11-27 09:21:00,6.0,5.7559423,6,-0.24405765533447266
2025-11-27 09:22:00,6.0,5.7043185,6,-0.2956814765930176
2025-11-27 09:23:00,6.0,5.7162876,6,-0.28371238708496094
2025-11-27 09:24:00,6.0,5.6942577,6,-0.3057422637939453
2025-11-27 09:25:00,6.0,5.719619,6,-0.2803812026977539
2025-11-27 09:26:00,6.0,5.684604,6,-0.3153958320617676
2025-11-27 09:27:00,6.0,5.7142153,6,-0.2857847213745117
2025-11-27 09:28:00,6.0,5.7164345,6,-0.2835655212402344
2025-11-27 09:29:00,6.0,5.688386,6,-0.3116140365600586
2025-11-27 09:30:00,6.0,5.6792564,6,-0.3207435607910156
2025-11-27 09:31:00,6.0,5.674674,6,-0.32532596588134766
2025-11-27 09:32:00,6.0,5.734755,6,-0.2652449607849121
2025-11-27 09:33:00,6.0,5.6945634,6,-0.3054366111755371
2025-11-27 09:34:00,6.0,5.7330027,6,-0.2669973373413086
2025-11-27 09:35:00,6.0,5.7104487,6,-0.2895512580871582
2025-11-27 09:36:00,6.0,5.8622932,6,-0.13770675659179688
2025-11-27 09:37:00,6.0,5.7796063,6,-0.22039365768432617
2025-11-27 09:38:00,6.0,5.9255247,6,-0.07447528839111328
2025-11-27 09:39:00,6.0,5.8536925,6,-0.14630746841430664
2025-11-27 09:40:00,6.0,5.890269,6,-0.10973119735717773
2025-11-27 09:41:00,6.0,5.69189,6,-0.30811023712158203
2025-11-27 09:42:00,6.0,5.6268015,6,-0.3731985092163086
2025-11-27 09:43:00,6.0,5.78839,6,-0.2116098403930664
2025-11-27 09:44:00,6.0,5.716839,6,-0.2831611633300781
2025-11-27 09:45:00,6.0,5.7528553,6,-0.2471446990966797
2025-11-27 09:46:00,6.0,5.821621,6,-0.17837905883789062
2025-11-27 09:47:00,6.0,5.7915463,6,-0.20845365524291992
2025-11-27 09:48:00,6.0,5.745495,6,-0.2545051574707031
2025-11-27 09:49:00,6.0,5.753358,6,-0.2466421127319336
2025-11-27 09:50:00,6.0,5.6264462,6,-0.3735537528991699
2025-11-27 09:51:00,6.0,5.714911,6,-0.28508901596069336
2025-11-27 09:52:00,6.0,5.650022,6,-0.349977970123291
2025-11-27 09:53:00,6.0,5.735597,6,-0.2644028663635254
2025-11-27 09:54:00,6.0,5.812258,6,-0.1877422332763672
2025-11-27 09:55:00,6.0,5.7355566,6,-0.26444339752197266
2025-11-27 09:56:00,6.0,5.7664146,6,-0.23358535766601562
2025-11-27 09:57:00,6.0,5.728206,6,-0.27179384231567383
2025-11-27 09:58:00,6.0,5.7119546,6,-0.28804540634155273
2025-11-27 09:59:00,6.0,5.6982293,6,-0.3017706871032715
2025-11-27 10:00:00,6.0,5.6639094,6,-0.3360905647277832
2025-11-27 10:01:00,6.0,5.705884,6,-0.2941160202026367
2025-11-27 10:02:00,6.0,5.744405,6,-0.25559520721435547
2025-11-27 10:03:00,6.0,5.711091,6,-0.2889089584350586
2025-11-27 10:04:00,6.0,5.683658,6,-0.3163418769836426
2025-11-27 10:05:00,6.0,5.708546,6,-0.29145383834838867
2025-11-27 10:06:00,6.0,5.6446514,6,-0.3553485870361328
2025-11-27 10:07:00,6.0,5.7504597,6,-0.2495403289794922
2025-11-27 10:08:00,6.0,5.722905,6,-0.27709484100341797
2025-11-27 10:09:00,6.0,5.8940835,6,-0.10591650009155273
2025-11-27 10:10:00,6.0,5.8255954,6,-0.17440462112426758
2025-11-27 10:11:00,6.0,5.8008633,6,-0.19913673400878906
2025-11-27 10:12:00,6.0,5.7455063,6,-0.25449371337890625
2025-11-27 10:13:00,6.0,5.73847,6,-0.26152992248535156
2025-11-27 10:14:00,6.0,5.795633,6,-0.20436716079711914
2025-11-27 10:15:00,6.0,5.623181,6,-0.3768191337585449
2025-11-27 10:16:00,6.0,5.617293,6,-0.3827071189880371
2025-11-27 10:17:00,6.0,5.6216516,6,-0.37834835052490234
2025-11-27 10:18:00,6.0,5.682861,6,-0.3171391487121582
2025-11-27 10:19:00,6.0,5.6886783,6,-0.3113217353820801
2025-11-27 10:20:00,6.0,5.7181,6,-0.28189992904663086
2025-11-27 10:21:00,6.0,5.7449327,6,-0.2550673484802246
2025-11-27 10:22:00,6.0,5.674094,6,-0.32590579986572266
2025-11-27 10:23:00,6.0,5.605701,6,-0.3942990303039551
2025-11-27 10:24:00,6.0,5.6971617,6,-0.3028383255004883
2025-11-27 10:25:00,6.0,5.7400045,6,-0.2599954605102539
2025-11-27 10:26:00,6.0,5.847457,6,-0.1525430679321289
2025-11-27 10:27:00,6.0,5.7579594,6,-0.24204063415527344
2025-11-27 10:28:00,6.0,5.8119383,6,-0.18806171417236328
2025-11-27 10:29:00,6.0,5.726593,6,-0.273406982421875
2025-11-27 10:30:00,6.0,5.7259407,6,-0.2740592956542969
2025-11-27 10:31:00,6.0,5.7291293,6,-0.2708706855773926
2025-11-27 10:32:00,6.0,5.7598767,6,-0.24012327194213867
2025-11-27 10:33:00,6.0,5.6644397,6,-0.33556032180786133
2025-11-27 10:34:00,6.0,5.685865,6,-0.3141350746154785
2025-11-27 10:35:00,6.0,5.7522163,6,-0.24778366088867188
2025-11-27 10:36:00,6.0,5.6242013,6,-0.37579870223999023
2025-11-27 10:37:00,6.0,5.672548,6,-0.3274521827697754
2025-11-27 10:38:00,6.0,5.639609,6,-0.36039113998413086
2025-11-27 10:39:00,6.0,5.7288957,6,-0.2711043357849121
2025-11-27 10:40:00,6.0,5.6722765,6,-0.32772350311279297
2025-11-27 10:41:00,6.0,5.6982727,6,-0.301727294921875
2025-11-27 10:42:00,6.0,5.7301517,6,-0.2698483467102051
2025-11-27 10:43:00,6.0,5.6819224,6,-0.31807756423950195
2025-11-27 10:44:00,6.0,5.700965,6,-0.29903507232666016
2025-11-27 10:45:00,6.0,5.742472,6,-0.25752782821655273
2025-11-27 10:46:00,6.0,5.7368298,6,-0.2631702423095703
2025-11-27 10:47:00,6.0,5.6670794,6,-0.33292055130004883
2025-11-27 10:48:00,6.0,5.714931,6,-0.28506898880004883
2025-11-27 10:49:00,6.0,5.631028,6,-0.3689718246459961
2025-11-27 10:50:00,6.0,5.6849127,6,-0.31508731842041016
2025-11-27 10:51:00,6.0,5.6683993,6,-0.3316006660461426
2025-11-27 10:52:00,6.0,5.670515,6,-0.3294849395751953
2025-11-27 10:53:00,6.0,5.645338,6,-0.3546619415283203
2025-11-27 10:54:00,6.0,5.730485,6,-0.2695150375366211
2025-11-27 10:55:00,6.0,5.7493043,6,-0.25069570541381836
2025-11-27 10:56:00,6.0,5.703246,6,-0.2967538833618164
2025-11-27 10:57:00,6.0,5.699628,6,-0.3003721237182617
2025-11-27 10:58:00,6.0,5.688561,6,-0.31143903732299805
2025-11-27 10:59:00,6.0,5.7191353,6,-0.2808647155761719
2025-11-27 11:00:00,6.0,5.782817,6,-0.21718311309814453
2025-11-27 11:01:00,6.0,5.7010946,6,-0.2989053726196289
2025-11-27 11:02:00,6.0,5.7713428,6,-0.22865724563598633
2025-11-27 11:03:00,6.0,5.6851254,6,-0.31487464904785156
2025-11-27 11:04:00,6.0,5.637226,6,-0.3627738952636719
2025-11-27 11:05:00,6.0,5.685029,6,-0.3149709701538086
2025-11-27 11:06:00,6.0,5.6717224,6,-0.328277587890625
2025-11-27 11:07:00,6.0,5.6251698,6,-0.3748302459716797
2025-11-27 11:08:00,6.0,5.6035967,6,-0.39640331268310547
2025-11-27 11:09:00,6.0,5.648415,6,-0.35158491134643555
2025-11-27 11:10:00,6.0,5.6721463,6,-0.3278536796569824
2025-11-27 11:11:00,6.0,5.739567,6,-0.2604331970214844
2025-11-27 11:12:00,6.0,5.7013764,6,-0.29862356185913086
2025-11-27 11:13:00,6.0,5.6974454,6,-0.3025546073913574
2025-11-27 11:14:00,6.0,5.667873,6,-0.33212709426879883
2025-11-27 11:15:00,6.0,5.7771387,6,-0.22286128997802734
2025-11-27 11:16:00,6.0,5.715523,6,-0.28447723388671875
2025-11-27 11:17:00,6.0,5.624838,6,-0.37516212463378906
2025-11-27 11:18:00,6.0,5.603799,6,-0.39620113372802734
2025-11-27 11:19:00,6.0,5.600863,6,-0.399137020111084
2025-11-27 11:20:00,6.0,5.6051855,6,-0.39481449127197266
2025-11-27 11:21:00,6.0,5.624943,6,-0.3750572204589844
2025-11-27 11:22:00,6.0,5.614534,6,-0.3854660987854004
2025-11-27 11:23:00,6.0,5.6087093,6,-0.39129066467285156
2025-11-27 11:24:00,6.0,5.606338,6,-0.3936619758605957
2025-11-27 11:25:00,6.0,5.5963707,6,-0.4036293029785156
2025-11-27 11:26:00,6.0,5.5006156,6,-0.49938440322875977
2025-11-27 11:27:00,6.0,5.578649,6,-0.42135095596313477
2025-11-27 11:28:00,6.0,5.5936637,6,-0.40633630752563477
2025-11-27 11:29:00,6.0,5.6095037,6,-0.39049625396728516
2025-11-27 11:30:00,6.0,5.7825527,6,-0.21744728088378906
2025-11-27 11:31:00,6.0,5.7499595,6,-0.25004053115844727
2025-11-27 11:32:00,6.0,5.676731,6,-0.3232688903808594
2025-11-27 11:33:00,6.0,5.685466,6,-0.31453418731689453
2025-11-27 11:34:00,6.0,5.6059155,6,-0.39408445358276367
2025-11-27 11:35:00,6.0,5.616356,6,-0.38364410400390625
2025-11-27 11:36:00,6.0,5.6036315,6,-0.39636850357055664
2025-11-27 11:37:00,6.0,5.6062827,6,-0.39371728897094727
2025-11-27 11:38:00,6.0,5.585684,6,-0.41431617736816406
2025-11-27 11:39:00,6.0,5.622918,6,-0.37708187103271484
2025-11-27 11:40:00,6.0,5.621875,6,-0.3781251907348633
2025-11-27 11:41:00,6.0,5.625066,6,-0.37493419647216797
2025-11-27 11:42:00,6.0,5.742236,6,-0.2577638626098633
2025-11-27 11:43:00,6.0,5.7680874,6,-0.23191261291503906
2025-11-27 11:44:00,6.0,5.6297054,6,-0.37029457092285156
2025-11-27 11:45:00,6.0,5.7120647,6,-0.2879352569580078
2025-11-27 11:46:00,6.0,5.622947,6,-0.37705278396606445
2025-11-27 11:47:00,6.0,5.6173654,6,-0.38263463973999023
2025-11-27 11:48:00,6.0,5.6122327,6,-0.38776731491088867
2025-11-27 11:49:00,6.0,5.606236,6,-0.39376401901245117
2025-11-27 11:50:00,6.0,5.61535,6,-0.38465023040771484
2025-11-27 11:51:00,6.0,5.715181,6,-0.2848191261291504
2025-11-27 11:52:00,6.0,5.662124,6,-0.3378758430480957
2025-11-27 11:53:00,6.0,5.6405826,6,-0.3594174385070801
2025-11-27 11:54:00,6.0,5.6575336,6,-0.3424663543701172
2025-11-27 11:55:00,6.0,5.615107,6,-0.38489294052124023
2025-11-27 11:56:00,6.0,5.617985,6,-0.3820152282714844
2025-11-27 11:57:00,6.0,5.6334686,6,-0.3665313720703125
2025-11-27 11:58:00,6.0,5.6717267,6,-0.32827329635620117
2025-11-27 11:59:00,6.0,5.6171694,6,-0.3828306198120117
2025-11-27 12:00:00,6.0,5.66106,6,-0.3389401435852051
2025-11-27 12:01:00,6.0,5.730963,6,-0.26903676986694336
2025-11-27 12:02:00,6.0,5.641738,6,-0.3582620620727539
2025-11-27 12:03:00,6.0,5.614072,6,-0.3859281539916992
2025-11-27 12:04:00,6.0,5.6461186,6,-0.3538813591003418
2025-11-27 12:05:00,6.0,5.6763997,6,-0.32360029220581055
2025-11-27 12:06:00,6.0,5.6124687,6,-0.3875312805175781
2025-11-27 12:07:00,6.0,5.625671,6,-0.3743290901184082
2025-11-27 12:08:00,6.0,5.5974407,6,-0.4025592803955078
2025-11-27 12:09:00,6.0,5.6102242,6,-0.38977575302124023
2025-11-27 12:10:00,6.0,5.61553,6,-0.38446998596191406
2025-11-27 12:11:00,6.0,5.6368527,6,-0.3631472587585449
2025-11-27 12:12:00,6.0,5.7099867,6,-0.29001331329345703
2025-11-27 12:13:00,6.0,5.7029133,6,-0.2970867156982422
2025-11-27 12:14:00,6.0,5.616869,6,-0.3831310272216797
2025-11-27 12:15:00,6.0,5.6647534,6,-0.33524656295776367
2025-11-27 12:16:00,6.0,5.6632366,6,-0.3367633819580078
2025-11-27 12:17:00,6.0,5.6118083,6,-0.38819169998168945
2025-11-27 12:18:00,6.0,5.6039653,6,-0.39603471755981445
2025-11-27 12:19:00,6.0,5.6117983,6,-0.3882017135620117
2025-11-27 12:20:00,6.0,5.6017704,6,-0.39822959899902344
2025-11-27 12:21:00,6.0,5.6030965,6,-0.39690351486206055
2025-11-27 12:22:00,6.0,5.6047225,6,-0.3952775001525879
2025-11-27 12:23:00,6.0,5.6225486,6,-0.37745141983032227
2025-11-27 12:24:00,6.0,5.7120523,6,-0.2879476547241211
2025-11-27 12:25:00,6.0,5.65527,6,-0.3447299003601074
2025-11-27 12:26:00,6.0,5.6302247,6,-0.36977529525756836
2025-11-27 12:27:00,6.0,5.60378,6,-0.39622020721435547
2025-11-27 12:28:00,6.0,5.588983,6,-0.41101694107055664
2025-11-27 12:29:00,6.0,5.5937395,6,-0.40626049041748047
2025-11-27 12:30:00,6.0,5.604176,6,-0.39582395553588867
2025-11-27 12:31:00,6.0,5.591737,6,-0.4082632064819336
2025-11-27 12:32:00,6.0,5.6610146,6,-0.3389854431152344
2025-11-27 12:33:00,6.0,5.645976,6,-0.35402393341064453
2025-11-27 12:34:00,6.0,5.7212296,6,-0.27877044677734375
2025-11-27 12:35:00,6.0,5.6514106,6,-0.3485894203186035
2025-11-27 12:36:00,6.0,5.623071,6,-0.37692880630493164
2025-11-27 12:37:00,6.0,5.6088524,6,-0.3911476135253906
2025-11-27 12:38:00,6.0,5.6011534,6,-0.3988466262817383
2025-11-27 12:39:00,6.0,5.5757713,6,-0.4242286682128906
2025-11-27 12:40:00,6.0,5.60336,6,-0.3966398239135742
2025-11-27 12:41:00,6.0,5.6095004,6,-0.3904995918273926
2025-11-27 12:42:00,6.0,5.651216,6,-0.3487839698791504
2025-11-27 12:43:00,6.0,5.655914,6,-0.3440861701965332
2025-11-27 12:44:00,6.0,5.620438,6,-0.3795619010925293
2025-11-27 12:45:00,6.0,5.7842646,6,-0.21573543548583984
2025-11-27 12:46:00,6.0,5.8597717,6,-0.140228271484375
2025-11-27 12:47:00,6.0,5.698332,6,-0.3016681671142578
2025-11-27 12:48:00,6.0,5.658605,6,-0.34139490127563477
2025-11-27 12:49:00,6.0,5.629573,6,-0.37042713165283203
2025-11-27 12:50:00,6.0,5.611423,6,-0.3885769844055176
2025-11-27 12:51:00,6.0,5.6024036,6,-0.3975963592529297
2025-11-27 12:52:00,6.0,5.602286,6,-0.39771413803100586
2025-11-27 12:53:00,6.0,5.592873,6,-0.40712690353393555
2025-11-27 12:54:00,6.0,5.600709,6,-0.3992910385131836
2025-11-27 12:55:00,6.0,5.6378264,6,-0.36217355728149414
2025-11-27 12:56:00,6.0,5.6521244,6,-0.34787559509277344
2025-11-27 12:57:00,6.0,5.617398,6,-0.3826022148132324
2025-11-27 12:58:00,6.0,5.6070285,6,-0.3929715156555176
2025-11-27 12:59:00,6.0,5.6463833,6,-0.35361671447753906
2025-11-27 13:00:00,6.0,5.5888166,6,-0.41118335723876953
2025-11-27 13:01:00,6.0,5.6144247,6,-0.3855752944946289
2025-11-27 13:02:00,6.0,5.606867,6,-0.39313316345214844
2025-11-27 13:03:00,6.0,5.6100707,6,-0.38992929458618164
2025-11-27 13:04:00,6.0,5.6059985,6,-0.39400148391723633
2025-11-27 13:05:00,6.0,5.6100626,6,-0.3899374008178711
2025-11-27 13:06:00,6.0,5.6015005,6,-0.3984994888305664
2025-11-27 13:07:00,6.0,5.568076,6,-0.43192386627197266
2025-11-27 13:08:00,6.0,5.5825114,6,-0.41748857498168945
2025-11-27 13:09:00,6.0,5.6060762,6,-0.3939237594604492
2025-11-27 13:10:00,6.0,5.683797,6,-0.31620311737060547
2025-11-27 13:11:00,6.0,5.6128087,6,-0.3871912956237793
2025-11-27 13:12:00,6.0,5.654103,6,-0.34589719772338867
2025-11-27 13:13:00,6.0,5.6483455,6,-0.3516545295715332
2025-11-27 13:14:00,6.0,5.721236,6,-0.2787637710571289
2025-11-27 13:15:00,6.0,5.678433,6,-0.3215670585632324
2025-11-27 13:16:00,6.0,5.6031265,6,-0.39687347412109375
2025-11-27 13:17:00,6.0,5.5932965,6,-0.40670347213745117
2025-11-27 13:18:00,6.0,5.58712,6,-0.41287994384765625
2025-11-27 13:19:00,6.0,5.597762,6,-0.4022378921508789
2025-11-27 13:20:00,6.0,5.610992,6,-0.3890080451965332
2025-11-27 13:21:00,6.0,5.630493,6,-0.3695068359375
2025-11-27 13:22:00,6.0,5.6067514,6,-0.3932485580444336
2025-11-27 13:23:00,6.0,5.681833,6,-0.31816720962524414
2025-11-27 13:24:00,6.0,5.61663,6,-0.38336992263793945
2025-11-27 13:25:00,6.0,5.7656026,6,-0.23439741134643555
2025-11-27 13:26:00,6.0,5.69792,6,-0.3020801544189453
2025-11-27 13:27:00,6.0,5.614603,6,-0.38539695739746094
2025-11-27 13:28:00,6.0,5.64032,6,-0.35968017578125
2025-11-27 13:29:00,6.0,5.77374,6,-0.22626018524169922
2025-11-27 13:30:00,6.0,5.6161394,6,-0.38386058807373047
2025-11-27 13:31:00,6.0,5.610393,6,-0.38960695266723633
2025-11-27 13:32:00,6.0,5.6040635,6,-0.3959364891052246
2025-11-27 13:33:00,6.0,5.591199,6,-0.4088010787963867
2025-11-27 13:34:00,6.0,5.6060677,6,-0.3939323425292969
2025-11-27 13:35:00,6.0,5.6217527,6,-0.3782472610473633
2025-11-27 13:36:00,6.0,5.6028924,6,-0.3971076011657715
2025-11-27 13:37:00,6.0,5.5907373,6,-0.40926265716552734
2025-11-27 13:38:00,6.0,5.582823,6,-0.4171772003173828
2025-11-27 13:39:00,6.0,5.5805635,6,-0.4194364547729492
2025-11-27 13:40:00,6.0,5.600148,6,-0.39985179901123047
2025-11-27 13:41:00,6.0,5.603137,6,-0.3968629837036133
2025-11-27 13:42:00,6.0,5.623666,6,-0.37633419036865234
2025-11-27 13:43:00,6.0,5.6102552,6,-0.38974475860595703
2025-11-27 13:44:00,6.0,5.673132,6,-0.32686805725097656
2025-11-27 13:45:00,6.0,5.6088347,6,-0.39116525650024414
2025-11-27 13:46:00,6.0,5.6057405,6,-0.3942594528198242
2025-11-27 13:47:00,6.0,5.6685266,6,-0.33147335052490234
2025-11-27 13:48:00,6.0,5.6724806,6,-0.32751941680908203
2025-11-27 13:49:00,6.0,5.666423,6,-0.33357715606689453
2025-11-27 13:50:00,6.0,5.6527762,6,-0.34722375869750977
2025-11-27 13:51:00,6.0,5.670908,6,-0.32909202575683594
2025-11-27 13:52:00,6.0,5.682689,6,-0.31731081008911133
2025-11-27 13:53:00,6.0,5.6577353,6,-0.34226465225219727
2025-11-27 13:54:00,6.0,5.619033,6,-0.3809671401977539
2025-11-27 13:55:00,6.0,5.598253,6,-0.4017472267150879
2025-11-27 13:56:00,6.0,5.592407,6,-0.4075927734375
2025-11-27 13:57:00,6.0,5.582072,6,-0.41792821884155273
2025-11-27 13:58:00,6.0,5.593507,6,-0.4064931869506836
2025-11-27 13:59:00,6.0,5.601234,6,-0.39876604080200195
2025-11-27 14:00:00,6.0,5.6986575,6,-0.3013424873352051
2025-11-27 14:01:00,6.0,5.688934,6,-0.3110661506652832
2025-11-27 14:02:00,6.0,5.685829,6,-0.31417083740234375
2025-11-27 14:03:00,6.0,5.7335534,6,-0.266446590423584
2025-11-27 14:04:00,6.0,5.995425,6,-0.004574775695800781
2025-11-27 14:05:00,6.0,5.756402,6,-0.24359798431396484
2025-11-27 14:06:00,6.0,5.748321,6,-0.2516789436340332
2025-11-27 14:07:00,6.0,5.6224318,6,-0.37756824493408203
2025-11-27 14:08:00,6.0,5.608908,6,-0.39109182357788086
2025-11-27 14:09:00,6.0,5.6059303,6,-0.3940696716308594
2025-11-27 14:10:00,6.0,5.621507,6,-0.3784928321838379
2025-11-27 14:11:00,6.0,5.8482475,6,-0.15175247192382812
2025-11-27 14:12:00,7.0,6.549767,7,-0.45023298263549805
2025-11-27 14:13:00,9.0,7.2886367,7,-1.7113633155822754
2025-11-27 14:14:00,11.0,9.289254,9,-1.7107458114624023
2025-11-27 14:15:00,12.0,10.484046,10,-1.5159540176391602
2025-11-27 14:16:00,12.0,11.668218,12,-0.33178234100341797
2025-11-27 14:17:00,12.0,12.153115,12,0.15311527252197266
2025-11-27 14:18:00,12.0,11.73885,12,-0.2611503601074219
2025-11-27 14:19:00,12.0,11.803774,12,-0.1962261199951172
2025-11-27 14:20:00,12.0,11.621876,12,-0.3781242370605469
2025-11-27 14:21:00,12.0,11.623153,12,-0.3768472671508789
2025-11-27 14:22:00,12.0,11.568402,12,-0.4315977096557617
2025-11-27 14:23:00,12.0,11.726388,12,-0.27361202239990234
2025-11-27 14:24:00,12.0,11.877137,12,-0.1228628158569336
2025-11-27 14:25:00,12.0,11.95751,12,-0.04249000549316406
2025-11-27 14:26:00,12.0,12.232009,12,0.2320089340209961
2025-11-27 14:27:00,12.0,12.274574,12,0.27457427978515625
2025-11-27 14:28:00,12.0,12.275108,12,0.27510833740234375
2025-11-27 14:29:00,12.0,12.4465065,12,0.4465065002441406
2025-11-27 14:30:00,12.0,12.316203,12,0.31620311737060547
2025-11-27 14:31:00,12.0,12.488912,12,0.48891162872314453
2025-11-27 14:32:00,12.0,12.644064,13,0.6440639495849609
2025-11-27 14:33:00,12.0,12.60417,13,0.6041698455810547
2025-11-27 14:34:00,12.0,12.783149,13,0.7831487655639648
2025-11-27 14:35:00,12.0,12.571719,13,0.5717191696166992
2025-11-27 14:36:00,12.0,13.039834,13,1.0398340225219727
2025-11-27 14:37:00,12.0,12.630897,13,0.6308965682983398
2025-11-27 14:38:00,12.0,12.503339,13,0.5033388137817383
2025-11-27 14:39:00,12.0,12.488435,12,0.4884347915649414
2025-11-27 14:40:00,12.0,12.79482,13,0.7948198318481445
2025-11-27 14:41:00,12.0,12.354549,12,0.3545494079589844
2025-11-27 14:42:00,12.0,12.563526,13,0.5635261535644531
2025-11-27 14:43:00,12.0,12.601402,13,0.6014022827148438
2025-11-27 14:44:00,12.0,12.216852,12,0.21685218811035156
2025-11-27 14:45:00,12.0,12.681855,13,0.6818552017211914
2025-11-27 14:46:00,12.0,12.29548,12,0.29547977447509766
2025-11-27 14:47:00,12.0,12.509973,13,0.5099725723266602
2025-11-27 14:48:00,12.0,12.847065,13,0.8470649719238281
2025-11-27 14:49:00,12.0,12.29882,12,0.29881954193115234
2025-11-27 14:50:00,12.0,12.524433,13,0.5244331359863281
2025-11-27 14:51:00,10.0,12.348726,12,2.348726272583008
2025-11-27 14:52:00,10.0,12.258327,12,2.258326530456543
2025-11-27 14:53:00,10.0,10.045347,10,0.04534721374511719
2025-11-27 14:54:00,10.0,11.586305,12,1.5863046646118164
2025-11-27 14:55:00,10.0,11.296977,11,1.2969770431518555
2025-11-27 14:56:00,10.0,11.238938,11,1.238938331604004
2025-11-27 14:57:00,10.0,10.817332,11,0.8173322677612305
2025-11-27 14:58:00,10.0,10.441669,10,0.4416694641113281
2025-11-27 14:59:00,10.0,10.358497,10,0.35849666595458984
2025-11-27 15:00:00,10.0,10.196182,10,0.1961822509765625
2025-11-27 15:01:00,10.0,10.058409,10,0.05840873718261719
2025-11-27 15:02:00,10.0,9.985132,10,-0.014867782592773438
2025-11-27 15:03:00,10.0,10.000189,10,0.0001888275146484375
2025-11-27 15:04:00,10.0,10.079478,10,0.07947826385498047
2025-11-27 15:05:00,10.0,10.259279,10,0.2592792510986328
2025-11-27 15:06:00,10.0,10.0953665,10,0.0953664779663086
2025-11-27 15:07:00,10.0,9.9571495,10,-0.042850494384765625
2025-11-27 15:08:00,10.0,9.97633,10,-0.023670196533203125
2025-11-27 15:09:00,10.0,9.97247,10,-0.02752971649169922
2025-11-27 15:10:00,10.0,10.036562,10,0.03656196594238281
2025-11-27 15:11:00,10.0,10.007495,10,0.007494926452636719
2025-11-27 15:12:00,10.0,10.147743,10,0.14774322509765625
2025-11-27 15:13:00,10.0,9.989021,10,-0.01097869873046875
2025-11-27 15:14:00,10.0,9.886309,10,-0.11369132995605469
2025-11-27 15:15:00,10.0,10.006616,10,0.006615638732910156
2025-11-27 15:16:00,10.0,10.097871,10,0.0978708267211914
2025-11-27 15:17:00,10.0,9.94791,10,-0.052089691162109375
2025-11-27 15:18:00,10.0,10.016968,10,0.0169677734375
2025-11-27 15:19:00,10.0,10.057521,10,0.05752086639404297
2025-11-27 15:20:00,10.0,10.139299,10,0.1392993927001953
2025-11-27 15:21:00,10.0,9.9896755,10,-0.010324478149414062
2025-11-27 15:22:00,10.0,9.999423,10,-0.0005769729614257812
2025-11-27 15:23:00,10.0,10.274716,10,0.2747163772583008
2025-11-27 15:24:00,10.0,10.156639,10,0.15663909912109375
2025-11-27 15:25:00,10.0,9.890688,10,-0.10931205749511719
2025-11-27 15:26:00,10.0,10.106874,10,0.10687446594238281
2025-11-27 15:27:00,10.0,9.869919,10,-0.1300811767578125
2025-11-27 15:28:00,10.0,10.032604,10,0.032604217529296875
2025-11-27 15:29:00,10.0,9.799898,10,-0.2001018524169922
2025-11-27 15:30:00,10.0,10.018399,10,0.01839923858642578
2025-11-27 15:31:00,10.0,10.131758,10,0.1317577362060547
2025-11-27 15:32:00,10.0,9.995193,10,-0.004807472229003906
2025-11-27 15:33:00,10.0,10.412227,10,0.41222667694091797
2025-11-27 15:34:00,10.0,10.036327,10,0.036327362060546875
2025-11-27 15:35:00,10.0,9.961398,10,-0.03860187530517578
2025-11-27 15:36:00,10.0,9.960782,10,-0.03921794891357422
2025-11-27 15:37:00,10.0,10.308697,10,0.3086967468261719
2025-11-27 15:38:00,10.0,10.056763,10,0.0567626953125
2025-11-27 15:39:00,10.0,10.183098,10,0.18309783935546875
2025-11-27 15:40:00,10.0,9.881959,10,-0.1180410385131836
2025-11-27 15:41:00,10.0,10.206114,10,0.2061138153076172
2025-11-27 15:42:00,10.0,10.033114,10,0.03311443328857422
2025-11-27 15:43:00,10.0,10.010218,10,0.010217666625976562
2025-11-27 15:44:00,10.0,10.114134,10,0.11413383483886719
2025-11-27 15:45:00,10.0,10.052846,10,0.05284595489501953
2025-11-27 15:46:00,10.0,10.145512,10,0.14551162719726562
2025-11-27 15:47:00,10.0,10.15199,10,0.15198993682861328
2025-11-27 15:48:00,10.0,10.239326,10,0.23932552337646484
2025-11-27 15:49:00,10.0,10.141044,10,0.14104366302490234
2025-11-27 15:50:00,10.0,10.057353,10,0.05735301971435547
2025-11-27 15:51:00,10.0,9.969,10,-0.031000137329101562
2025-11-27 15:52:00,10.0,10.064417,10,0.06441688537597656
2025-11-27 15:53:00,10.0,10.258687,10,0.25868701934814453
2025-11-27 15:54:00,10.0,10.118866,10,0.118865966796875
2025-11-27 15:55:00,10.0,10.276166,10,0.2761659622192383
2025-11-27 15:56:00,10.0,10.222018,10,0.22201824188232422
2025-11-27 15:57:00,10.0,10.059045,10,0.059044837951660156
2025-11-27 15:58:00,10.0,10.144633,10,0.14463329315185547
2025-11-27 15:59:00,10.0,9.961575,10,-0.038425445556640625
2025-11-27 16:00:00,10.0,9.979336,10,-0.020664215087890625
2025-11-27 16:01:00,10.0,9.87693,10,-0.12306976318359375
2025-11-27 16:02:00,10.0,9.84675,10,-0.15324974060058594
2025-11-27 16:03:00,10.0,10.1331625,10,0.1331624984741211
2025-11-27 16:04:00,10.0,10.10835,10,0.10834980010986328
2025-11-27 16:05:00,10.0,10.147441,10,0.14744091033935547
2025-11-27 16:06:00,10.0,10.159296,10,0.15929603576660156
2025-11-27 16:07:00,10.0,10.019046,10,0.01904582977294922
2025-11-27 16:08:00,10.0,9.810563,10,-0.1894369125366211
2025-11-27 16:09:00,10.0,10.159216,10,0.15921592712402344
2025-11-27 16:10:00,10.0,10.115391,10,0.11539077758789062
2025-11-27 16:11:00,10.0,9.965786,10,-0.034214019775390625
2025-11-27 16:12:00,10.0,10.070975,10,0.07097530364990234
2025-11-27 16:13:00,10.0,9.916117,10,-0.08388328552246094
2025-11-27 16:14:00,10.0,10.076793,10,0.07679271697998047
2025-11-27 16:15:00,10.0,9.916274,10,-0.0837259292602539
2025-11-27 16:16:00,10.0,9.955089,10,-0.04491138458251953
2025-11-27 16:17:00,10.0,10.042941,10,0.04294109344482422
2025-11-27 16:18:00,10.0,9.8353405,10,-0.1646595001220703
2025-11-27 16:19:00,10.0,9.740249,10,-0.2597513198852539
2025-11-27 16:20:00,10.0,10.092228,10,0.09222793579101562
2025-11-27 16:21:00,10.0,9.869798,10,-0.1302022933959961
2025-11-27 16:22:00,10.0,10.10317,10,0.10317039489746094
2025-11-27 16:23:00,10.0,10.134369,10,0.134368896484375
2025-11-27 16:24:00,10.0,10.028391,10,0.028390884399414062
2025-11-27 16:25:00,10.0,10.006654,10,0.006653785705566406
2025-11-27 16:26:00,10.0,10.000094,10,9.441375732421875e-05
2025-11-27 16:27:00,10.0,10.027069,10,0.027069091796875
2025-11-27 16:28:00,10.0,10.088379,10,0.08837890625
2025-11-27 16:29:00,10.0,9.913973,10,-0.08602714538574219
2025-11-27 16:30:00,10.0,10.175306,10,0.1753063201904297
2025-11-27 16:31:00,10.0,9.938803,10,-0.06119728088378906
2025-11-27 16:32:00,10.0,10.077046,10,0.07704639434814453
2025-11-27 16:33:00,10.0,9.983436,10,-0.016564369201660156
2025-11-27 16:34:00,10.0,10.030883,10,0.030882835388183594
2025-11-27 16:35:00,10.0,9.964546,10,-0.03545379638671875
2025-11-27 16:36:00,10.0,10.052434,10,0.05243396759033203
2025-11-27 16:37:00,10.0,9.902094,10,-0.09790611267089844
2025-11-27 16:38:00,10.0,9.992737,10,-0.00726318359375
2025-11-27 16:39:00,10.0,9.794097,10,-0.2059030532836914
2025-11-27 16:40:00,10.0,9.936143,10,-0.0638570785522461
2025-11-27 16:41:00,10.0,9.818421,10,-0.1815786361694336
2025-11-27 16:42:00,10.0,10.027657,10,0.02765655517578125
2025-11-27 16:43:00,10.0,9.986817,10,-0.013182640075683594
2025-11-27 16:44:00,10.0,10.111094,10,0.11109447479248047
2025-11-27 16:45:00,10.0,9.873591,10,-0.12640857696533203
2025-11-27 16:46:00,10.0,9.955565,10,-0.044434547424316406
2025-11-27 16:47:00,10.0,10.191571,10,0.19157123565673828
2025-11-27 16:48:00,10.0,10.070003,10,0.07000255584716797
2025-11-27 16:49:00,10.0,10.315832,10,0.31583213806152344
2025-11-27 16:50:00,10.0,10.130248,10,0.1302480697631836
2025-11-27 16:51:00,10.0,9.973418,10,-0.026581764221191406
2025-11-27 16:52:00,10.0,9.8499155,10,-0.1500844955444336
2025-11-27 16:53:00,10.0,9.837054,10,-0.16294574737548828
2025-11-27 16:54:00,10.0,9.770127,10,-0.2298727035522461
2025-11-27 16:55:00,10.0,9.908809,10,-0.09119129180908203
2025-11-27 16:56:00,10.0,9.909113,10,-0.09088706970214844
2025-11-27 16:57:00,10.0,10.036711,10,0.03671073913574219
2025-11-27 16:58:00,10.0,9.74315,10,-0.2568502426147461
2025-11-27 16:59:00,10.0,9.814855,10,-0.18514537811279297
2025-11-27 17:00:00,10.0,9.70852,10,-0.29148006439208984
2025-11-27 17:01:00,10.0,9.922603,10,-0.07739734649658203
2025-11-27 17:02:00,10.0,9.841334,10,-0.15866565704345703
2025-11-27 17:03:00,10.0,9.863695,10,-0.1363048553466797
2025-11-27 17:04:00,10.0,9.957086,10,-0.042914390563964844
2025-11-27 17:05:00,10.0,9.955011,10,-0.04498863220214844
2025-11-27 17:06:00,10.0,9.952597,10,-0.04740333557128906
2025-11-27 17:07:00,10.0,9.86564,10,-0.13436031341552734
2025-11-27 17:08:00,10.0,9.927551,10,-0.07244873046875
2025-11-27 17:09:00,10.0,9.791443,10,-0.20855712890625
2025-11-27 17:10:00,10.0,9.826963,10,-0.1730365753173828
2025-11-27 17:11:00,10.0,9.793232,10,-0.20676803588867188
2025-11-27 17:12:00,10.0,9.835196,10,-0.16480445861816406
2025-11-27 17:13:00,10.0,9.87343,10,-0.1265697479248047
2025-11-27 17:14:00,10.0,9.922554,10,-0.07744598388671875
2025-11-27 17:15:00,10.0,10.137174,10,0.13717365264892578
2025-11-27 17:16:00,10.0,9.843764,10,-0.1562356948852539
2025-11-27 17:17:00,10.0,10.120617,10,0.12061691284179688
2025-11-27 17:18:00,10.0,9.981083,10,-0.018917083740234375
2025-11-27 17:19:00,10.0,10.00482,10,0.0048198699951171875
2025-11-27 17:20:00,10.0,9.853964,10,-0.14603614807128906
2025-11-27 17:21:00,10.0,9.917144,10,-0.0828561782836914
2025-11-27 17:22:00,10.0,10.018214,10,0.01821422576904297
2025-11-27 17:23:00,10.0,9.98494,10,-0.0150604248046875
2025-11-27 17:24:00,10.0,9.913457,10,-0.08654308319091797
2025-11-27 17:25:00,10.0,9.996346,10,-0.0036535263061523438
2025-11-27 17:26:00,10.0,10.01437,10,0.014369964599609375
2025-11-27 17:27:00,10.0,10.162,10,0.16199970245361328
2025-11-27 17:28:00,10.0,10.07717,10,0.07717037200927734
2025-11-27 17:29:00,10.0,10.098458,10,0.09845829010009766
2025-11-27 17:30:00,10.0,10.313445,10,0.3134450912475586
2025-11-27 17:31:00,10.0,10.1034,10,0.10340023040771484
2025-11-27 17:32:00,10.0,9.983057,10,-0.016942977905273438
2025-11-27 17:33:00,10.0,10.054961,10,0.054961204528808594
2025-11-27 17:34:00,10.0,9.990178,10,-0.009821891784667969
2025-11-27 17:35:00,10.0,9.949438,10,-0.05056190490722656
2025-11-27 17:36:00,10.0,9.869316,10,-0.13068389892578125
2025-11-27 17:37:00,10.0,9.981722,10,-0.018278121948242188
2025-11-27 17:38:00,10.0,10.022826,10,0.022826194763183594
2025-11-27 17:39:00,10.0,9.996648,10,-0.0033521652221679688
2025-11-27 17:40:00,10.0,9.969124,10,-0.03087615966796875
2025-11-27 17:41:00,10.0,9.932749,10,-0.06725120544433594
2025-11-27 17:42:00,10.0,9.933183,10,-0.0668172836303711
2025-11-27 17:43:00,10.0,9.96531,10,-0.034689903259277344
2025-11-27 17:44:00,10.0,9.842537,10,-0.15746307373046875
2025-11-27 17:45:00,10.0,9.9628725,10,-0.03712749481201172
2025-11-27 17:46:00,10.0,10.074044,10,0.07404422760009766
2025-11-27 17:47:00,10.0,10.033733,10,0.033733367919921875
2025-11-27 17:48:00,10.0,10.104911,10,0.10491085052490234
2025-11-27 17:49:00,10.0,9.980434,10,-0.019565582275390625
2025-11-27 17:50:00,10.0,10.167651,10,0.16765117645263672
2025-11-27 17:51:00,10.0,10.194247,10,0.19424724578857422
2025-11-27 17:52:00,10.0,9.984113,10,-0.01588726043701172
2025-11-27 17:53:00,10.0,10.143747,10,0.14374732971191406
2025-11-27 17:54:00,10.0,10.067491,10,0.0674905776977539
2025-11-27 17:55:00,10.0,10.006613,10,0.0066127777099609375
2025-11-27 17:56:00,10.0,10.30978,10,0.3097801208496094
2025-11-27 17:57:00,10.0,9.843991,10,-0.15600872039794922
2025-11-27 17:58:00,10.0,10.091865,10,0.09186458587646484
2025-11-27 17:59:00,10.0,9.984642,10,-0.01535797119140625
2025-11-27 18:00:00,10.0,10.124935,10,0.12493515014648438
2025-11-27 18:01:00,10.0,9.96968,10,-0.030320167541503906
2025-11-27 18:02:00,10.0,9.851919,10,-0.14808082580566406
2025-11-27 18:03:00,10.0,9.872411,10,-0.12758922576904297
2025-11-27 18:04:00,10.0,10.09954,10,0.09953975677490234
2025-11-27 18:05:00,10.0,9.90812,10,-0.09187984466552734
2025-11-27 18:06:00,8.0,9.782755,10,1.782754898071289
2025-11-27 18:07:00,8.0,9.795426,10,1.795426368713379
2025-11-27 18:08:00,8.0,7.5065465,8,-0.4934535026550293
2025-11-27 18:09:00,8.0,9.435517,9,1.4355173110961914
2025-11-27 18:10:00,8.0,9.239481,9,1.239480972290039
2025-11-27 18:11:00,8.0,8.936348,9,0.9363479614257812
2025-11-27 18:12:00,8.0,8.7632885,9,0.7632884979248047
2025-11-27 18:13:00,8.0,8.522,9,0.5220003128051758
2025-11-27 18:14:00,8.0,8.603822,9,0.6038217544555664
2025-11-27 18:15:00,8.0,8.469983,8,0.4699831008911133
2025-11-27 18:16:00,8.0,8.324006,8,0.3240060806274414
2025-11-27 18:17:00,8.0,8.479705,8,0.4797048568725586
2025-11-27 18:18:00,8.0,8.2069845,8,0.2069845199584961
2025-11-27 18:19:00,8.0,8.387042,8,0.3870420455932617
2025-11-27 18:20:00,8.0,8.452069,8,0.4520692825317383
2025-11-27 18:21:00,8.0,8.317158,8,0.3171577453613281
2025-11-27 18:22:00,8.0,8.009978,8,0.009978294372558594
2025-11-27 18:23:00,8.0,8.170355,8,0.17035484313964844
2025-11-27 18:24:00,8.0,8.127123,8,0.1271228790283203
2025-11-27 18:25:00,8.0,8.47435,8,0.4743499755859375
2025-11-27 18:26:00,8.0,8.412874,8,0.4128742218017578
2025-11-27 18:27:00,8.0,8.352696,8,0.35269641876220703
2025-11-27 18:28:00,8.0,8.222598,8,0.22259807586669922
2025-11-27 18:29:00,8.0,8.16572,8,0.16571998596191406
2025-11-27 18:30:00,8.0,8.436343,8,0.4363431930541992
2025-11-27 18:31:00,8.0,8.47049,8,0.4704904556274414
2025-11-27 18:32:00,8.0,8.162035,8,0.1620349884033203
2025-11-27 18:33:00,8.0,8.197256,8,0.19725608825683594
2025-11-27 18:34:00,8.0,8.301221,8,0.3012208938598633
2025-11-27 18:35:00,8.0,8.370371,8,0.37037086486816406
2025-11-27 18:36:00,8.0,8.28259,8,0.2825899124145508
2025-11-27 18:37:00,8.0,8.433227,8,0.4332265853881836
2025-11-27 18:38:00,8.0,8.308971,8,0.3089714050292969
2025-11-27 18:39:00,8.0,8.328595,8,0.3285951614379883
2025-11-27 18:40:00,8.0,8.145628,8,0.1456279754638672
2025-11-27 18:41:00,8.0,8.325424,8,0.3254241943359375
2025-11-27 18:42:00,8.0,8.182345,8,0.18234539031982422
2025-11-27 18:43:00,8.0,8.024017,8,0.024017333984375
2025-11-27 18:44:00,8.0,7.8076997,8,-0.19230031967163086
2025-11-27 18:45:00,8.0,8.03509,8,0.03509044647216797
2025-11-27 18:46:00,8.0,8.120347,8,0.1203470230102539
2025-11-27 18:47:00,8.0,8.350441,8,0.35044097900390625
2025-11-27 18:48:00,8.0,8.260505,8,0.26050472259521484
2025-11-27 18:49:00,8.0,8.3364935,8,0.33649349212646484
2025-11-27 18:50:00,8.0,8.12586,8,0.12586021423339844
2025-11-27 18:51:00,8.0,8.345407,8,0.34540653228759766
2025-11-27 18:52:00,8.0,8.239045,8,0.2390451431274414
2025-11-27 18:53:00,8.0,8.326694,8,0.3266935348510742
2025-11-27 18:54:00,8.0,8.348576,8,0.3485755920410156
2025-11-27 18:55:00,8.0,8.314659,8,0.31465911865234375
2025-11-27 18:56:00,8.0,8.178119,8,0.17811870574951172
2025-11-27 18:57:00,8.0,8.180595,8,0.18059539794921875
2025-11-27 18:58:00,8.0,8.044477,8,0.04447746276855469
2025-11-27 18:59:00,8.0,7.9617147,8,-0.038285255432128906
2025-11-27 19:00:00,8.0,8.209632,8,0.20963191986083984
2025-11-27 19:01:00,8.0,8.107828,8,0.10782814025878906
2025-11-27 19:02:00,8.0,8.046804,8,0.04680442810058594
2025-11-27 19:03:00,8.0,8.445602,8,0.4456024169921875
2025-11-27 19:04:00,8.0,7.932856,8,-0.06714391708374023
2025-11-27 19:05:00,8.0,8.104428,8,0.10442829132080078
2025-11-27 19:06:00,8.0,8.104971,8,0.10497093200683594
2025-11-27 19:07:00,8.0,8.262852,8,0.2628517150878906
2025-11-27 19:08:00,8.0,8.071805,8,0.07180500030517578
2025-11-27 19:09:00,8.0,8.194546,8,0.19454574584960938
2025-11-27 19:10:00,8.0,8.205848,8,0.20584774017333984
2025-11-27 19:11:00,8.0,8.081105,8,0.08110523223876953
2025-11-27 19:12:00,8.0,8.319934,8,0.3199338912963867
2025-11-27 19:13:00,8.0,8.224706,8,0.22470569610595703
2025-11-27 19:14:00,8.0,8.154724,8,0.15472412109375
2025-11-27 19:15:00,8.0,8.334343,8,0.33434295654296875
2025-11-27 19:16:00,8.0,8.267856,8,0.2678556442260742
2025-11-27 19:17:00,8.0,8.314534,8,0.31453418731689453
2025-11-27 19:18:00,8.0,8.386494,8,0.3864936828613281
2025-11-27 19:19:00,8.0,8.23759,8,0.23758983612060547
2025-11-27 19:20:00,6.0,8.026517,8,2.026516914367676
2025-11-27 19:21:00,6.0,8.098917,8,2.098917007446289
2025-11-27 19:22:00,6.0,5.6468773,6,-0.3531227111816406
2025-11-27 19:23:00,6.0,7.117453,7,1.1174530982971191
2025-11-27 19:24:00,6.0,6.721522,7,0.7215218544006348
2025-11-27 19:25:00,6.0,6.69495,7,0.6949501037597656
2025-11-27 19:26:00,6.0,6.3914256,6,0.39142560958862305
2025-11-27 19:27:00,6.0,6.0417356,6,0.04173564910888672
2025-11-27 19:28:00,6.0,6.005744,6,0.005743980407714844
2025-11-27 19:29:00,6.0,5.930938,6,-0.0690622329711914
2025-11-27 19:30:00,6.0,5.890488,6,-0.1095118522644043
2025-11-27 19:31:00,6.0,6.0090117,6,0.00901174545288086
2025-11-27 19:32:00,6.0,5.9941506,6,-0.005849361419677734
2025-11-27 19:33:00,6.0,5.859425,6,-0.14057493209838867
2025-11-27 19:34:00,6.0,5.8432455,6,-0.1567544937133789
2025-11-27 19:35:00,6.0,5.8558373,6,-0.14416265487670898
2025-11-27 19:36:00,6.0,5.8898616,6,-0.1101384162902832
2025-11-27 19:37:00,6.0,5.8672123,6,-0.13278770446777344
2025-11-27 19:38:00,6.0,5.8418384,6,-0.15816164016723633
2025-11-27 19:39:00,6.0,5.8292804,6,-0.17071962356567383
2025-11-27 19:40:00,6.0,5.839161,6,-0.16083908081054688
2025-11-27 19:41:00,6.0,5.8446975,6,-0.1553025245666504
2025-11-27 19:42:00,6.0,5.7448645,6,-0.25513553619384766
2025-11-27 19:43:00,6.0,5.7794805,6,-0.2205195426940918
2025-11-27 19:44:00,6.0,5.715211,6,-0.2847890853881836
2025-11-27 19:45:00,6.0,5.6998405,6,-0.3001594543457031
2025-11-27 19:46:00,6.0,5.7635794,6,-0.2364206314086914
2025-11-27 19:47:00,6.0,5.7916937,6,-0.20830631256103516
2025-11-27 19:48:00,6.0,5.7851725,6,-0.2148275375366211
2025-11-27 19:49:00,6.0,5.778008,6,-0.22199201583862305
2025-11-27 19:50:00,6.0,5.7987895,6,-0.20121049880981445
2025-11-27 19:51:00,6.0,5.708849,6,-0.2911510467529297
2025-11-27 19:52:00,6.0,5.830815,6,-0.16918516159057617
2025-11-27 19:53:00,6.0,6.041372,6,0.041371822357177734
2025-11-27 19:54:00,6.0,5.8096766,6,-0.1903233528137207
2025-11-27 19:55:00,6.0,5.8589697,6,-0.14103031158447266
2025-11-27 19:56:00,6.0,5.701556,6,-0.2984437942504883
2025-11-27 19:57:00,6.0,5.7710066,6,-0.22899341583251953
2025-11-27 19:58:00,6.0,5.8164945,6,-0.18350553512573242
2025-11-27 19:59:00,6.0,5.953639,6,-0.04636096954345703
2025-11-27 20:00:00,6.0,5.857631,6,-0.14236879348754883
2025-11-27 20:01:00,6.0,5.8586407,6,-0.1413593292236328
2025-11-27 20:02:00,6.0,5.8268166,6,-0.17318344116210938
2025-11-27 20:03:00,6.0,5.820992,6,-0.17900800704956055
2025-11-27 20:04:00,6.0,5.725027,6,-0.27497291564941406
2025-11-27 20:05:00,6.0,5.7621064,6,-0.23789358139038086
2025-11-27 20:06:00,6.0,5.8052754,6,-0.19472455978393555
2025-11-27 20:07:00,6.0,5.8388762,6,-0.16112375259399414
2025-11-27 20:08:00,6.0,5.7967095,6,-0.20329046249389648
2025-11-27 20:09:00,6.0,5.7139606,6,-0.2860393524169922
2025-11-27 20:10:00,6.0,5.7868567,6,-0.21314334869384766
2025-11-27 20:11:00,6.0,5.854668,6,-0.14533185958862305
2025-11-27 20:12:00,6.0,5.867467,6,-0.13253307342529297
2025-11-27 20:13:00,6.0,5.8654165,6,-0.1345834732055664
2025-11-27 20:14:00,6.0,5.8043585,6,-0.19564151763916016
2025-11-27 20:15:00,6.0,5.8148756,6,-0.18512439727783203
2025-11-27 20:16:00,6.0,5.84002,6,-0.15997982025146484
2025-11-27 20:17:00,6.0,5.864453,6,-0.13554716110229492
2025-11-27 20:18:00,6.0,5.8051243,6,-0.19487571716308594
2025-11-27 20:19:00,6.0,5.7813582,6,-0.2186417579650879
2025-11-27 20:20:00,6.0,5.975055,6,-0.024944782257080078
2025-11-27 20:21:00,6.0,5.854621,6,-0.14537906646728516
2025-11-27 20:22:00,6.0,5.7865562,6,-0.21344375610351562
2025-11-27 20:23:00,6.0,5.7587504,6,-0.24124956130981445
2025-11-27 20:24:00,6.0,5.739288,6,-0.2607121467590332
2025-11-27 20:25:00,6.0,5.6916103,6,-0.30838966369628906
2025-11-27 20:26:00,6.0,5.714298,6,-0.2857022285461426
2025-11-27 20:27:00,6.0,5.6204143,6,-0.37958574295043945
2025-11-27 20:28:00,6.0,5.654077,6,-0.34592294692993164
2025-11-27 20:29:00,6.0,5.6649117,6,-0.33508825302124023
2025-11-27 20:30:00,6.0,5.815107,6,-0.18489313125610352
2025-11-27 20:31:00,6.0,5.843474,6,-0.1565260887145996
2025-11-27 20:32:00,6.0,5.981663,6,-0.018336772918701172
2025-11-27 20:33:00,6.0,5.821376,6,-0.17862415313720703
2025-11-27 20:34:00,6.0,5.880115,6,-0.11988496780395508
2025-11-27 20:35:00,6.0,5.759507,6,-0.2404928207397461
2025-11-27 20:36:00,6.0,5.883547,6,-0.11645317077636719
2025-11-27 20:37:00,6.0,5.7488003,6,-0.25119972229003906
2025-11-27 20:38:00,6.0,5.6982737,6,-0.3017263412475586
2025-11-27 20:39:00,6.0,5.769037,6,-0.23096323013305664
2025-11-27 20:40:00,6.0,5.728481,6,-0.27151918411254883
2025-11-27 20:41:00,6.0,5.7913504,6,-0.2086496353149414
2025-11-27 20:42:00,6.0,5.833235,6,-0.1667652130126953
2025-11-27 20:43:00,6.0,5.8214517,6,-0.17854833602905273
2025-11-27 20:44:00,6.0,5.885715,6,-0.11428499221801758
2025-11-27 20:45:00,6.0,5.721214,6,-0.27878618240356445
2025-11-27 20:46:00,6.0,5.721619,6,-0.2783808708190918
2025-11-27 20:47:00,6.0,5.796583,6,-0.2034168243408203
2025-11-27 20:48:00,6.0,5.970164,6,-0.029836177825927734
2025-11-27 20:49:00,6.0,5.9213777,6,-0.07862234115600586
2025-11-27 20:50:00,6.0,5.7907643,6,-0.20923566818237305
2025-11-27 20:51:00,6.0,5.76444,6,-0.23555994033813477
2025-11-27 20:52:00,6.0,5.833275,6,-0.16672515869140625
2025-11-27 20:53:00,6.0,5.850017,6,-0.14998292922973633
2025-11-27 20:54:00,6.0,5.8774076,6,-0.12259244918823242
2025-11-27 20:55:00,6.0,5.7877564,6,-0.21224355697631836
2025-11-27 20:56:00,6.0,5.726751,6,-0.27324914932250977
2025-11-27 20:57:00,6.0,5.807907,6,-0.1920928955078125
2025-11-27 20:58:00,6.0,5.834964,6,-0.16503620147705078
2025-11-27 20:59:00,6.0,5.8427544,6,-0.15724563598632812
2025-11-27 21:00:00,6.0,5.8484144,6,-0.15158557891845703
2025-11-27 21:01:00,6.0,5.7862377,6,-0.2137622833251953
2025-11-27 21:02:00,6.0,5.6949606,6,-0.3050394058227539
2025-11-27 21:03:00,6.0,5.8444123,6,-0.15558767318725586
2025-11-27 21:04:00,6.0,5.7791896,6,-0.2208104133605957
2025-11-27 21:05:00,6.0,5.8789268,6,-0.12107324600219727
2025-11-27 21:06:00,6.0,5.841441,6,-0.15855884552001953
2025-11-27 21:07:00,6.0,5.813417,6,-0.1865830421447754
2025-11-27 21:08:00,6.0,5.8423567,6,-0.15764331817626953
2025-11-27 21:09:00,6.0,5.7046323,6,-0.2953677177429199
2025-11-27 21:10:00,6.0,5.8916035,6,-0.10839653015136719
2025-11-27 21:11:00,6.0,5.9198337,6,-0.08016633987426758
2025-11-27 21:12:00,6.0,5.7823453,6,-0.21765470504760742
2025-11-27 21:13:00,6.0,5.8521495,6,-0.14785051345825195
2025-11-27 21:14:00,6.0,5.926975,6,-0.07302522659301758
2025-11-27 21:15:00,6.0,5.835556,6,-0.1644439697265625
2025-11-27 21:16:00,6.0,5.7638044,6,-0.23619556427001953
2025-11-27 21:17:00,6.0,5.8062263,6,-0.19377374649047852
2025-11-27 21:18:00,6.0,5.714867,6,-0.28513288497924805
2025-11-27 21:19:00,6.0,5.8540726,6,-0.14592742919921875
2025-11-27 21:20:00,6.0,5.8193154,6,-0.18068456649780273
2025-11-27 21:21:00,6.0,5.864674,6,-0.13532590866088867
2025-11-27 21:22:00,6.0,5.8371334,6,-0.16286659240722656
2025-11-27 21:23:00,6.0,5.835107,6,-0.16489315032958984
2025-11-27 21:24:00,6.0,5.7966046,6,-0.20339536666870117
2025-11-27 21:25:00,6.0,5.874717,6,-0.12528276443481445
2025-11-27 21:26:00,6.0,5.923901,6,-0.07609891891479492
2025-11-27 21:27:00,6.0,5.880521,6,-0.11947917938232422
2025-11-27 21:28:00,6.0,5.8804183,6,-0.11958169937133789
2025-11-27 21:29:00,6.0,5.8366513,6,-0.16334867477416992
2025-11-27 21:30:00,6.0,5.7575617,6,-0.24243831634521484
2025-11-27 21:31:00,6.0,5.835548,6,-0.16445207595825195
2025-11-27 21:32:00,6.0,5.7309437,6,-0.2690563201904297
2025-11-27 21:33:00,6.0,5.903125,6,-0.09687519073486328
2025-11-27 21:34:00,6.0,5.8052955,6,-0.19470453262329102
2025-11-27 21:35:00,6.0,5.8830056,6,-0.11699438095092773
2025-11-27 21:36:00,6.0,5.8364615,6,-0.16353845596313477
2025-11-27 21:37:00,6.0,5.976588,6,-0.023412227630615234
2025-11-27 21:38:00,6.0,5.8348947,6,-0.16510534286499023
2025-11-27 21:39:00,6.0,5.8193536,6,-0.18064641952514648
2025-11-27 21:40:00,6.0,5.768048,6,-0.23195219039916992
2025-11-27 21:41:00,6.0,5.786488,6,-0.21351194381713867
2025-11-27 21:42:00,6.0,5.8227124,6,-0.17728757858276367
2025-11-27 21:43:00,6.0,5.8314548,6,-0.16854524612426758
2025-11-27 21:44:00,6.0,5.7822413,6,-0.2177586555480957
2025-11-27 21:45:00,6.0,5.8140526,6,-0.18594741821289062
2025-11-27 21:46:00,6.0,5.8428817,6,-0.1571183204650879
2025-11-27 21:47:00,6.0,5.894579,6,-0.10542106628417969
2025-11-27 21:48:00,6.0,5.7640004,6,-0.23599958419799805
2025-11-27 21:49:00,6.0,5.6855946,6,-0.3144054412841797
2025-11-27 21:50:00,6.0,5.784195,6,-0.2158050537109375
2025-11-27 21:51:00,6.0,5.7835727,6,-0.21642732620239258
2025-11-27 21:52:00,6.0,5.9791336,6,-0.02086639404296875
2025-11-27 21:53:00,6.0,6.2584476,6,0.25844764709472656
2025-11-27 21:54:00,6.0,5.8742456,6,-0.12575435638427734
2025-11-27 21:55:00,6.0,5.937622,6,-0.0623779296875
2025-11-27 21:56:00,6.0,5.7024264,6,-0.2975735664367676
2025-11-27 21:57:00,6.0,5.7250385,6,-0.2749614715576172
2025-11-27 21:58:00,6.0,5.7732453,6,-0.22675466537475586
2025-11-27 21:59:00,6.0,5.7694526,6,-0.23054742813110352
2025-11-27 22:00:00,6.0,5.719345,6,-0.2806549072265625
2025-11-27 22:01:00,6.0,5.8316917,6,-0.16830825805664062
2025-11-27 22:02:00,6.0,5.81903,6,-0.1809701919555664
2025-11-27 22:03:00,6.0,5.795383,6,-0.20461702346801758
2025-11-27 22:04:00,6.0,5.702063,6,-0.29793691635131836
2025-11-27 22:05:00,6.0,5.7292213,6,-0.2707786560058594
2025-11-27 22:06:00,6.0,5.7397904,6,-0.2602095603942871
2025-11-27 22:07:00,6.0,5.6431155,6,-0.3568844795227051
2025-11-27 22:08:00,6.0,5.751545,6,-0.24845504760742188
2025-11-27 22:09:00,6.0,5.6741705,6,-0.32582950592041016
2025-11-27 22:10:00,6.0,5.6317377,6,-0.36826229095458984
2025-11-27 22:11:00,6.0,5.698738,6,-0.30126190185546875
2025-11-27 22:12:00,6.0,5.808809,6,-0.1911911964416504
2025-11-27 22:13:00,6.0,5.8077254,6,-0.1922745704650879
2025-11-27 22:14:00,6.0,5.8288827,6,-0.17111730575561523
2025-11-27 22:15:00,6.0,5.8199496,6,-0.18005037307739258
2025-11-27 22:16:00,6.0,5.8613453,6,-0.1386547088623047
2025-11-27 22:17:00,6.0,5.8926654,6,-0.10733461380004883
2025-11-27 22:18:00,6.0,5.87333,6,-0.12666988372802734
2025-11-27 22:19:00,6.0,5.8089623,6,-0.19103765487670898
2025-11-27 22:20:00,6.0,5.8449774,6,-0.15502262115478516
2025-11-27 22:21:00,6.0,5.769827,6,-0.23017311096191406
2025-11-27 22:22:00,6.0,5.686204,6,-0.3137960433959961
2025-11-27 22:23:00,6.0,5.795178,6,-0.20482206344604492
2025-11-27 22:24:00,6.0,5.8460345,6,-0.15396547317504883
2025-11-27 22:25:00,6.0,5.851918,6,-0.14808177947998047
2025-11-27 22:26:00,6.0,5.7610273,6,-0.23897266387939453
2025-11-27 22:27:00,6.0,5.909331,6,-0.09066915512084961
2025-11-27 22:28:00,6.0,5.7808194,6,-0.21918058395385742
2025-11-27 22:29:00,6.0,5.7375517,6,-0.2624483108520508
2025-11-27 22:30:00,6.0,5.688941,6,-0.31105899810791016
2025-11-27 22:31:00,6.0,5.6714783,6,-0.328521728515625
2025-11-27 22:32:00,6.0,5.625329,6,-0.37467098236083984
2025-11-27 22:33:00,6.0,5.7034807,6,-0.29651927947998047
2025-11-27 22:34:00,6.0,5.6774874,6,-0.3225126266479492
2025-11-27 22:35:00,6.0,5.805727,6,-0.1942729949951172
2025-11-27 22:36:00,6.0,5.8790493,6,-0.12095069885253906
2025-11-27 22:37:00,6.0,5.7755427,6,-0.2244572639465332
2025-11-27 22:38:00,6.0,5.7393303,6,-0.2606697082519531
2025-11-27 22:39:00,6.0,5.9139066,6,-0.08609342575073242
2025-11-27 22:40:00,6.0,5.78377,6,-0.21622991561889648
2025-11-27 22:41:00,6.0,5.848411,6,-0.15158891677856445
2025-11-27 22:42:00,6.0,5.89399,6,-0.10600996017456055
2025-11-27 22:43:00,6.0,5.859671,6,-0.14032888412475586
2025-11-27 22:44:00,6.0,5.7266006,6,-0.27339935302734375
2025-11-27 22:45:00,6.0,5.7391987,6,-0.2608013153076172
2025-11-27 22:46:00,6.0,5.718246,6,-0.2817540168762207
2025-11-27 22:47:00,6.0,5.776072,6,-0.22392797470092773
2025-11-27 22:48:00,6.0,5.65915,6,-0.3408498764038086
2025-11-27 22:49:00,6.0,5.694246,6,-0.3057541847229004
2025-11-27 22:50:00,6.0,5.729115,6,-0.27088499069213867
2025-11-27 22:51:00,6.0,5.746538,6,-0.2534618377685547
2025-11-27 22:52:00,6.0,5.6939235,6,-0.3060765266418457
2025-11-27 22:53:00,6.0,5.701733,6,-0.2982668876647949
2025-11-27 22:54:00,6.0,5.7492275,6,-0.25077247619628906
2025-11-27 22:55:00,6.0,5.795231,6,-0.20476913452148438
2025-11-27 22:56:00,6.0,5.7774143,6,-0.22258567810058594
2025-11-27 22:57:00,6.0,5.8484664,6,-0.1515336036682129
2025-11-27 22:58:00,6.0,5.726818,6,-0.2731819152832031
2025-11-27 22:59:00,6.0,5.8068666,6,-0.19313335418701172
2025-11-27 23:00:00,6.0,5.77645,6,-0.22354984283447266
2025-11-27 23:01:00,6.0,5.709567,6,-0.2904329299926758
2025-11-27 23:02:00,6.0,5.8023667,6,-0.1976332664489746
2025-11-27 23:03:00,6.0,5.7301126,6,-0.26988744735717773
2025-11-27 23:04:00,6.0,5.761087,6,-0.23891305923461914
2025-11-27 23:05:00,6.0,5.8475027,6,-0.1524972915649414
2025-11-27 23:06:00,6.0,5.799549,6,-0.20045089721679688
2025-11-27 23:07:00,6.0,5.708634,6,-0.2913661003112793
2025-11-27 23:08:00,6.0,5.737121,6,-0.2628788948059082
2025-11-27 23:09:00,6.0,5.705124,6,-0.2948760986328125
2025-11-27 23:10:00,6.0,5.911998,6,-0.08800220489501953
2025-11-27 23:11:00,6.0,5.9000587,6,-0.09994125366210938
2025-11-27 23:12:00,6.0,5.7431655,6,-0.2568345069885254
2025-11-27 23:13:00,6.0,5.6796556,6,-0.3203444480895996
2025-11-27 23:14:00,6.0,5.6285596,6,-0.37144041061401367
2025-11-27 23:15:00,6.0,5.626449,6,-0.3735508918762207
2025-11-27 23:16:00,6.0,5.6092157,6,-0.39078426361083984
2025-11-27 23:17:00,6.0,5.7210126,6,-0.27898740768432617
2025-11-27 23:18:00,6.0,5.6992764,6,-0.3007235527038574
2025-11-27 23:19:00,6.0,5.7523355,6,-0.2476644515991211
2025-11-27 23:20:00,6.0,5.8009872,6,-0.19901275634765625
2025-11-27 23:21:00,6.0,5.666841,6,-0.3331589698791504
2025-11-27 23:22:00,6.0,5.6690435,6,-0.33095645904541016
2025-11-27 23:23:00,6.0,5.7489295,6,-0.251070499420166
2025-11-27 23:24:00,6.0,5.701337,6,-0.2986631393432617
2025-11-27 23:25:00,6.0,5.756173,6,-0.24382686614990234
2025-11-27 23:26:00,6.0,5.699371,6,-0.3006291389465332
2025-11-27 23:27:00,6.0,5.725223,6,-0.2747769355773926
2025-11-27 23:28:00,6.0,5.6854353,6,-0.31456470489501953
2025-11-27 23:29:00,6.0,5.6621923,6,-0.33780765533447266
2025-11-27 23:30:00,6.0,5.788959,6,-0.21104097366333008
2025-11-27 23:31:00,6.0,5.857675,6,-0.14232492446899414
2025-11-27 23:32:00,6.0,5.749173,6,-0.2508268356323242
2025-11-27 23:33:00,6.0,5.802242,6,-0.19775819778442383
2025-11-27 23:34:00,6.0,5.6921973,6,-0.307802677154541
2025-11-27 23:35:00,6.0,5.7409396,6,-0.2590603828430176
2025-11-27 23:36:00,6.0,5.713393,6,-0.2866067886352539
2025-11-27 23:37:00,6.0,5.630051,6,-0.3699488639831543
2025-11-27 23:38:00,6.0,5.7183466,6,-0.28165340423583984
2025-11-27 23:39:00,6.0,5.713451,6,-0.28654909133911133
2025-11-27 23:40:00,6.0,5.714346,6,-0.28565406799316406
2025-11-27 23:41:00,6.0,5.671464,6,-0.3285360336303711
2025-11-27 23:42:00,6.0,5.723402,6,-0.2765979766845703
2025-11-27 23:43:00,6.0,5.763165,6,-0.23683500289916992
2025-11-27 23:44:00,6.0,5.731747,6,-0.2682528495788574
2025-11-27 23:45:00,6.0,5.63233,6,-0.36767005920410156
2025-11-27 23:46:00,6.0,5.6810017,6,-0.3189983367919922
2025-11-27 23:47:00,6.0,5.6303153,6,-0.36968469619750977
2025-11-27 23:48:00,6.0,5.6632853,6,-0.3367147445678711
2025-11-27 23:49:00,6.0,5.7535105,6,-0.2464895248413086
2025-11-27 23:50:00,6.0,5.6791325,6,-0.32086753845214844
2025-11-27 23:51:00,6.0,5.6898727,6,-0.31012725830078125
2025-11-27 23:52:00,6.0,5.7174106,6,-0.2825894355773926
2025-11-27 23:53:00,6.0,5.614467,6,-0.38553285598754883
2025-11-27 23:54:00,4.0,5.632329,6,1.632328987121582
2025-11-27 23:55:00,4.0,5.585913,6,1.5859131813049316
2025-11-27 23:56:00,4.0,4.7498336,5,0.7498335838317871
2025-11-27 23:57:00,4.0,5.0988417,5,1.098841667175293
2025-11-27 23:58:00,4.0,5.2233763,5,1.2233762741088867
2025-11-27 23:59:00,4.0,4.993187,5,0.9931869506835938
2025-11-28 00:00:00,4.0,4.9266496,5,0.9266495704650879
2025-11-28 00:01:00,4.0,4.5560155,5,0.5560154914855957
2025-11-28 00:02:00,4.0,4.617906,5,0.6179060935974121
2025-11-28 00:03:00,4.0,4.380585,4,0.3805851936340332
2025-11-28 00:04:00,2.0,4.3092456,4,2.3092455863952637
2025-11-28 00:05:00,2.0,4.093461,4,2.093461036682129
2025-11-28 00:06:00,2.0,2.977662,3,0.9776620864868164
2025-11-28 00:07:00,2.0,2.9091341,3,0.9091341495513916
2025-11-28 00:08:00,2.0,2.872007,3,0.872006893157959
2025-11-28 00:09:00,2.0,2.8423984,3,0.8423984050750732
2025-11-28 00:10:00,2.0,2.7831957,3,0.7831957340240479
2025-11-28 00:11:00,2.0,2.9466548,3,0.9466547966003418
2025-11-28 00:12:00,3.0,3.0176878,3,0.01768779754638672
2025-11-28 00:13:00,3.0,2.8590364,3,-0.14096355438232422
2025-11-28 00:14:00,3.0,3.2906754,3,0.29067540168762207
2025-11-28 00:15:00,3.0,3.0190458,3,0.01904582977294922
2025-11-28 00:16:00,3.0,3.0480392,3,0.04803919792175293
2025-11-28 00:17:00,3.0,3.1019285,3,0.1019284725189209
2025-11-28 00:18:00,3.0,3.0748444,3,0.0748443603515625
2025-11-28 00:19:00,3.0,3.0663338,3,0.06633377075195312
2025-11-28 00:20:00,3.0,3.0627244,3,0.06272435188293457
2025-11-28 00:21:00,3.0,3.0772285,3,0.07722854614257812
2025-11-28 00:22:00,3.0,3.0729265,3,0.07292652130126953
2025-11-28 00:23:00,3.0,3.0217497,3,0.02174973487854004
2025-11-28 00:24:00,3.0,3.0482438,3,0.04824376106262207
2025-11-28 00:25:00,3.0,3.0407684,3,0.04076838493347168
2025-11-28 00:26:00,3.0,3.06558,3,0.06557989120483398
2025-11-28 00:27:00,3.0,3.147973,3,0.14797306060791016
2025-11-28 00:28:00,3.0,3.0216253,3,0.021625280380249023
2025-11-28 00:29:00,3.0,3.047393,3,0.047393083572387695
2025-11-28 00:30:00,3.0,3.0243404,3,0.024340391159057617
2025-11-28 00:31:00,3.0,3.0238464,3,0.02384638786315918
2025-11-28 00:32:00,3.0,3.0348256,3,0.03482556343078613
2025-11-28 00:33:00,3.0,3.0159764,3,0.015976428985595703
2025-11-28 00:34:00,3.0,3.026452,3,0.026452064514160156
2025-11-28 00:35:00,3.0,3.209495,3,0.20949506759643555
2025-11-28 00:36:00,3.0,3.3219786,3,0.3219785690307617
2025-11-28 00:37:00,3.0,3.3872156,3,0.38721561431884766
2025-11-28 00:38:00,3.0,3.1964855,3,0.1964855194091797
2025-11-28 00:39:00,3.0,3.0582063,3,0.05820631980895996
2025-11-28 00:40:00,3.0,3.0606725,3,0.06067252159118652
2025-11-28 00:41:00,3.0,3.0944862,3,0.09448623657226562
2025-11-28 00:42:00,3.0,3.1744387,3,0.1744387149810791
2025-11-28 00:43:00,3.0,3.2415133,3,0.24151325225830078
2025-11-28 00:44:00,3.0,3.0217755,3,0.021775484085083008
2025-11-28 00:45:00,3.0,3.152335,3,0.15233492851257324
2025-11-28 00:46:00,3.0,3.1413782,3,0.14137816429138184
2025-11-28 00:47:00,3.0,3.1195128,3,0.11951279640197754
2025-11-28 00:48:00,3.0,3.2534873,3,0.25348734855651855
2025-11-28 00:49:00,3.0,3.1367042,3,0.1367042064666748
2025-11-28 00:50:00,3.0,3.2904594,3,0.29045939445495605
2025-11-28 00:51:00,3.0,3.4484928,3,0.44849276542663574
2025-11-28 00:52:00,3.0,3.7141612,4,0.7141611576080322
2025-11-28 00:53:00,3.0,3.9653976,4,0.9653975963592529
2025-11-28 00:54:00,3.0,3.8835292,4,0.8835291862487793
2025-11-28 00:55:00,3.0,3.71971,4,0.719710111618042
2025-11-28 00:56:00,3.0,3.3507922,3,0.35079216957092285
2025-11-28 00:57:00,3.0,3.195595,3,0.19559502601623535
2025-11-28 00:58:00,3.0,3.1750565,3,0.17505645751953125
2025-11-28 00:59:00,3.0,3.2324111,3,0.23241114616394043
2025-11-28 01:00:00,3.0,3.2312386,3,0.23123860359191895
2025-11-28 01:01:00,3.0,3.262173,3,0.2621729373931885
2025-11-28 01:02:00,3.0,3.0317934,3,0.03179335594177246
2025-11-28 01:03:00,3.0,3.1827912,3,0.18279123306274414
2025-11-28 01:04:00,3.0,3.1265597,3,0.12655973434448242
2025-11-28 01:05:00,3.0,3.2300165,3,0.23001646995544434
2025-11-28 01:06:00,3.0,3.1369696,3,0.13696956634521484
2025-11-28 01:07:00,3.0,3.0479348,3,0.047934770584106445
2025-11-28 01:08:00,3.0,3.136672,3,0.1366720199584961
2025-11-28 01:09:00,3.0,2.9913392,3,-0.00866079330444336
2025-11-28 01:10:00,3.0,3.0559304,3,0.055930376052856445
2025-11-28 01:11:00,3.0,2.9434235,3,-0.05657649040222168
2025-11-28 01:12:00,3.0,2.9904315,3,-0.009568452835083008
2025-11-28 01:13:00,3.0,2.9621017,3,-0.03789830207824707
2025-11-28 01:14:00,3.0,3.044418,3,0.0444180965423584
2025-11-28 01:15:00,3.0,3.080445,3,0.0804450511932373
2025-11-28 01:16:00,3.0,3.0824306,3,0.08243060111999512
2025-11-28 01:17:00,3.0,2.9605393,3,-0.03946065902709961
2025-11-28 01:18:00,3.0,2.9909348,3,-0.00906515121459961
2025-11-28 01:19:00,3.0,2.9320908,3,-0.06790924072265625
2025-11-28 01:20:00,3.0,2.9222147,3,-0.07778525352478027
2025-11-28 01:21:00,3.0,3.0044768,3,0.004476785659790039
2025-11-28 01:22:00,3.0,2.8182433,3,-0.18175673484802246
2025-11-28 01:23:00,3.0,2.9778943,3,-0.022105693817138672
2025-11-28 01:24:00,3.0,2.9865956,3,-0.013404369354248047
2025-11-28 01:25:00,3.0,3.0081255,3,0.008125543594360352
2025-11-28 01:26:00,3.0,3.0728157,3,0.0728156566619873
2025-11-28 01:27:00,3.0,3.01957,3,0.019570112228393555
2025-11-28 01:28:00,3.0,3.0178363,3,0.017836332321166992
2025-11-28 01:29:00,3.0,2.9859393,3,-0.014060735702514648
2025-11-28 01:30:00,3.0,2.8759735,3,-0.12402653694152832
2025-11-28 01:31:00,3.0,2.9918835,3,-0.008116483688354492
2025-11-28 01:32:00,3.0,2.9696214,3,-0.03037858009338379
2025-11-28 01:33:00,3.0,2.9851398,3,-0.014860153198242188
2025-11-28 01:34:00,3.0,2.9773793,3,-0.022620677947998047
2025-11-28 01:35:00,3.0,2.946752,3,-0.053247928619384766
2025-11-28 01:36:00,3.0,3.06862,3,0.06861996650695801
2025-11-28 01:37:00,3.0,2.966253,3,-0.033746957778930664
2025-11-28 01:38:00,3.0,2.946348,3,-0.053652048110961914
2025-11-28 01:39:00,3.0,2.9230158,3,-0.07698416709899902
2025-11-28 01:40:00,3.0,2.9384708,3,-0.06152915954589844
2025-11-28 01:41:00,3.0,3.013013,3,0.013012886047363281
2025-11-28 01:42:00,3.0,2.9870317,3,-0.012968301773071289
2025-11-28 01:43:00,3.0,2.978595,3,-0.02140498161315918
2025-11-28 01:44:00,3.0,3.0076642,3,0.007664203643798828
2025-11-28 01:45:00,3.0,2.9464936,3,-0.05350637435913086
2025-11-28 01:46:00,3.0,2.9732347,3,-0.02676534652709961
2025-11-28 01:47:00,3.0,2.979954,3,-0.020045995712280273
2025-11-28 01:48:00,3.0,3.0141385,3,0.014138460159301758
2025-11-28 01:49:00,3.0,3.006711,3,0.006711006164550781
2025-11-28 01:50:00,3.0,3.0632832,3,0.06328320503234863
2025-11-28 01:51:00,3.0,3.0284827,3,0.028482675552368164
2025-11-28 01:52:00,3.0,3.0088794,3,0.008879423141479492
2025-11-28 01:53:00,3.0,3.0549228,3,0.05492281913757324
2025-11-28 01:54:00,3.0,2.95771,3,-0.04228997230529785
2025-11-28 01:55:00,3.0,3.0291975,3,0.02919745445251465
2025-11-28 01:56:00,3.0,3.014914,3,0.01491403579711914
2025-11-28 01:57:00,3.0,2.9832277,3,-0.01677227020263672
2025-11-28 01:58:00,3.0,2.9803338,3,-0.019666194915771484
2025-11-28 01:59:00,3.0,2.9807713,3,-0.019228696823120117
2025-11-28 02:00:00,3.0,3.0379252,3,0.03792524337768555
2025-11-28 02:01:00,3.0,2.9291809,3,-0.07081913948059082
2025-11-28 02:02:00,3.0,3.1000266,3,0.10002660751342773
2025-11-28 02:03:00,3.0,2.953459,3,-0.04654097557067871
2025-11-28 02:04:00,3.0,3.013135,3,0.013134956359863281
2025-11-28 02:05:00,3.0,2.944789,3,-0.05521106719970703
2025-11-28 02:06:00,3.0,2.9951253,3,-0.004874706268310547
2025-11-28 02:07:00,3.0,2.8936424,3,-0.10635757446289062
2025-11-28 02:08:00,3.0,2.9463868,3,-0.05361318588256836
2025-11-28 02:09:00,3.0,2.870823,3,-0.12917709350585938
2025-11-28 02:10:00,3.0,2.9762313,3,-0.02376866340637207
2025-11-28 02:11:00,3.0,2.934534,3,-0.06546592712402344
2025-11-28 02:12:00,3.0,3.0018942,3,0.001894235610961914
2025-11-28 02:13:00,3.0,3.0314684,3,0.03146839141845703
2025-11-28 02:14:00,3.0,3.0876625,3,0.0876624584197998
2025-11-28 02:15:00,3.0,3.0623298,3,0.062329769134521484
2025-11-28 02:16:00,3.0,3.053132,3,0.053132057189941406
2025-11-28 02:17:00,3.0,3.0237637,3,0.023763656616210938
2025-11-28 02:18:00,3.0,3.0310202,3,0.031020164489746094
2025-11-28 02:19:00,3.0,3.0755024,3,0.07550239562988281
2025-11-28 02:20:00,3.0,3.0424132,3,0.04241323471069336
2025-11-28 02:21:00,3.0,2.920275,3,-0.07972502708435059
2025-11-28 02:22:00,3.0,3.0256119,3,0.02561187744140625
2025-11-28 02:23:00,3.0,3.046763,3,0.046762943267822266
2025-11-28 02:24:00,3.0,3.0544188,3,0.05441880226135254
2025-11-28 02:25:00,3.0,3.1233845,3,0.12338447570800781
2025-11-28 02:26:00,3.0,3.1751883,3,0.17518830299377441
2025-11-28 02:27:00,3.0,3.42913,3,0.42913007736206055
2025-11-28 02:28:00,3.0,3.6169093,4,0.6169092655181885
2025-11-28 02:29:00,3.0,3.5905914,4,0.5905914306640625
2025-11-28 02:30:00,3.0,3.2401292,3,0.2401292324066162
2025-11-28 02:31:00,3.0,3.1466186,3,0.14661860466003418
2025-11-28 02:32:00,3.0,3.1491828,3,0.14918279647827148
2025-11-28 02:33:00,3.0,3.149028,3,0.14902806282043457
2025-11-28 02:34:00,3.0,3.0866513,3,0.08665132522583008
2025-11-28 02:35:00,3.0,3.2155933,3,0.2155933380126953
2025-11-28 02:36:00,3.0,2.9633439,3,-0.03665614128112793
2025-11-28 02:37:00,3.0,3.1959856,3,0.1959855556488037
2025-11-28 02:38:00,3.0,3.0196283,3,0.019628286361694336
2025-11-28 02:39:00,3.0,3.0554218,3,0.05542182922363281
2025-11-28 02:40:00,3.0,3.0071015,3,0.007101535797119141
2025-11-28 02:41:00,3.0,3.1047044,3,0.10470438003540039
2025-11-28 02:42:00,3.0,3.0034893,3,0.003489255905151367
2025-11-28 02:43:00,3.0,3.0412052,3,0.04120516777038574
2025-11-28 02:44:00,3.0,3.0284727,3,0.0284726619720459
2025-11-28 02:45:00,3.0,3.028486,3,0.028486013412475586
2025-11-28 02:46:00,3.0,3.0142605,3,0.014260530471801758
2025-11-28 02:47:00,3.0,3.026876,3,0.026875972747802734
2025-11-28 02:48:00,3.0,2.972589,3,-0.02741098403930664
2025-11-28 02:49:00,3.0,3.064026,3,0.0640261173248291
2025-11-28 02:50:00,3.0,2.9523623,3,-0.0476377010345459
2025-11-28 02:51:00,3.0,2.9013689,3,-0.09863114356994629
2025-11-28 02:52:00,3.0,2.964752,3,-0.0352480411529541
2025-11-28 02:53:00,3.0,3.0134444,3,0.01344442367553711
2025-11-28 02:54:00,3.0,2.9168057,3,-0.08319425582885742
2025-11-28 02:55:00,3.0,2.8949163,3,-0.10508370399475098
2025-11-28 02:56:00,3.0,2.9663208,3,-0.03367924690246582
2025-11-28 02:57:00,3.0,2.9797297,3,-0.020270347595214844
2025-11-28 02:58:00,3.0,2.893379,3,-0.10662102699279785
2025-11-28 02:59:00,3.0,2.997818,3,-0.0021820068359375
2025-11-28 03:00:00,3.0,2.9171884,3,-0.08281159400939941
2025-11-28 03:01:00,3.0,2.8165598,3,-0.1834402084350586
2025-11-28 03:02:00,3.0,2.7391677,3,-0.2608323097229004
2025-11-28 03:03:00,3.0,2.9167857,3,-0.08321428298950195
2025-11-28 03:04:00,3.0,2.883713,3,-0.1162869930267334
2025-11-28 03:05:00,3.0,2.8154902,3,-0.1845097541809082
2025-11-28 03:06:00,3.0,2.9010563,3,-0.09894371032714844
2025-11-28 03:07:00,3.0,2.9189234,3,-0.08107662200927734
2025-11-28 03:08:00,3.0,2.8472264,3,-0.15277361869812012
2025-11-28 03:09:00,3.0,2.8710654,3,-0.12893462181091309
2025-11-28 03:10:00,3.0,2.8067014,3,-0.1932985782623291
2025-11-28 03:11:00,3.0,2.8985443,3,-0.1014556884765625
2025-11-28 03:12:00,3.0,2.8817263,3,-0.11827373504638672
2025-11-28 03:13:00,3.0,2.9686835,3,-0.031316518783569336
2025-11-28 03:14:00,3.0,2.9230502,3,-0.0769498348236084
2025-11-28 03:15:00,3.0,2.869901,3,-0.13009905815124512
2025-11-28 03:16:00,3.0,2.8984573,3,-0.10154271125793457
2025-11-28 03:17:00,3.0,2.8339007,3,-0.16609930992126465
2025-11-28 03:18:00,3.0,2.931767,3,-0.06823301315307617
2025-11-28 03:19:00,3.0,2.86197,3,-0.1380300521850586
2025-11-28 03:20:00,3.0,2.9346712,3,-0.06532883644104004
2025-11-28 03:21:00,3.0,2.8685546,3,-0.13144540786743164
2025-11-28 03:22:00,3.0,2.9375658,3,-0.06243419647216797
2025-11-28 03:23:00,3.0,2.8652143,3,-0.13478565216064453
2025-11-28 03:24:00,3.0,2.920881,3,-0.07911896705627441
2025-11-28 03:25:00,3.0,2.9241672,3,-0.07583284378051758
2025-11-28 03:26:00,3.0,2.9581678,3,-0.04183220863342285
2025-11-28 03:27:00,3.0,3.0456579,3,0.04565787315368652
2025-11-28 03:28:00,3.0,2.9459643,3,-0.05403566360473633
2025-11-28 03:29:00,3.0,3.052441,3,0.05244088172912598
2025-11-28 03:30:00,3.0,3.0258574,3,0.02585744857788086
2025-11-28 03:31:00,3.0,2.9649394,3,-0.03506064414978027
2025-11-28 03:32:00,3.0,3.023938,3,0.02393794059753418
2025-11-28 03:33:00,3.0,2.9895272,3,-0.010472774505615234
2025-11-28 03:34:00,3.0,3.0406075,3,0.040607452392578125
2025-11-28 03:35:00,3.0,3.0548594,3,0.05485939979553223
2025-11-28 03:36:00,3.0,3.032364,3,0.0323638916015625
2025-11-28 03:37:00,3.0,2.9686213,3,-0.031378746032714844
2025-11-28 03:38:00,3.0,3.0628028,3,0.06280279159545898
2025-11-28 03:39:00,3.0,3.0631125,3,0.06311249732971191
2025-11-28 03:40:00,3.0,3.0148263,3,0.014826297760009766
2025-11-28 03:41:00,3.0,2.9781442,3,-0.021855831146240234
2025-11-28 03:42:00,3.0,3.0038676,3,0.003867626190185547
2025-11-28 03:43:00,3.0,2.918931,3,-0.0810689926147461
2025-11-28 03:44:00,3.0,2.9725633,3,-0.02743673324584961
2025-11-28 03:45:00,3.0,2.9156506,3,-0.08434939384460449
2025-11-28 03:46:00,3.0,2.9716632,3,-0.028336763381958008
2025-11-28 03:47:00,3.0,3.0004683,3,0.00046825408935546875
2025-11-28 03:48:00,3.0,3.0057042,3,0.005704164505004883
2025-11-28 03:49:00,3.0,2.9703138,3,-0.02968621253967285
2025-11-28 03:50:00,3.0,2.9285893,3,-0.0714106559753418
2025-11-28 03:51:00,3.0,2.86556,3,-0.13443994522094727
2025-11-28 03:52:00,3.0,2.9431279,3,-0.05687212944030762
2025-11-28 03:53:00,3.0,2.9381325,3,-0.061867475509643555
2025-11-28 03:54:00,3.0,2.907917,3,-0.09208297729492188
2025-11-28 03:55:00,3.0,2.9890556,3,-0.010944366455078125
2025-11-28 03:56:00,3.0,2.9616604,3,-0.03833961486816406
2025-11-28 03:57:00,3.0,2.9778242,3,-0.02217578887939453
2025-11-28 03:58:00,3.0,3.0251498,3,0.025149822235107422
2025-11-28 03:59:00,3.0,3.0162292,3,0.01622915267944336
2025-11-28 04:00:00,3.0,2.9936056,3,-0.006394386291503906
2025-11-28 04:01:00,3.0,3.0076673,3,0.0076673030853271484
2025-11-28 04:02:00,3.0,2.98081,3,-0.019190073013305664
2025-11-28 04:03:00,3.0,3.0655458,3,0.06554579734802246
2025-11-28 04:04:00,3.0,3.0114355,3,0.011435508728027344
2025-11-28 04:05:00,3.0,3.0268044,3,0.026804447174072266
2025-11-28 04:06:00,3.0,3.022509,3,0.022509098052978516
2025-11-28 04:07:00,3.0,3.1970909,3,0.19709086418151855
2025-11-28 04:08:00,3.0,3.0057447,3,0.0057446956634521484
2025-11-28 04:09:00,3.0,3.175592,3,0.17559194564819336
2025-11-28 04:10:00,3.0,3.0172803,3,0.01728034019470215
2025-11-28 04:11:00,3.0,3.0750911,3,0.07509112358093262
2025-11-28 04:12:00,3.0,2.9574847,3,-0.04251527786254883
2025-11-28 04:13:00,3.0,2.9345658,3,-0.06543421745300293
2025-11-28 04:14:00,3.0,2.9971473,3,-0.0028526782989501953
2025-11-28 04:15:00,3.0,3.0062077,3,0.006207704544067383
2025-11-28 04:16:00,3.0,3.0117288,3,0.011728763580322266
2025-11-28 04:17:00,3.0,3.0732868,3,0.07328677177429199
2025-11-28 04:18:00,3.0,3.0164998,3,0.016499757766723633
2025-11-28 04:19:00,3.0,2.9596264,3,-0.04037356376647949
2025-11-28 04:20:00,3.0,2.9782934,3,-0.021706581115722656
2025-11-28 04:21:00,3.0,3.033371,3,0.0333709716796875
2025-11-28 04:22:00,3.0,2.968517,3,-0.03148293495178223
2025-11-28 04:23:00,3.0,3.004225,3,0.004225015640258789
2025-11-28 04:24:00,3.0,3.0197818,3,0.019781827926635742
2025-11-28 04:25:00,3.0,2.9677165,3,-0.03228354454040527
2025-11-28 04:26:00,3.0,2.9991937,3,-0.0008063316345214844
2025-11-28 04:27:00,3.0,3.0076163,3,0.007616281509399414
2025-11-28 04:28:00,3.0,3.0417705,3,0.04177045822143555
2025-11-28 04:29:00,3.0,2.978879,3,-0.02112102508544922
2025-11-28 04:30:00,3.0,3.026975,3,0.026974916458129883
2025-11-28 04:31:00,3.0,2.9773886,3,-0.022611379623413086
2025-11-28 04:32:00,3.0,2.996107,3,-0.0038928985595703125
2025-11-28 04:33:00,3.0,3.003633,3,0.0036330223083496094
2025-11-28 04:34:00,3.0,2.9946115,3,-0.005388498306274414
2025-11-28 04:35:00,3.0,2.991587,3,-0.008413076400756836
2025-11-28 04:36:00,3.0,2.9788759,3,-0.02112412452697754
2025-11-28 04:37:00,3.0,2.959188,3,-0.040812015533447266
2025-11-28 04:38:00,3.0,2.9311454,3,-0.06885457038879395
2025-11-28 04:39:00,3.0,2.9466689,3,-0.05333113670349121
2025-11-28 04:40:00,3.0,2.9894707,3,-0.010529279708862305
2025-11-28 04:41:00,3.0,3.056688,3,0.05668807029724121
2025-11-28 04:42:00,3.0,2.9702919,3,-0.029708147048950195
2025-11-28 04:43:00,3.0,2.977418,3,-0.022582054138183594
2025-11-28 04:44:00,3.0,2.9625895,3,-0.03741049766540527
2025-11-28 04:45:00,3.0,3.0062087,3,0.006208658218383789
2025-11-28 04:46:00,3.0,2.9709852,3,-0.02901482582092285
2025-11-28 04:47:00,3.0,2.941108,3,-0.058892011642456055
2025-11-28 04:48:00,3.0,2.997808,3,-0.0021920204162597656
2025-11-28 04:49:00,3.0,2.945357,3,-0.05464291572570801
2025-11-28 04:50:00,3.0,3.009748,3,0.009747982025146484
2025-11-28 04:51:00,3.0,3.0426595,3,0.04265952110290527
2025-11-28 04:52:00,3.0,2.8642793,3,-0.13572072982788086
2025-11-28 04:53:00,3.0,2.9513881,3,-0.04861187934875488
2025-11-28 04:54:00,3.0,2.8325326,3,-0.16746735572814941
2025-11-28 04:55:00,3.0,2.8719773,3,-0.1280226707458496
2025-11-28 04:56:00,3.0,2.8117266,3,-0.18827342987060547
2025-11-28 04:57:00,3.0,2.6131225,3,-0.38687753677368164
2025-11-28 04:58:00,3.0,2.8564112,3,-0.14358878135681152
2025-11-28 04:59:00,3.0,2.930927,3,-0.06907296180725098
2025-11-28 05:00:00,3.0,2.969199,3,-0.030801057815551758
2025-11-28 05:01:00,3.0,2.9855154,3,-0.014484643936157227
2025-11-28 05:02:00,3.0,2.9712787,3,-0.028721332550048828
2025-11-28 05:03:00,3.0,2.9696333,3,-0.03036665916442871
2025-11-28 05:04:00,3.0,2.9698367,3,-0.030163288116455078
2025-11-28 05:05:00,3.0,3.0086007,3,0.008600711822509766
2025-11-28 05:06:00,3.0,3.0130577,3,0.013057708740234375
2025-11-28 05:07:00,3.0,2.986379,3,-0.013621091842651367
2025-11-28 05:08:00,3.0,3.0203438,3,0.020343780517578125
2025-11-28 05:09:00,3.0,3.0200002,3,0.020000219345092773
2025-11-28 05:10:00,3.0,2.9580066,3,-0.04199337959289551
2025-11-28 05:11:00,3.0,2.9992008,3,-0.0007991790771484375
2025-11-28 05:12:00,3.0,3.0899498,3,0.0899498462677002
2025-11-28 05:13:00,3.0,2.9724176,3,-0.027582406997680664
2025-11-28 05:14:00,3.0,3.1470487,3,0.1470487117767334
2025-11-28 05:15:00,3.0,3.0394628,3,0.03946280479431152
2025-11-28 05:16:00,3.0,2.9729867,3,-0.027013301849365234
2025-11-28 05:17:00,3.0,3.0408626,3,0.0408625602722168
2025-11-28 05:18:00,3.0,2.9965565,3,-0.003443479537963867
2025-11-28 05:19:00,3.0,3.1045473,3,0.10454726219177246
2025-11-28 05:20:00,3.0,3.0229857,3,0.02298569679260254
2025-11-28 05:21:00,3.0,2.9744277,3,-0.02557229995727539
2025-11-28 05:22:00,3.0,2.9677556,3,-0.03224444389343262
2025-11-28 05:23:00,3.0,3.0256615,3,0.025661468505859375
2025-11-28 05:24:00,3.0,3.031711,3,0.03171110153198242
2025-11-28 05:25:00,3.0,3.0462801,3,0.0462801456451416
2025-11-28 05:26:00,3.0,3.0437238,3,0.04372382164001465
2025-11-28 05:27:00,3.0,3.0189524,3,0.018952369689941406
2025-11-28 05:28:00,3.0,3.063315,3,0.06331491470336914
2025-11-28 05:29:00,3.0,3.0142272,3,0.014227151870727539
2025-11-28 05:30:00,3.0,2.9472144,3,-0.052785634994506836
2025-11-28 05:31:00,3.0,2.9633229,3,-0.03667712211608887
2025-11-28 05:32:00,3.0,2.941507,3,-0.05849289894104004
2025-11-28 05:33:00,3.0,2.9573941,3,-0.04260587692260742
2025-11-28 05:34:00,3.0,2.9903734,3,-0.009626626968383789
2025-11-28 05:35:00,3.0,3.0257728,3,0.025772809982299805
2025-11-28 05:36:00,3.0,3.0646353,3,0.0646352767944336
2025-11-28 05:37:00,3.0,3.0037427,3,0.003742694854736328
2025-11-28 05:38:00,3.0,3.0083492,3,0.008349180221557617
2025-11-28 05:39:00,3.0,2.9557922,3,-0.04420781135559082
2025-11-28 05:40:00,3.0,2.9431157,3,-0.0568842887878418
2025-11-28 05:41:00,3.0,3.0538251,3,0.05382513999938965
2025-11-28 05:42:00,3.0,2.9177976,3,-0.08220243453979492
2025-11-28 05:43:00,3.0,2.9978747,3,-0.002125263214111328
2025-11-28 05:44:00,3.0,3.02175,3,0.02174997329711914
2025-11-28 05:45:00,3.0,3.0362523,3,0.03625226020812988
2025-11-28 05:46:00,3.0,3.009401,3,0.009401082992553711
2025-11-28 05:47:00,3.0,2.983608,3,-0.016391992568969727
2025-11-28 05:48:00,3.0,2.9349928,3,-0.06500720977783203
2025-11-28 05:49:00,3.0,2.9018247,3,-0.0981752872467041
2025-11-28 05:50:00,3.0,2.9009542,3,-0.0990457534790039
2025-11-28 05:51:00,3.0,2.9323337,3,-0.06766629219055176
2025-11-28 05:52:00,3.0,2.8655422,3,-0.13445782661437988
2025-11-28 05:53:00,3.0,2.955188,3,-0.04481196403503418
2025-11-28 05:54:00,3.0,2.8589127,3,-0.14108729362487793
2025-11-28 05:55:00,3.0,3.021566,3,0.021565914154052734
2025-11-28 05:56:00,3.0,2.988424,3,-0.011575937271118164
2025-11-28 05:57:00,3.0,2.9630396,3,-0.03696036338806152
2025-11-28 05:58:00,3.0,2.9535663,3,-0.04643368721008301
2025-11-28 05:59:00,3.0,2.9649994,3,-0.03500056266784668
2025-11-28 06:00:00,3.0,3.0139673,3,0.013967275619506836
2025-11-28 06:01:00,3.0,3.004633,3,0.0046329498291015625
2025-11-28 06:02:00,3.0,2.9807692,3,-0.01923084259033203
2025-11-28 06:03:00,3.0,3.04254,3,0.04254007339477539
2025-11-28 06:04:00,3.0,3.1070967,3,0.10709667205810547
2025-11-28 06:05:00,3.0,3.075239,3,0.07523894309997559
2025-11-28 06:06:00,3.0,3.1118464,3,0.1118464469909668
2025-11-28 06:07:00,3.0,3.0254755,3,0.025475502014160156
2025-11-28 06:08:00,3.0,2.9595118,3,-0.040488243103027344
2025-11-28 06:09:00,3.0,3.0138986,3,0.013898611068725586
2025-11-28 06:10:00,3.0,3.0351024,3,0.03510236740112305
2025-11-28 06:11:00,3.0,3.075546,3,0.0755460262298584
2025-11-28 06:12:00,3.0,3.0354254,3,0.035425424575805664
2025-11-28 06:13:00,3.0,3.0485177,3,0.048517704010009766
2025-11-28 06:14:00,3.0,2.9942915,3,-0.005708456039428711
2025-11-28 06:15:00,3.0,2.9544451,3,-0.04555487632751465
2025-11-28 06:16:00,3.0,2.965019,3,-0.03498101234436035
2025-11-28 06:17:00,3.0,2.9306479,3,-0.0693521499633789
2025-11-28 06:18:00,3.0,3.004982,3,0.00498199462890625
2025-11-28 06:19:00,3.0,2.9740129,3,-0.02598714828491211
2025-11-28 06:20:00,3.0,2.9512768,3,-0.04872322082519531
2025-11-28 06:21:00,3.0,3.0200129,3,0.020012855529785156
2025-11-28 06:22:00,3.0,2.9435065,3,-0.056493520736694336
2025-11-28 06:23:00,3.0,2.9181666,3,-0.0818333625793457
2025-11-28 06:24:00,3.0,2.8645663,3,-0.13543367385864258
2025-11-28 06:25:00,3.0,2.9306993,3,-0.06930065155029297
2025-11-28 06:26:00,3.0,2.962924,3,-0.03707599639892578
2025-11-28 06:27:00,3.0,2.945351,3,-0.05464911460876465
2025-11-28 06:28:00,3.0,2.9878106,3,-0.012189388275146484
2025-11-28 06:29:00,3.0,2.8905773,3,-0.10942268371582031
2025-11-28 06:30:00,3.0,2.979159,3,-0.020840883255004883
2025-11-28 06:31:00,3.0,2.8828332,3,-0.11716675758361816
2025-11-28 06:32:00,3.0,2.9402103,3,-0.05978965759277344
2025-11-28 06:33:00,3.0,3.0761442,3,0.07614421844482422
2025-11-28 06:34:00,3.0,2.9825783,3,-0.017421722412109375
2025-11-28 06:35:00,3.0,3.0794373,3,0.079437255859375
2025-11-28 06:36:00,3.0,3.006963,3,0.006963014602661133
2025-11-28 06:37:00,3.0,3.0295863,3,0.029586315155029297
2025-11-28 06:38:00,3.0,2.99196,3,-0.00803995132446289
2025-11-28 06:39:00,3.0,2.8772109,3,-0.12278914451599121
2025-11-28 06:40:00,3.0,2.9325402,3,-0.0674598217010498
2025-11-28 06:41:00,3.0,3.015922,3,0.015922069549560547
2025-11-28 06:42:00,3.0,2.9591026,3,-0.040897369384765625
2025-11-28 06:43:00,3.0,3.023146,3,0.02314591407775879
2025-11-28 06:44:00,3.0,2.9456475,3,-0.054352521896362305
2025-11-28 06:45:00,3.0,2.965744,3,-0.0342559814453125
2025-11-28 06:46:00,3.0,2.9850655,3,-0.014934539794921875
2025-11-28 06:47:00,3.0,2.9957907,3,-0.004209280014038086
2025-11-28 06:48:00,3.0,2.9661639,3,-0.03383612632751465
2025-11-28 06:49:00,3.0,2.9024367,3,-0.09756326675415039
2025-11-28 06:50:00,3.0,2.8808632,3,-0.11913681030273438
2025-11-28 06:51:00,3.0,2.9470565,3,-0.05294346809387207
2025-11-28 06:52:00,3.0,3.0051756,3,0.005175590515136719
2025-11-28 06:53:00,3.0,2.882089,3,-0.11791110038757324
2025-11-28 06:54:00,3.0,2.9151058,3,-0.08489418029785156
2025-11-28 06:55:00,3.0,2.8603115,3,-0.13968849182128906
2025-11-28 06:56:00,3.0,2.9436955,3,-0.0563044548034668
2025-11-28 06:57:00,3.0,2.8244412,3,-0.17555880546569824
2025-11-28 06:58:00,3.0,2.865572,3,-0.1344280242919922
2025-11-28 06:59:00,3.0,2.8807774,3,-0.11922264099121094
2025-11-28 07:00:00,3.0,2.9406686,3,-0.059331417083740234
2025-11-28 07:01:00,3.0,2.9618106,3,-0.03818941116333008
2025-11-28 07:02:00,3.0,2.99173,3,-0.008270025253295898
2025-11-28 07:03:00,3.0,2.9692552,3,-0.03074479103088379
2025-11-28 07:04:00,3.0,3.03738,3,0.03737998008728027
2025-11-28 07:05:00,3.0,2.9706511,3,-0.02934885025024414
2025-11-28 07:06:00,3.0,2.9831638,3,-0.016836166381835938
2025-11-28 07:07:00,3.0,2.9651096,3,-0.03489041328430176
2025-11-28 07:08:00,3.0,2.9978673,3,-0.0021326541900634766
2025-11-28 07:09:00,3.0,2.993211,3,-0.006788969039916992
2025-11-28 07:10:00,3.0,3.0434778,3,0.043477773666381836
2025-11-28 07:11:00,3.0,3.0371227,3,0.03712272644042969
2025-11-28 07:12:00,3.0,3.0506063,3,0.05060625076293945
2025-11-28 07:13:00,3.0,3.0200374,3,0.020037412643432617
2025-11-28 07:14:00,3.0,3.0464537,3,0.04645371437072754
2025-11-28 07:15:00,3.0,2.921842,3,-0.07815790176391602
2025-11-28 07:16:00,3.0,3.06769,3,0.06768989562988281
2025-11-28 07:17:00,3.0,3.0502505,3,0.05025053024291992
2025-11-28 07:18:00,3.0,3.0725982,3,0.07259821891784668
2025-11-28 07:19:00,3.0,3.0178323,3,0.017832279205322266
2025-11-28 07:20:00,3.0,3.0086894,3,0.008689403533935547
2025-11-28 07:21:00,3.0,3.0016856,3,0.0016856193542480469
2025-11-28 07:22:00,3.0,3.0029676,3,0.0029675960540771484
2025-11-28 07:23:00,3.0,3.0466127,3,0.04661273956298828
2025-11-28 07:24:00,3.0,3.0112925,3,0.011292457580566406
2025-11-28 07:25:00,3.0,3.0496154,3,0.04961538314819336
2025-11-28 07:26:00,3.0,3.049835,3,0.0498349666595459
2025-11-28 07:27:00,3.0,2.9869127,3,-0.013087272644042969
2025-11-28 07:28:00,3.0,2.9561913,3,-0.043808698654174805
2025-11-28 07:29:00,3.0,3.0438735,3,0.04387354850769043
2025-11-28 07:30:00,3.0,2.9655778,3,-0.03442215919494629
2025-11-28 07:31:00,3.0,3.0331683,3,0.03316831588745117
2025-11-28 07:32:00,3.0,2.9463797,3,-0.053620338439941406
2025-11-28 07:33:00,3.0,2.9916074,3,-0.008392572402954102
2025-11-28 07:34:00,3.0,2.9993646,3,-0.0006353855133056641
2025-11-28 07:35:00,3.0,3.050144,3,0.05014395713806152
2025-11-28 07:36:00,3.0,2.9804676,3,-0.019532442092895508
2025-11-28 07:37:00,3.0,2.9904532,3,-0.009546756744384766
2025-11-28 07:38:00,3.0,2.9798472,3,-0.020152807235717773
2025-11-28 07:39:00,3.0,3.0505517,3,0.050551652908325195
2025-11-28 07:40:00,3.0,3.0434756,3,0.04347562789916992
2025-11-28 07:41:00,3.0,2.9722183,3,-0.02778172492980957
2025-11-28 07:42:00,3.0,3.011176,3,0.011176109313964844
2025-11-28 07:43:00,3.0,3.0246878,3,0.024687767028808594
2025-11-28 07:44:00,3.0,3.0327427,3,0.03274273872375488
2025-11-28 07:45:00,3.0,3.0448875,3,0.044887542724609375
2025-11-28 07:46:00,3.0,3.0236595,3,0.023659467697143555
2025-11-28 07:47:00,3.0,2.9624045,3,-0.037595510482788086
2025-11-28 07:48:00,3.0,3.0152113,3,0.015211343765258789
2025-11-28 07:49:00,3.0,2.945415,3,-0.05458498001098633
2025-11-28 07:50:00,3.0,2.9284868,3,-0.07151317596435547
2025-11-28 07:51:00,3.0,2.9609966,3,-0.03900337219238281
2025-11-28 07:52:00,3.0,2.9747763,3,-0.025223731994628906
2025-11-28 07:53:00,3.0,2.9691458,3,-0.030854225158691406
2025-11-28 07:54:00,3.0,3.0037985,3,0.0037984848022460938
2025-11-28 07:55:00,3.0,2.9645634,3,-0.03543663024902344
2025-11-28 07:56:00,3.0,3.0126882,3,0.012688159942626953
2025-11-28 07:57:00,3.0,2.852392,3,-0.14760804176330566
2025-11-28 07:58:00,3.0,2.9989166,3,-0.0010833740234375
2025-11-28 07:59:00,3.0,2.945163,3,-0.05483698844909668
2025-11-28 08:00:00,3.0,3.010345,3,0.010344982147216797
2025-11-28 08:01:00,3.0,3.0061648,3,0.0061647891998291016
2025-11-28 08:02:00,3.0,3.0089068,3,0.008906841278076172
2025-11-28 08:03:00,3.0,3.0202944,3,0.0202944278717041
2025-11-28 08:04:00,3.0,3.0193658,3,0.019365787506103516
2025-11-28 08:05:00,3.0,3.0518591,3,0.051859140396118164
2025-11-28 08:06:00,3.0,2.9900386,3,-0.009961366653442383
2025-11-28 08:07:00,3.0,3.0205941,3,0.020594120025634766
2025-11-28 08:08:00,3.0,3.082557,3,0.08255696296691895
2025-11-28 08:09:00,3.0,3.0964365,3,0.0964365005493164
2025-11-28 08:10:00,3.0,3.1935987,3,0.19359874725341797
2025-11-28 08:11:00,3.0,3.2431633,3,0.2431633472442627
2025-11-28 08:12:00,3.0,3.3751276,3,0.37512755393981934
2025-11-28 08:13:00,3.0,3.3107255,3,0.31072545051574707
2025-11-28 08:14:00,3.0,3.280343,3,0.28034305572509766
2025-11-28 08:15:00,3.0,3.1152751,3,0.11527514457702637
2025-11-28 08:16:00,3.0,3.0667253,3,0.06672525405883789
2025-11-28 08:17:00,3.0,3.0958047,3,0.09580469131469727
2025-11-28 08:18:00,3.0,3.1517353,3,0.1517353057861328
2025-11-28 08:19:00,3.0,3.0969455,3,0.09694552421569824
2025-11-28 08:20:00,3.0,3.0548112,3,0.05481123924255371
2025-11-28 08:21:00,3.0,3.0374868,3,0.03748679161071777
2025-11-28 08:22:00,3.0,3.023271,3,0.02327108383178711
2025-11-28 08:23:00,3.0,3.0582793,3,0.05827927589416504
2025-11-28 08:24:00,3.0,2.9964674,3,-0.0035326480865478516
2025-11-28 08:25:00,3.0,3.0360832,3,0.036083221435546875
2025-11-28 08:26:00,3.0,2.995222,3,-0.0047779083251953125
2025-11-28 08:27:00,3.0,3.030722,3,0.03072190284729004
2025-11-28 08:28:00,3.0,3.0119834,3,0.011983394622802734
2025-11-28 08:29:00,3.0,2.977445,3,-0.022555112838745117
2025-11-28 08:30:00,3.0,3.0022976,3,0.002297639846801758
2025-11-28 08:31:00,3.0,2.965467,3,-0.034533023834228516
2025-11-28 08:32:00,3.0,3.0416324,3,0.04163241386413574
2025-11-28 08:33:00,3.0,2.9865854,3,-0.013414621353149414
2025-11-28 08:34:00,3.0,2.983181,3,-0.016819000244140625
2025-11-28 08:35:00,3.0,2.9701238,3,-0.029876232147216797
2025-11-28 08:36:00,3.0,3.0035853,3,0.003585338592529297
2025-11-28 08:37:00,3.0,3.048156,3,0.048156023025512695
2025-11-28 08:38:00,3.0,3.1165502,3,0.11655020713806152
2025-11-28 08:39:00,3.0,3.0553427,3,0.055342674255371094
2025-11-28 08:40:00,3.0,3.0858154,3,0.0858154296875
2025-11-28 08:41:00,3.0,3.0812771,3,0.08127713203430176
2025-11-28 08:42:00,3.0,3.1357753,3,0.13577532768249512
2025-11-28 08:43:00,3.0,3.1005647,3,0.10056471824645996
2025-11-28 08:44:00,3.0,3.0731044,3,0.0731043815612793
2025-11-28 08:45:00,3.0,3.1495545,3,0.14955449104309082
2025-11-28 08:46:00,3.0,3.171473,3,0.17147302627563477
2025-11-28 08:47:00,3.0,3.1076477,3,0.10764765739440918
2025-11-28 08:48:00,3.0,3.1108778,3,0.11087775230407715
2025-11-28 08:49:00,3.0,3.1901054,3,0.19010543823242188
2025-11-28 08:50:00,3.0,3.109924,3,0.1099240779876709
2025-11-28 08:51:00,3.0,3.0608613,3,0.06086134910583496
2025-11-28 08:52:00,3.0,3.1286714,3,0.12867140769958496
2025-11-28 08:53:00,3.0,3.1602697,3,0.16026973724365234
2025-11-28 08:54:00,3.0,3.1589844,3,0.15898442268371582
2025-11-28 08:55:00,3.0,3.123933,3,0.12393307685852051
2025-11-28 08:56:00,3.0,3.066386,3,0.06638598442077637
2025-11-28 08:57:00,3.0,3.0054314,3,0.005431413650512695
2025-11-28 08:58:00,3.0,3.024055,3,0.024055004119873047
2025-11-28 08:59:00,3.0,2.9272141,3,-0.07278585433959961
2025-11-28 09:00:00,3.0,2.990532,3,-0.00946807861328125
2025-11-28 09:01:00,3.0,3.0731862,3,0.07318615913391113
2025-11-28 09:02:00,3.0,3.070533,3,0.07053303718566895
2025-11-28 09:03:00,3.0,3.2344484,3,0.23444843292236328
2025-11-28 09:04:00,3.0,3.3201222,3,0.32012224197387695
2025-11-28 09:05:00,3.0,3.3769097,3,0.3769097328186035
2025-11-28 09:06:00,3.0,3.5422144,4,0.5422143936157227
2025-11-28 09:07:00,3.0,3.5509064,4,0.5509064197540283
2025-11-28 09:08:00,3.0,3.4684463,3,0.4684462547302246
2025-11-28 09:09:00,3.0,3.351665,3,0.35166501998901367
2025-11-28 09:10:00,3.0,3.3702734,3,0.3702733516693115
2025-11-28 09:11:00,3.0,3.2789552,3,0.27895522117614746
2025-11-28 09:12:00,3.0,3.3222501,3,0.3222501277923584
2025-11-28 09:13:00,3.0,3.3254683,3,0.3254683017730713
2025-11-28 09:14:00,3.0,3.2831168,3,0.28311681747436523
2025-11-28 09:15:00,3.0,3.331396,3,0.33139610290527344
2025-11-28 09:16:00,3.0,3.4264293,3,0.42642927169799805
2025-11-28 09:17:00,4.0,3.4713612,3,-0.5286388397216797
2025-11-28 09:18:00,5.0,3.525103,4,-1.4748969078063965
2025-11-28 09:19:00,5.0,4.5762525,5,-0.42374753952026367
2025-11-28 09:20:00,5.0,5.280354,5,0.28035402297973633
2025-11-28 09:21:00,5.0,4.8649974,5,-0.13500261306762695
2025-11-28 09:22:00,5.0,5.1504836,5,0.1504836082458496
2025-11-28 09:23:00,5.0,5.0836115,5,0.08361148834228516
2025-11-28 09:24:00,5.0,5.005189,5,0.005188941955566406
2025-11-28 09:25:00,5.0,5.0545683,5,0.05456829071044922
2025-11-28 09:26:00,5.0,5.034681,5,0.034680843353271484
2025-11-28 09:27:00,5.0,5.1421123,5,0.14211225509643555
2025-11-28 09:28:00,5.0,5.2590737,5,0.25907373428344727
2025-11-28 09:29:00,5.0,5.245308,5,0.24530792236328125
2025-11-28 09:30:00,5.0,5.208269,5,0.2082691192626953
2025-11-28 09:31:00,5.0,5.2953014,5,0.2953014373779297
2025-11-28 09:32:00,5.0,5.2855663,5,0.2855663299560547
2025-11-28 09:33:00,5.0,5.1947255,5,0.19472551345825195
2025-11-28 09:34:00,5.0,5.2454014,5,0.24540138244628906
2025-11-28 09:35:00,5.0,5.218675,5,0.2186751365661621
2025-11-28 09:36:00,5.0,5.161103,5,0.1611027717590332
2025-11-28 09:37:00,5.0,5.2883673,5,0.28836727142333984
2025-11-28 09:38:00,5.0,5.23497,5,0.2349700927734375
2025-11-28 09:39:00,5.0,5.1540165,5,0.15401649475097656
2025-11-28 09:40:00,5.0,5.1794286,5,0.1794285774230957
2025-11-28 09:41:00,5.0,5.2152014,5,0.21520137786865234
2025-11-28 09:42:00,5.0,5.184592,5,0.18459177017211914
2025-11-28 09:43:00,5.0,5.2682276,5,0.26822757720947266
2025-11-28 09:44:00,5.0,5.2437305,5,0.2437305450439453
2025-11-28 09:45:00,5.0,5.195264,5,0.19526386260986328
2025-11-28 09:46:00,5.0,5.154117,5,0.15411710739135742
2025-11-28 09:47:00,5.0,5.221207,5,0.2212071418762207
2025-11-28 09:48:00,5.0,5.2868876,5,0.28688764572143555
2025-11-28 09:49:00,5.0,5.236705,5,0.23670482635498047
2025-11-28 09:50:00,5.0,5.1485415,5,0.14854145050048828
2025-11-28 09:51:00,5.0,5.225978,5,0.22597789764404297
2025-11-28 09:52:00,5.0,5.1604013,5,0.1604013442993164
2025-11-28 09:53:00,5.0,5.186918,5,0.18691778182983398
2025-11-28 09:54:00,5.0,5.177382,5,0.1773819923400879
2025-11-28 09:55:00,5.0,5.054693,5,0.05469322204589844
2025-11-28 09:56:00,5.0,5.198395,5,0.198394775390625
2025-11-28 09:57:00,5.0,5.210674,5,0.21067380905151367
2025-11-28 09:58:00,5.0,5.1351066,5,0.13510656356811523
2025-11-28 09:59:00,5.0,5.01991,5,0.01990985870361328
2025-11-28 10:00:00,5.0,5.078421,5,0.07842111587524414
2025-11-28 10:01:00,5.0,5.0438337,5,0.04383373260498047
2025-11-28 10:02:00,5.0,5.0454564,5,0.0454564094543457
2025-11-28 10:03:00,5.0,5.075354,5,0.07535409927368164
2025-11-28 10:04:00,5.0,5.1146655,5,0.11466550827026367
2025-11-28 10:05:00,5.0,5.1249413,5,0.12494134902954102
2025-11-28 10:06:00,5.0,5.138128,5,0.13812780380249023
2025-11-28 10:07:00,5.0,5.1148725,5,0.11487245559692383
2025-11-28 10:08:00,5.0,5.022297,5,0.022296905517578125
2025-11-28 10:09:00,5.0,5.036111,5,0.036110877990722656
2025-11-28 10:10:00,5.0,4.994893,5,-0.005106925964355469
2025-11-28 10:11:00,5.0,5.0026836,5,0.0026836395263671875
2025-11-28 10:12:00,5.0,5.0064626,5,0.006462574005126953
2025-11-28 10:13:00,5.0,5.059975,5,0.05997514724731445
2025-11-28 10:14:00,5.0,5.161914,5,0.16191387176513672
2025-11-28 10:15:00,5.0,5.19401,5,0.19400978088378906
2025-11-28 10:16:00,5.0,5.188785,5,0.18878507614135742
2025-11-28 10:17:00,5.0,5.0937886,5,0.09378862380981445
2025-11-28 10:18:00,5.0,5.0837064,5,0.08370637893676758
2025-11-28 10:19:00,5.0,5.0200224,5,0.02002239227294922
2025-11-28 10:20:00,5.0,5.173629,5,0.1736288070678711
2025-11-28 10:21:00,5.0,5.467525,5,0.46752500534057617
2025-11-28 10:22:00,5.0,5.611161,6,0.6111612319946289
2025-11-28 10:23:00,5.0,5.8427567,6,0.8427567481994629
2025-11-28 10:24:00,5.0,5.580902,6,0.580902099609375
2025-11-28 10:25:00,5.0,5.273719,5,0.27371883392333984
2025-11-28 10:26:00,5.0,4.9494905,5,-0.05050945281982422
2025-11-28 10:27:00,5.0,5.1597857,5,0.15978574752807617
2025-11-28 10:28:00,5.0,5.3207126,5,0.3207125663757324
2025-11-28 10:29:00,5.0,5.3299136,5,0.3299136161804199
2025-11-28 10:30:00,5.0,5.38148,5,0.38148021697998047
2025-11-28 10:31:00,5.0,5.2989836,5,0.2989835739135742
2025-11-28 10:32:00,5.0,5.3592615,5,0.35926151275634766
2025-11-28 10:33:00,5.0,5.266558,5,0.2665581703186035
2025-11-28 10:34:00,5.0,5.2727942,5,0.272794246673584
2025-11-28 10:35:00,5.0,5.3217754,5,0.3217754364013672
2025-11-28 10:36:00,5.0,5.2710414,5,0.2710413932800293
2025-11-28 10:37:00,5.0,5.079972,5,0.0799717903137207
2025-11-28 10:38:00,5.0,5.116237,5,0.11623716354370117
2025-11-28 10:39:00,5.0,5.0918984,5,0.09189844131469727
2025-11-28 10:40:00,5.0,5.249854,5,0.24985408782958984
2025-11-28 10:41:00,5.0,5.303679,5,0.3036789894104004
2025-11-28 10:42:00,5.0,5.2722487,5,0.2722487449645996
2025-11-28 10:43:00,5.0,5.284358,5,0.28435802459716797
2025-11-28 10:44:00,5.0,5.314891,5,0.31489086151123047
2025-11-28 10:45:00,5.0,5.248256,5,0.24825620651245117
2025-11-28 10:46:00,5.0,5.228129,5,0.22812891006469727
2025-11-28 10:47:00,5.0,5.1423626,5,0.1423625946044922
2025-11-28 10:48:00,5.0,5.1645446,5,0.16454458236694336
2025-11-28 10:49:00,5.0,5.189338,5,0.18933820724487305
2025-11-28 10:50:00,5.0,5.254319,5,0.2543191909790039
2025-11-28 10:51:00,5.0,5.2856574,5,0.2856574058532715
2025-11-28 10:52:00,5.0,5.214029,5,0.21402883529663086
2025-11-28 10:53:00,5.0,5.1589913,5,0.15899133682250977
2025-11-28 10:54:00,5.0,5.15564,5,0.1556401252746582
2025-11-28 10:55:00,5.0,5.1691566,5,0.16915655136108398
2025-11-28 10:56:00,5.0,5.216177,5,0.21617698669433594
2025-11-28 10:57:00,5.0,5.2468643,5,0.24686431884765625
2025-11-28 10:58:00,5.0,5.2741103,5,0.2741103172302246
2025-11-28 10:59:00,5.0,5.249727,5,0.2497267723083496
2025-11-28 11:00:00,5.0,5.2749,5,0.274899959564209
2025-11-28 11:01:00,5.0,5.2161818,5,0.21618175506591797
2025-11-28 11:02:00,5.0,5.1036687,5,0.1036686897277832
2025-11-28 11:03:00,5.0,5.1570935,5,0.15709352493286133
2025-11-28 11:04:00,5.0,5.1393113,5,0.1393113136291504
2025-11-28 11:05:00,5.0,5.1876388,5,0.1876387596130371
2025-11-28 11:06:00,5.0,5.1639967,5,0.16399669647216797
2025-11-28 11:07:00,5.0,5.0958033,5,0.09580326080322266
2025-11-28 11:08:00,5.0,5.1276903,5,0.12769031524658203
2025-11-28 11:09:00,5.0,5.113933,5,0.11393308639526367
2025-11-28 11:10:00,5.0,5.082109,5,0.08210897445678711
2025-11-28 11:11:00,5.0,5.1253614,5,0.12536144256591797
2025-11-28 11:12:00,5.0,5.179649,5,0.17964887619018555
2025-11-28 11:13:00,5.0,5.1926985,5,0.19269847869873047
2025-11-28 11:14:00,5.0,5.157907,5,0.15790700912475586
2025-11-28 11:15:00,5.0,5.058662,5,0.05866193771362305
2025-11-28 11:16:00,5.0,5.0164347,5,0.016434669494628906
2025-11-28 11:17:00,5.0,5.061675,5,0.061675071716308594
2025-11-28 11:18:00,5.0,5.008031,5,0.008030891418457031
2025-11-28 11:19:00,5.0,5.0370197,5,0.03701972961425781
2025-11-28 11:20:00,5.0,5.0687747,5,0.06877470016479492
2025-11-28 11:21:00,5.0,5.1253066,5,0.1253066062927246
2025-11-28 11:22:00,5.0,5.1222577,5,0.12225770950317383
2025-11-28 11:23:00,5.0,5.1593294,5,0.15932941436767578
2025-11-28 11:24:00,5.0,5.082994,5,0.08299398422241211
2025-11-28 11:25:00,5.0,5.068931,5,0.06893110275268555
2025-11-28 11:26:00,5.0,5.011335,5,0.011334896087646484
2025-11-28 11:27:00,5.0,5.13999,5,0.13998985290527344
2025-11-28 11:28:00,5.0,5.1770062,5,0.17700624465942383
2025-11-28 11:29:00,5.0,5.223386,5,0.22338581085205078
2025-11-28 11:30:00,5.0,5.1777687,5,0.17776870727539062
2025-11-28 11:31:00,5.0,5.307822,5,0.30782222747802734
2025-11-28 11:32:00,5.0,5.378637,5,0.37863683700561523
2025-11-28 11:33:00,6.0,5.604835,6,-0.39516496658325195
2025-11-28 11:34:00,7.0,5.7702923,6,-1.2297077178955078
2025-11-28 11:35:00,7.0,6.9096165,7,-0.09038352966308594
2025-11-28 11:36:00,7.0,7.0357437,7,0.03574371337890625
2025-11-28 11:37:00,7.0,6.2012496,6,-0.7987504005432129
2025-11-28 11:38:00,7.0,6.774781,7,-0.2252187728881836
2025-11-28 11:39:00,7.0,6.9297547,7,-0.07024526596069336
2025-11-28 11:40:00,7.0,6.637506,7,-0.36249399185180664
2025-11-28 11:41:00,7.0,6.879658,7,-0.12034177780151367
2025-11-28 11:42:00,7.0,6.833805,7,-0.16619491577148438
2025-11-28 11:43:00,7.0,6.869528,7,-0.13047218322753906
2025-11-28 11:44:00,7.0,6.8271446,7,-0.17285537719726562
2025-11-28 11:45:00,7.0,7.0173354,7,0.01733541488647461
2025-11-28 11:46:00,7.0,6.865928,7,-0.13407182693481445
2025-11-28 11:47:00,7.0,7.0201073,7,0.020107269287109375
2025-11-28 11:48:00,7.0,6.916447,7,-0.08355283737182617
2025-11-28 11:49:00,7.0,7.2270775,7,0.22707748413085938
2025-11-28 11:50:00,7.0,7.0740724,7,0.07407236099243164
2025-11-28 11:51:00,7.0,7.252999,7,0.25299882888793945
2025-11-28 11:52:00,7.0,7.0055175,7,0.005517482757568359
2025-11-28 11:53:00,7.0,6.897662,7,-0.10233783721923828
2025-11-28 11:54:00,7.0,6.770926,7,-0.22907400131225586
2025-11-28 11:55:00,7.0,6.5975566,7,-0.40244340896606445
2025-11-28 11:56:00,7.0,6.7733984,7,-0.22660160064697266
2025-11-28 11:57:00,7.0,6.7709117,7,-0.22908830642700195
2025-11-28 11:58:00,7.0,6.758894,7,-0.2411060333251953
2025-11-28 11:59:00,7.0,7.0679445,7,0.06794452667236328
2025-11-28 12:00:00,7.0,6.8462634,7,-0.15373659133911133
2025-11-28 12:01:00,7.0,6.997212,7,-0.002788066864013672
2025-11-28 12:02:00,7.0,7.016855,7,0.01685476303100586
2025-11-28 12:03:00,7.0,6.908877,7,-0.09112310409545898
2025-11-28 12:04:00,7.0,6.8569164,7,-0.1430835723876953
2025-11-28 12:05:00,7.0,6.8870945,7,-0.11290550231933594
2025-11-28 12:06:00,7.0,6.9839344,7,-0.016065597534179688
2025-11-28 12:07:00,7.0,7.060096,7,0.060095787048339844
2025-11-28 12:08:00,7.0,7.0492873,7,0.04928731918334961
2025-11-28 12:09:00,7.0,7.1244297,7,0.12442970275878906
2025-11-28 12:10:00,8.0,7.2365146,7,-0.7634854316711426
2025-11-28 12:11:00,9.0,8.053569,8,-0.9464311599731445
2025-11-28 12:12:00,10.0,9.562307,10,-0.43769264221191406
2025-11-28 12:13:00,10.0,9.809444,10,-0.19055557250976562
2025-11-28 12:14:00,10.0,9.7718315,10,-0.22816848754882812
2025-11-28 12:15:00,10.0,9.481125,9,-0.5188751220703125
2025-11-28 12:16:00,10.0,9.503639,10,-0.49636077880859375
2025-11-28 12:17:00,10.0,9.378691,9,-0.6213092803955078
2025-11-28 12:18:00,10.0,9.369106,9,-0.6308937072753906
2025-11-28 12:19:00,8.0,9.399024,9,1.3990240097045898
2025-11-28 12:20:00,8.0,9.375611,9,1.3756113052368164
2025-11-28 12:21:00,8.0,7.07248,7,-0.9275197982788086
2025-11-28 12:22:00,8.0,9.389313,9,1.389312744140625
2025-11-28 12:23:00,8.0,9.103997,9,1.1039972305297852
2025-11-28 12:24:00,8.0,8.984886,9,0.9848861694335938
2025-11-28 12:25:00,8.0,8.7736635,9,0.7736635208129883
2025-11-28 12:26:00,8.0,8.391943,8,0.39194297790527344
2025-11-28 12:27:00,8.0,8.445782,8,0.4457817077636719
2025-11-28 12:28:00,8.0,8.484443,8,0.48444271087646484
2025-11-28 12:29:00,8.0,8.469152,8,0.46915245056152344
2025-11-28 12:30:00,8.0,8.494408,8,0.49440765380859375
2025-11-28 12:31:00,8.0,8.460977,8,0.46097660064697266
2025-11-28 12:32:00,8.0,8.397928,8,0.39792823791503906
2025-11-28 12:33:00,8.0,8.3401575,8,0.34015750885009766
2025-11-28 12:34:00,8.0,8.305428,8,0.30542755126953125
2025-11-28 12:35:00,8.0,8.475706,8,0.4757061004638672
2025-11-28 12:36:00,8.0,8.317178,8,0.31717777252197266
2025-11-28 12:37:00,8.0,8.351386,8,0.35138607025146484
2025-11-28 12:38:00,8.0,8.417124,8,0.41712379455566406
2025-11-28 12:39:00,8.0,8.237043,8,0.2370433807373047
2025-11-28 12:40:00,8.0,8.299511,8,0.2995109558105469
2025-11-28 12:41:00,8.0,8.057529,8,0.057529449462890625
2025-11-28 12:42:00,8.0,8.14441,8,0.1444101333618164
2025-11-28 12:43:00,8.0,8.101693,8,0.10169315338134766
2025-11-28 12:44:00,8.0,8.402788,8,0.4027881622314453
2025-11-28 12:45:00,8.0,8.389349,8,0.38934898376464844
2025-11-28 12:46:00,8.0,8.43171,8,0.43171024322509766
2025-11-28 12:47:00,8.0,8.038677,8,0.038677215576171875
2025-11-28 12:48:00,8.0,8.121662,8,0.12166213989257812
2025-11-28 12:49:00,8.0,8.053442,8,0.05344200134277344
2025-11-28 12:50:00,8.0,8.116383,8,0.11638259887695312
2025-11-28 12:51:00,8.0,8.317111,8,0.3171110153198242
2025-11-28 12:52:00,8.0,8.430816,8,0.4308156967163086
2025-11-28 12:53:00,8.0,8.44892,8,0.44892024993896484
2025-11-28 12:54:00,8.0,8.312024,8,0.3120241165161133
2025-11-28 12:55:00,8.0,8.376326,8,0.3763256072998047
2025-11-28 12:56:00,8.0,7.9505925,8,-0.0494074821472168
2025-11-28 12:57:00,8.0,8.14609,8,0.1460895538330078
2025-11-28 12:58:00,8.0,8.053631,8,0.053630828857421875
2025-11-28 12:59:00,8.0,8.316679,8,0.3166790008544922
2025-11-28 13:00:00,8.0,8.10602,8,0.10601997375488281
2025-11-28 13:01:00,8.0,8.1655245,8,0.16552448272705078
2025-11-28 13:02:00,8.0,8.144614,8,0.14461421966552734
2025-11-28 13:03:00,8.0,8.517017,9,0.5170173645019531
2025-11-28 13:04:00,8.0,8.183412,8,0.1834115982055664
2025-11-28 13:05:00,8.0,8.273944,8,0.2739439010620117
2025-11-28 13:06:00,8.0,8.0569105,8,0.05691051483154297
2025-11-28 13:07:00,8.0,8.067946,8,0.0679464340209961
2025-11-28 13:08:00,8.0,8.161507,8,0.16150665283203125
2025-11-28 13:09:00,8.0,8.234891,8,0.23489093780517578
2025-11-28 13:10:00,8.0,7.988994,8,-0.011005878448486328
2025-11-28 13:11:00,8.0,7.964023,8,-0.03597688674926758
2025-11-28 13:12:00,8.0,8.134579,8,0.13457870483398438
2025-11-28 13:13:00,8.0,8.165036,8,0.16503620147705078
2025-11-28 13:14:00,8.0,7.9401937,8,-0.05980634689331055
2025-11-28 13:15:00,8.0,8.089752,8,0.089752197265625
2025-11-28 13:16:00,8.0,8.360132,8,0.36013221740722656
2025-11-28 13:17:00,8.0,8.081415,8,0.08141517639160156
2025-11-28 13:18:00,8.0,8.326255,8,0.32625484466552734
2025-11-28 13:19:00,8.0,8.308625,8,0.3086252212524414
2025-11-28 13:20:00,8.0,8.136515,8,0.13651466369628906
2025-11-28 13:21:00,8.0,8.17987,8,0.1798696517944336
2025-11-28 13:22:00,8.0,8.087596,8,0.08759593963623047
2025-11-28 13:23:00,8.0,8.355836,8,0.3558359146118164
2025-11-28 13:24:00,8.0,8.42542,8,0.42541980743408203
2025-11-28 13:25:00,8.0,8.220016,8,0.2200155258178711
2025-11-28 13:26:00,8.0,8.133182,8,0.13318157196044922
2025-11-28 13:27:00,8.0,8.039451,8,0.039450645446777344
2025-11-28 13:28:00,8.0,8.236379,8,0.23637866973876953
2025-11-28 13:29:00,8.0,8.212199,8,0.21219921112060547
2025-11-28 13:30:00,8.0,8.347512,8,0.34751224517822266
2025-11-28 13:31:00,8.0,8.155783,8,0.15578269958496094
2025-11-28 13:32:00,8.0,8.371427,8,0.3714265823364258
2025-11-28 13:33:00,8.0,7.997047,8,-0.002953052520751953
2025-11-28 13:34:00,8.0,8.222229,8,0.22222900390625
2025-11-28 13:35:00,8.0,8.165998,8,0.1659984588623047
2025-11-28 13:36:00,8.0,8.241975,8,0.2419748306274414
2025-11-28 13:37:00,8.0,8.220072,8,0.22007179260253906
2025-11-28 13:38:00,8.0,8.413132,8,0.4131317138671875
2025-11-28 13:39:00,8.0,8.414497,8,0.41449737548828125
2025-11-28 13:40:00,8.0,8.24428,8,0.2442798614501953
2025-11-28 13:41:00,8.0,8.33134,8,0.33133983612060547
2025-11-28 13:42:00,8.0,8.162526,8,0.16252613067626953
2025-11-28 13:43:00,8.0,8.014964,8,0.014964103698730469
2025-11-28 13:44:00,8.0,7.906611,8,-0.09338903427124023
2025-11-28 13:45:00,8.0,8.011673,8,0.0116729736328125
2025-11-28 13:46:00,8.0,8.080659,8,0.0806589126586914
2025-11-28 13:47:00,8.0,8.0136795,8,0.01367950439453125
2025-11-28 13:48:00,8.0,8.183817,8,0.18381690979003906
2025-11-28 13:49:00,8.0,8.149307,8,0.1493072509765625
2025-11-28 13:50:00,8.0,7.9942727,8,-0.005727291107177734
2025-11-28 13:51:00,8.0,8.325891,8,0.32589054107666016
2025-11-28 13:52:00,8.0,8.092127,8,0.09212684631347656
2025-11-28 13:53:00,8.0,8.309387,8,0.30938720703125
2025-11-28 13:54:00,8.0,8.209274,8,0.2092742919921875
2025-11-28 13:55:00,8.0,8.251996,8,0.2519960403442383
2025-11-28 13:56:00,8.0,8.2193,8,0.2193002700805664
2025-11-28 13:57:00,8.0,8.2273855,8,0.2273855209350586
2025-11-28 13:58:00,8.0,8.136895,8,0.13689517974853516
2025-11-28 13:59:00,8.0,8.276038,8,0.27603816986083984
2025-11-28 14:00:00,8.0,8.343859,8,0.3438587188720703
2025-11-28 14:01:00,8.0,8.229896,8,0.22989559173583984
2025-11-28 14:02:00,8.0,8.054678,8,0.05467796325683594
2025-11-28 14:03:00,8.0,8.076026,8,0.07602596282958984
2025-11-28 14:04:00,8.0,8.27367,8,0.2736701965332031
2025-11-28 14:05:00,8.0,8.333958,8,0.3339576721191406
2025-11-28 14:06:00,8.0,8.101964,8,0.10196399688720703
2025-11-28 14:07:00,8.0,8.157754,8,0.15775394439697266
2025-11-28 14:08:00,8.0,8.14149,8,0.14148998260498047
2025-11-28 14:09:00,8.0,8.237142,8,0.23714160919189453
2025-11-28 14:10:00,8.0,8.174117,8,0.1741170883178711
2025-11-28 14:11:00,8.0,8.208365,8,0.20836544036865234
2025-11-28 14:12:00,8.0,8.357119,8,0.3571186065673828
2025-11-28 14:13:00,8.0,8.175943,8,0.17594337463378906
2025-11-28 14:14:00,8.0,8.257785,8,0.2577848434448242
2025-11-28 14:15:00,8.0,7.9858155,8,-0.01418447494506836
2025-11-28 14:16:00,8.0,8.138174,8,0.13817405700683594
2025-11-28 14:17:00,8.0,8.144009,8,0.14400863647460938
2025-11-28 14:18:00,8.0,8.2665825,8,0.2665824890136719
2025-11-28 14:19:00,8.0,8.295435,8,0.29543495178222656
2025-11-28 14:20:00,8.0,8.256137,8,0.2561368942260742
2025-11-28 14:21:00,8.0,8.222872,8,0.2228717803955078
2025-11-28 14:22:00,8.0,8.228538,8,0.22853755950927734
2025-11-28 14:23:00,8.0,8.307339,8,0.3073387145996094
2025-11-28 14:24:00,8.0,8.288829,8,0.28882884979248047
2025-11-28 14:25:00,8.0,8.157434,8,0.15743446350097656
2025-11-28 14:26:00,8.0,8.038368,8,0.03836822509765625
2025-11-28 14:27:00,8.0,8.2068,8,0.2068004608154297
2025-11-28 14:28:00,8.0,7.999745,8,-0.0002551078796386719
2025-11-28 14:29:00,8.0,8.054896,8,0.05489635467529297
2025-11-28 14:30:00,8.0,8.326852,8,0.32685184478759766
2025-11-28 14:31:00,8.0,8.092668,8,0.0926675796508789
2025-11-28 14:32:00,8.0,8.118229,8,0.11822891235351562
2025-11-28 14:33:00,8.0,8.368659,8,0.36865901947021484
2025-11-28 14:34:00,8.0,8.185955,8,0.18595504760742188
2025-11-28 14:35:00,8.0,8.055881,8,0.05588054656982422
2025-11-28 14:36:00,8.0,8.110057,8,0.11005687713623047
2025-11-28 14:37:00,8.0,8.3452015,8,0.3452014923095703
2025-11-28 14:38:00,8.0,8.072475,8,0.07247543334960938
2025-11-28 14:39:00,8.0,8.323224,8,0.3232240676879883
2025-11-28 14:40:00,8.0,8.055881,8,0.05588054656982422
2025-11-28 14:41:00,8.0,8.339859,8,0.3398590087890625
2025-11-28 14:42:00,8.0,8.180595,8,0.18059539794921875
2025-11-28 14:43:00,8.0,8.497002,8,0.49700164794921875
2025-11-28 14:44:00,8.0,8.028475,8,0.028474807739257812
2025-11-28 14:45:00,8.0,8.387243,8,0.38724327087402344
2025-11-28 14:46:00,8.0,8.28499,8,0.2849903106689453
2025-11-28 14:47:00,8.0,8.235188,8,0.23518753051757812
2025-11-28 14:48:00,8.0,8.239308,8,0.23930835723876953
2025-11-28 14:49:00,8.0,8.374028,8,0.37402820587158203
2025-11-28 14:50:00,8.0,7.882949,8,-0.1170511245727539
2025-11-28 14:51:00,8.0,8.4306965,8,0.4306964874267578
2025-11-28 14:52:00,8.0,8.106582,8,0.1065816879272461
2025-11-28 14:53:00,8.0,8.221217,8,0.22121715545654297
2025-11-28 14:54:00,8.0,8.030478,8,0.030477523803710938
2025-11-28 14:55:00,8.0,8.320885,8,0.32088470458984375
2025-11-28 14:56:00,8.0,8.358366,8,0.3583660125732422
2025-11-28 14:57:00,8.0,8.484068,8,0.4840679168701172
2025-11-28 14:58:00,8.0,8.589587,9,0.5895872116088867
2025-11-28 14:59:00,8.0,8.428246,8,0.42824554443359375
2025-11-28 15:00:00,8.0,8.363667,8,0.3636665344238281
2025-11-28 15:01:00,8.0,7.9436865,8,-0.056313514709472656
2025-11-28 15:02:00,8.0,8.1379795,8,0.13797950744628906
2025-11-28 15:03:00,8.0,8.171457,8,0.17145729064941406
2025-11-28 15:04:00,8.0,8.463774,8,0.4637737274169922
2025-11-28 15:05:00,8.0,8.028315,8,0.028314590454101562
2025-11-28 15:06:00,8.0,8.313018,8,0.3130178451538086
2025-11-28 15:07:00,8.0,8.474897,8,0.4748973846435547
2025-11-28 15:08:00,8.0,8.588292,9,0.588292121887207
2025-11-28 15:09:00,8.0,8.358466,8,0.35846614837646484
2025-11-28 15:10:00,8.0,8.48277,8,0.4827699661254883
2025-11-28 15:11:00,8.0,8.1286545,8,0.12865447998046875
2025-11-28 15:12:00,8.0,7.8027983,8,-0.19720172882080078
2025-11-28 15:13:00,8.0,7.5999756,8,-0.4000244140625
2025-11-28 15:14:00,8.0,7.648037,8,-0.3519630432128906
2025-11-28 15:15:00,8.0,7.852695,8,-0.14730501174926758
2025-11-28 15:16:00,8.0,8.166222,8,0.16622161865234375
2025-11-28 15:17:00,8.0,8.254046,8,0.2540464401245117
2025-11-28 15:18:00,8.0,8.333604,8,0.3336038589477539
2025-11-28 15:19:00,8.0,8.082231,8,0.0822305679321289
2025-11-28 15:20:00,8.0,8.052917,8,0.052916526794433594
2025-11-28 15:21:00,8.0,8.146737,8,0.14673709869384766
2025-11-28 15:22:00,8.0,8.289348,8,0.28934764862060547
2025-11-28 15:23:00,8.0,8.002653,8,0.0026531219482421875
2025-11-28 15:24:00,8.0,8.135359,8,0.1353588104248047
2025-11-28 15:25:00,8.0,8.396843,8,0.39684295654296875
2025-11-28 15:26:00,8.0,8.315987,8,0.31598663330078125
2025-11-28 15:27:00,8.0,8.394831,8,0.39483070373535156
2025-11-28 15:28:00,8.0,8.243253,8,0.24325275421142578
2025-11-28 15:29:00,8.0,8.175121,8,0.17512130737304688
2025-11-28 15:30:00,8.0,8.117186,8,0.11718559265136719
2025-11-28 15:31:00,8.0,8.295201,8,0.29520130157470703
2025-11-28 15:32:00,8.0,8.263554,8,0.2635536193847656
2025-11-28 15:33:00,8.0,8.334175,8,0.33417510986328125
2025-11-28 15:34:00,8.0,8.327874,8,0.32787418365478516
2025-11-28 15:35:00,8.0,8.326568,8,0.3265676498413086
2025-11-28 15:36:00,8.0,8.324083,8,0.3240833282470703
2025-11-28 15:37:00,8.0,8.330961,8,0.3309612274169922
2025-11-28 15:38:00,8.0,7.98515,8,-0.014850139617919922
2025-11-28 15:39:00,8.0,8.160705,8,0.1607046127319336
2025-11-28 15:40:00,8.0,8.1067,8,0.10669994354248047
2025-11-28 15:41:00,8.0,8.124054,8,0.124053955078125
2025-11-28 15:42:00,8.0,8.153788,8,0.15378761291503906
2025-11-28 15:43:00,8.0,7.9732842,8,-0.026715755462646484
2025-11-28 15:44:00,8.0,8.431038,8,0.43103790283203125
2025-11-28 15:45:00,8.0,8.309765,8,0.3097648620605469
2025-11-28 15:46:00,8.0,8.151395,8,0.15139484405517578
2025-11-28 15:47:00,8.0,8.2777605,8,0.27776050567626953
2025-11-28 15:48:00,8.0,8.27483,8,0.2748298645019531
2025-11-28 15:49:00,8.0,7.9315124,8,-0.06848764419555664
2025-11-28 15:50:00,8.0,8.2489605,8,0.2489604949951172
2025-11-28 15:51:00,8.0,8.434886,8,0.43488597869873047
2025-11-28 15:52:00,8.0,8.414588,8,0.41458797454833984
2025-11-28 15:53:00,8.0,8.132382,8,0.13238239288330078
2025-11-28 15:54:00,8.0,8.545481,9,0.5454807281494141
2025-11-28 15:55:00,8.0,8.368955,8,0.3689546585083008
2025-11-28 15:56:00,8.0,8.284444,8,0.28444385528564453
2025-11-28 15:57:00,8.0,8.434186,8,0.4341859817504883
2025-11-28 15:58:00,8.0,8.443527,8,0.4435272216796875
2025-11-28 15:59:00,8.0,8.417097,8,0.4170970916748047
2025-11-28 16:00:00,8.0,8.152383,8,0.15238285064697266
2025-11-28 16:01:00,8.0,8.492954,8,0.4929542541503906
2025-11-28 16:02:00,8.0,8.160768,8,0.1607675552368164
2025-11-28 16:03:00,8.0,8.29022,8,0.2902202606201172
2025-11-28 16:04:00,8.0,8.171119,8,0.17111873626708984
2025-11-28 16:05:00,8.0,8.333838,8,0.33383846282958984
2025-11-28 16:06:00,8.0,8.206203,8,0.20620346069335938
2025-11-28 16:07:00,8.0,8.185479,8,0.18547916412353516
2025-11-28 16:08:00,8.0,8.28734,8,0.2873401641845703
2025-11-28 16:09:00,8.0,8.327332,8,0.32733154296875
2025-11-28 16:10:00,8.0,8.259975,8,0.2599754333496094
2025-11-28 16:11:00,8.0,8.365027,8,0.36502742767333984
2025-11-28 16:12:00,8.0,8.376835,8,0.3768348693847656
2025-11-28 16:13:00,8.0,8.342038,8,0.3420381546020508
2025-11-28 16:14:00,8.0,8.426452,8,0.4264516830444336
2025-11-28 16:15:00,8.0,8.294803,8,0.2948026657104492
2025-11-28 16:16:00,8.0,8.378261,8,0.37826061248779297
2025-11-28 16:17:00,8.0,8.358707,8,0.3587074279785156
2025-11-28 16:18:00,8.0,8.3098545,8,0.30985450744628906
2025-11-28 16:19:00,8.0,8.300938,8,0.3009376525878906
2025-11-28 16:20:00,8.0,8.185728,8,0.1857280731201172
2025-11-28 16:21:00,8.0,8.115934,8,0.11593437194824219
2025-11-28 16:22:00,8.0,8.060085,8,0.060085296630859375
2025-11-28 16:23:00,8.0,7.984868,8,-0.015131950378417969
2025-11-28 16:24:00,8.0,8.332751,8,0.3327512741088867
2025-11-28 16:25:00,8.0,8.317233,8,0.3172330856323242
2025-11-28 16:26:00,8.0,8.143112,8,0.1431121826171875
2025-11-28 16:27:00,8.0,8.282037,8,0.28203678131103516
2025-11-28 16:28:00,8.0,8.288799,8,0.2887992858886719
2025-11-28 16:29:00,8.0,8.221198,8,0.22119808197021484
2025-11-28 16:30:00,8.0,8.320648,8,0.320648193359375
2025-11-28 16:31:00,8.0,8.190956,8,0.19095611572265625
2025-11-28 16:32:00,8.0,8.206015,8,0.20601463317871094
2025-11-28 16:33:00,8.0,8.438232,8,0.438232421875
2025-11-28 16:34:00,8.0,8.47095,8,0.4709501266479492
2025-11-28 16:35:00,8.0,8.207238,8,0.20723819732666016
2025-11-28 16:36:00,8.0,8.333177,8,0.3331766128540039
2025-11-28 16:37:00,8.0,8.466524,8,0.4665241241455078
2025-11-28 16:38:00,8.0,8.045652,8,0.04565238952636719
2025-11-28 16:39:00,8.0,8.322202,8,0.3222017288208008
2025-11-28 16:40:00,8.0,8.218442,8,0.21844196319580078
2025-11-28 16:41:00,8.0,8.103296,8,0.10329627990722656
2025-11-28 16:42:00,8.0,8.140905,8,0.14090538024902344
2025-11-28 16:43:00,8.0,8.20698,8,0.20697975158691406
2025-11-28 16:44:00,8.0,8.377971,8,0.37797069549560547
2025-11-28 16:45:00,8.0,8.199454,8,0.19945430755615234
2025-11-28 16:46:00,8.0,8.145998,8,0.1459980010986328
2025-11-28 16:47:00,8.0,8.135224,8,0.1352243423461914
2025-11-28 16:48:00,8.0,8.195341,8,0.1953411102294922
2025-11-28 16:49:00,8.0,8.31991,8,0.31991004943847656
2025-11-28 16:50:00,8.0,8.413024,8,0.4130239486694336
2025-11-28 16:51:00,8.0,8.386278,8,0.3862781524658203
2025-11-28 16:52:00,8.0,8.173677,8,0.1736774444580078
2025-11-28 16:53:00,8.0,8.342404,8,0.3424043655395508
2025-11-28 16:54:00,8.0,8.103322,8,0.10332202911376953
2025-11-28 16:55:00,8.0,8.135776,8,0.13577556610107422
2025-11-28 16:56:00,8.0,7.958668,8,-0.04133176803588867
2025-11-28 16:57:00,8.0,8.2028055,8,0.2028055191040039
2025-11-28 16:58:00,8.0,8.120129,8,0.12012863159179688
2025-11-28 16:59:00,8.0,8.130092,8,0.13009166717529297
2025-11-28 17:00:00,8.0,7.757655,8,-0.24234485626220703
2025-11-28 17:01:00,8.0,8.077311,8,0.07731056213378906
2025-11-28 17:02:00,8.0,8.00668,8,0.006679534912109375
2025-11-28 17:03:00,8.0,7.9963665,8,-0.0036334991455078125
2025-11-28 17:04:00,8.0,7.9391565,8,-0.060843467712402344
2025-11-28 17:05:00,8.0,8.253874,8,0.2538738250732422
2025-11-28 17:06:00,8.0,7.9340096,8,-0.06599044799804688
2025-11-28 17:07:00,8.0,8.044699,8,0.04469871520996094
2025-11-28 17:08:00,8.0,7.8819523,8,-0.11804771423339844
2025-11-28 17:09:00,8.0,8.059987,8,0.05998706817626953
2025-11-28 17:10:00,8.0,7.778863,8,-0.22113704681396484
2025-11-28 17:11:00,8.0,8.065453,8,0.06545257568359375
2025-11-28 17:12:00,8.0,8.058163,8,0.058162689208984375
2025-11-28 17:13:00,8.0,8.096647,8,0.09664726257324219
2025-11-28 17:14:00,8.0,8.045706,8,0.04570579528808594
2025-11-28 17:15:00,8.0,7.8989286,8,-0.10107135772705078
2025-11-28 17:16:00,8.0,8.092644,8,0.09264373779296875
2025-11-28 17:17:00,8.0,8.041212,8,0.04121208190917969
2025-11-28 17:18:00,8.0,7.991002,8,-0.008997917175292969
2025-11-28 17:19:00,8.0,8.151674,8,0.1516742706298828
2025-11-28 17:20:00,8.0,8.21518,8,0.2151803970336914
2025-11-28 17:21:00,8.0,8.017538,8,0.017538070678710938
2025-11-28 17:22:00,8.0,8.079001,8,0.07900142669677734
2025-11-28 17:23:00,8.0,8.274081,8,0.2740812301635742
2025-11-28 17:24:00,8.0,8.2226305,8,0.22263050079345703
2025-11-28 17:25:00,8.0,8.113749,8,0.11374855041503906
2025-11-28 17:26:00,8.0,8.053064,8,0.05306434631347656
2025-11-28 17:27:00,8.0,8.149462,8,0.1494617462158203
2025-11-28 17:28:00,8.0,8.088316,8,0.08831596374511719
2025-11-28 17:29:00,8.0,8.080689,8,0.0806894302368164
2025-11-28 17:30:00,6.0,7.970763,8,1.9707632064819336
2025-11-28 17:31:00,6.0,7.5967913,8,1.5967912673950195
2025-11-28 17:32:00,6.0,5.6188393,6,-0.3811607360839844
2025-11-28 17:33:00,6.0,6.965367,7,0.9653668403625488
2025-11-28 17:34:00,6.0,6.91829,7,0.9182901382446289
2025-11-28 17:35:00,6.0,6.4649925,6,0.4649925231933594
2025-11-28 17:36:00,6.0,6.38315,6,0.3831501007080078
2025-11-28 17:37:00,6.0,6.2474394,6,0.24743938446044922
2025-11-28 17:38:00,6.0,6.4458804,6,0.4458804130554199
2025-11-28 17:39:00,6.0,6.3616605,6,0.3616604804992676
2025-11-28 17:40:00,6.0,6.2731967,6,0.2731966972351074
2025-11-28 17:41:00,6.0,6.0488763,6,0.048876285552978516
2025-11-28 17:42:00,6.0,5.961757,6,-0.03824281692504883
2025-11-28 17:43:00,6.0,5.8780403,6,-0.12195968627929688
2025-11-28 17:44:00,6.0,5.929193,6,-0.07080698013305664
2025-11-28 17:45:00,6.0,5.8979373,6,-0.10206270217895508
2025-11-28 17:46:00,6.0,6.0628705,6,0.06287050247192383
2025-11-28 17:47:00,6.0,6.0969157,6,0.09691572189331055
2025-11-28 17:48:00,6.0,5.882462,6,-0.1175379753112793
2025-11-28 17:49:00,6.0,5.909035,6,-0.09096479415893555
2025-11-28 17:50:00,6.0,6.0890436,6,0.08904361724853516
2025-11-28 17:51:00,6.0,5.880003,6,-0.11999702453613281
2025-11-28 17:52:00,6.0,5.775724,6,-0.22427606582641602
2025-11-28 17:53:00,6.0,5.8026934,6,-0.19730663299560547
2025-11-28 17:54:00,6.0,5.753028,6,-0.24697208404541016
2025-11-28 17:55:00,6.0,5.880179,6,-0.11982107162475586
2025-11-28 17:56:00,6.0,5.7868977,6,-0.2131023406982422
2025-11-28 17:57:00,6.0,5.9889235,6,-0.01107645034790039
2025-11-28 17:58:00,6.0,5.866911,6,-0.1330890655517578
2025-11-28 17:59:00,6.0,5.8457055,6,-0.15429449081420898
2025-11-28 18:00:00,6.0,5.7409205,6,-0.2590794563293457
2025-11-28 18:01:00,6.0,5.813214,6,-0.18678617477416992
2025-11-28 18:02:00,6.0,5.778285,6,-0.22171497344970703
2025-11-28 18:03:00,6.0,5.677625,6,-0.3223748207092285
2025-11-28 18:04:00,6.0,5.829485,6,-0.1705150604248047
2025-11-28 18:05:00,6.0,5.846218,6,-0.15378189086914062
2025-11-28 18:06:00,6.0,5.8929467,6,-0.10705327987670898
2025-11-28 18:07:00,6.0,5.8915424,6,-0.10845756530761719
2025-11-28 18:08:00,6.0,5.8610067,6,-0.1389932632446289
2025-11-28 18:09:00,6.0,5.7669163,6,-0.23308372497558594
2025-11-28 18:10:00,6.0,5.8524866,6,-0.14751338958740234
2025-11-28 18:11:00,6.0,5.7818666,6,-0.21813344955444336
2025-11-28 18:12:00,6.0,5.787213,6,-0.21278715133666992
2025-11-28 18:13:00,6.0,5.794791,6,-0.20520877838134766
2025-11-28 18:14:00,6.0,5.792411,6,-0.20758914947509766
2025-11-28 18:15:00,6.0,5.719911,6,-0.2800889015197754
2025-11-28 18:16:00,6.0,5.777307,6,-0.22269296646118164
2025-11-28 18:17:00,6.0,5.7229548,6,-0.27704524993896484
2025-11-28 18:18:00,6.0,5.8141036,6,-0.1858963966369629
2025-11-28 18:19:00,6.0,5.8990655,6,-0.10093450546264648
2025-11-28 18:20:00,6.0,5.973424,6,-0.02657604217529297
2025-11-28 18:21:00,6.0,6.208225,6,0.20822477340698242
2025-11-28 18:22:00,6.0,6.5827966,7,0.582796573638916
2025-11-28 18:23:00,6.0,6.516235,7,0.5162348747253418
2025-11-28 18:24:00,6.0,6.3934436,6,0.39344358444213867
2025-11-28 18:25:00,6.0,6.3448076,6,0.34480762481689453
2025-11-28 18:26:00,6.0,5.8853946,6,-0.11460542678833008
2025-11-28 18:27:00,6.0,5.6221576,6,-0.37784242630004883
2025-11-28 18:28:00,6.0,5.616026,6,-0.3839740753173828
2025-11-28 18:29:00,6.0,5.625162,6,-0.37483787536621094
2025-11-28 18:30:00,6.0,5.678738,6,-0.3212618827819824
2025-11-28 18:31:00,6.0,5.810114,6,-0.18988609313964844
2025-11-28 18:32:00,6.0,5.802137,6,-0.19786310195922852
2025-11-28 18:33:00,6.0,5.7897534,6,-0.21024656295776367
2025-11-28 18:34:00,6.0,5.662401,6,-0.3375988006591797
2025-11-28 18:35:00,6.0,5.7067127,6,-0.2932872772216797
2025-11-28 18:36:00,6.0,5.8772864,6,-0.12271356582641602
2025-11-28 18:37:00,6.0,5.815407,6,-0.18459320068359375
2025-11-28 18:38:00,6.0,5.7997675,6,-0.20023250579833984
2025-11-28 18:39:00,6.0,5.7847524,6,-0.21524763107299805
2025-11-28 18:40:00,6.0,5.8638773,6,-0.1361227035522461
2025-11-28 18:41:00,6.0,5.802698,6,-0.19730186462402344
2025-11-28 18:42:00,6.0,5.897559,6,-0.10244083404541016
2025-11-28 18:43:00,6.0,5.838482,6,-0.16151809692382812
2025-11-28 18:44:00,6.0,5.781426,6,-0.21857404708862305
2025-11-28 18:45:00,6.0,5.775693,6,-0.22430706024169922
2025-11-28 18:46:00,6.0,5.8507495,6,-0.14925050735473633
2025-11-28 18:47:00,6.0,5.7419553,6,-0.2580447196960449
2025-11-28 18:48:00,6.0,5.78094,6,-0.21905994415283203
2025-11-28 18:49:00,6.0,5.818843,6,-0.18115711212158203
2025-11-28 18:50:00,6.0,5.7416954,6,-0.2583045959472656
2025-11-28 18:51:00,6.0,5.6827164,6,-0.31728363037109375
2025-11-28 18:52:00,6.0,5.7921047,6,-0.20789527893066406
2025-11-28 18:53:00,6.0,5.7882314,6,-0.21176862716674805
2025-11-28 18:54:00,6.0,5.712325,6,-0.2876749038696289
2025-11-28 18:55:00,6.0,5.752387,6,-0.24761295318603516
2025-11-28 18:56:00,6.0,5.705904,6,-0.2940959930419922
2025-11-28 18:57:00,6.0,5.750968,6,-0.24903202056884766
2025-11-28 18:58:00,6.0,5.789703,6,-0.2102971076965332
2025-11-28 18:59:00,6.0,5.7892795,6,-0.21072053909301758
2025-11-28 19:00:00,6.0,5.787248,6,-0.2127518653869629
2025-11-28 19:01:00,6.0,5.8178763,6,-0.18212366104125977
2025-11-28 19:02:00,6.0,5.808339,6,-0.19166088104248047
2025-11-28 19:03:00,6.0,5.749741,6,-0.2502589225769043
2025-11-28 19:04:00,6.0,5.810112,6,-0.18988800048828125
2025-11-28 19:05:00,6.0,5.845452,6,-0.15454816818237305
2025-11-28 19:06:00,6.0,5.7829256,6,-0.21707439422607422
2025-11-28 19:07:00,6.0,5.736396,6,-0.26360416412353516
2025-11-28 19:08:00,6.0,5.7205396,6,-0.27946043014526367
2025-11-28 19:09:00,6.0,5.784685,6,-0.2153148651123047
2025-11-28 19:10:00,6.0,5.687607,6,-0.3123931884765625
2025-11-28 19:11:00,6.0,5.6982226,6,-0.30177736282348633
2025-11-28 19:12:00,6.0,5.808337,6,-0.19166278839111328
2025-11-28 19:13:00,6.0,5.6965513,6,-0.3034486770629883
2025-11-28 19:14:00,6.0,5.6786084,6,-0.32139158248901367
2025-11-28 19:15:00,6.0,5.6345944,6,-0.3654055595397949
2025-11-28 19:16:00,6.0,5.680256,6,-0.3197441101074219
2025-11-28 19:17:00,6.0,5.6099796,6,-0.39002037048339844
2025-11-28 19:18:00,6.0,5.6136484,6,-0.3863515853881836
2025-11-28 19:19:00,6.0,5.6365647,6,-0.3634352684020996
2025-11-28 19:20:00,6.0,5.737443,6,-0.2625570297241211
2025-11-28 19:21:00,6.0,5.632046,6,-0.3679537773132324
2025-11-28 19:22:00,6.0,5.722156,6,-0.2778439521789551
2025-11-28 19:23:00,6.0,5.7412,6,-0.25880002975463867
2025-11-28 19:24:00,6.0,5.735718,6,-0.2642822265625
2025-11-28 19:25:00,6.0,5.6600876,6,-0.33991241455078125
2025-11-28 19:26:00,6.0,5.629463,6,-0.37053680419921875
2025-11-28 19:27:00,4.0,5.6286025,6,1.6286025047302246
2025-11-28 19:28:00,4.0,5.5981693,6,1.5981693267822266
2025-11-28 19:29:00,4.0,4.750916,5,0.7509160041809082
2025-11-28 19:30:00,4.0,5.2143464,5,1.2143464088439941
2025-11-28 19:31:00,4.0,5.2066064,5,1.206606388092041
2025-11-28 19:32:00,4.0,4.936785,5,0.9367852210998535
2025-11-28 19:33:00,4.0,4.80479,5,0.8047900199890137
2025-11-28 19:34:00,4.0,4.708628,5,0.7086281776428223
2025-11-28 19:35:00,4.0,4.6383166,5,0.6383166313171387
2025-11-28 19:36:00,4.0,4.46927,4,0.4692702293395996
2025-11-28 19:37:00,4.0,4.366443,4,0.3664431571960449
2025-11-28 19:38:00,4.0,4.219104,4,0.21910381317138672
2025-11-28 19:39:00,4.0,4.317541,4,0.31754112243652344
2025-11-28 19:40:00,2.0,4.221543,4,2.2215428352355957
2025-11-28 19:41:00,2.0,4.3352847,4,2.33528470993042
2025-11-28 19:42:00,2.0,3.020097,3,1.020097017288208
2025-11-28 19:43:00,2.0,2.7375822,3,0.7375822067260742
2025-11-28 19:44:00,2.0,2.9179745,3,0.9179744720458984
2025-11-28 19:45:00,2.0,2.7949882,3,0.7949881553649902
2025-11-28 19:46:00,3.0,2.902377,3,-0.09762310981750488
2025-11-28 19:47:00,3.0,2.8599706,3,-0.1400294303894043
2025-11-28 19:48:00,3.0,3.525222,4,0.5252220630645752
2025-11-28 19:49:00,3.0,3.3414462,3,0.3414461612701416
2025-11-28 19:50:00,3.0,3.1964524,3,0.19645237922668457
2025-11-28 19:51:00,3.0,3.1534176,3,0.15341758728027344
2025-11-28 19:52:00,3.0,3.154447,3,0.15444707870483398
2025-11-28 19:53:00,3.0,3.1358528,3,0.13585281372070312
2025-11-28 19:54:00,3.0,3.123232,3,0.12323188781738281
2025-11-28 19:55:00,3.0,3.1715763,3,0.17157626152038574
2025-11-28 19:56:00,3.0,3.1406882,3,0.14068818092346191
2025-11-28 19:57:00,3.0,3.2680101,3,0.26801013946533203
2025-11-28 19:58:00,3.0,3.2314672,3,0.23146724700927734
2025-11-28 19:59:00,3.0,3.3377903,3,0.33779025077819824
2025-11-28 20:00:00,3.0,3.362568,3,0.3625679016113281
2025-11-28 20:01:00,4.0,3.581027,4,-0.4189729690551758
2025-11-28 20:02:00,5.0,4.0561395,4,-0.9438605308532715
2025-11-28 20:03:00,6.0,5.505622,6,-0.49437808990478516
2025-11-28 20:04:00,6.0,5.7564216,6,-0.24357843399047852
2025-11-28 20:05:00,6.0,5.908085,6,-0.09191513061523438
2025-11-28 20:06:00,6.0,5.5941744,6,-0.4058256149291992
2025-11-28 20:07:00,6.0,5.717834,6,-0.2821660041809082
2025-11-28 20:08:00,6.0,5.7179723,6,-0.2820277214050293
2025-11-28 20:09:00,6.0,5.602998,6,-0.3970022201538086
2025-11-28 20:10:00,6.0,5.592329,6,-0.4076709747314453
2025-11-28 20:11:00,6.0,5.597424,6,-0.4025759696960449
2025-11-28 20:12:00,6.0,5.6013975,6,-0.3986024856567383
2025-11-28 20:13:00,4.0,5.6138883,6,1.6138882637023926
2025-11-28 20:14:00,4.0,5.6630173,6,1.6630172729492188
2025-11-28 20:15:00,4.0,4.8969746,5,0.8969745635986328
2025-11-28 20:16:00,4.0,5.4040318,5,1.404031753540039
2025-11-28 20:17:00,4.0,5.3696585,5,1.3696584701538086
2025-11-28 20:18:00,4.0,5.2427516,5,1.2427515983581543
2025-11-28 20:19:00,4.0,4.9628973,5,0.9628973007202148
2025-11-28 20:20:00,4.0,4.898893,5,0.898892879486084
2025-11-28 20:21:00,4.0,4.828934,5,0.8289341926574707
2025-11-28 20:22:00,4.0,4.8290334,5,0.829033374786377
2025-11-28 20:23:00,4.0,4.711981,5,0.7119808197021484
2025-11-28 20:24:00,4.0,4.661679,5,0.6616787910461426
2025-11-28 20:25:00,4.0,4.6889625,5,0.688962459564209
2025-11-28 20:26:00,4.0,4.5760994,5,0.5760993957519531
2025-11-28 20:27:00,4.0,4.5140014,5,0.5140013694763184
2025-11-28 20:28:00,4.0,4.4309154,4,0.43091535568237305
2025-11-28 20:29:00,4.0,4.4391394,4,0.43913936614990234
2025-11-28 20:30:00,4.0,4.3499494,4,0.34994935989379883
2025-11-28 20:31:00,4.0,4.3554425,4,0.35544252395629883
2025-11-28 20:32:00,4.0,4.3738,4,0.37379980087280273
2025-11-28 20:33:00,4.0,4.420957,4,0.420957088470459
2025-11-28 20:34:00,4.0,4.4414673,4,0.44146728515625
2025-11-28 20:35:00,4.0,4.2666354,4,0.2666354179382324
2025-11-28 20:36:00,4.0,4.3687286,4,0.3687286376953125
2025-11-28 20:37:00,4.0,4.2914248,4,0.2914247512817383
2025-11-28 20:38:00,4.0,4.3163285,4,0.3163285255432129
2025-11-28 20:39:00,4.0,4.322707,4,0.3227071762084961
2025-11-28 20:40:00,4.0,4.33013,4,0.33013010025024414
2025-11-28 20:41:00,4.0,4.3884597,4,0.3884596824645996
2025-11-28 20:42:00,4.0,4.18731,4,0.18731021881103516
2025-11-28 20:43:00,4.0,4.3317466,4,0.33174657821655273
2025-11-28 20:44:00,4.0,4.334609,4,0.3346090316772461
2025-11-28 20:45:00,4.0,4.3888364,4,0.3888363838195801
2025-11-28 20:46:00,4.0,4.33883,4,0.33882999420166016
2025-11-28 20:47:00,4.0,4.337012,4,0.33701181411743164
2025-11-28 20:48:00,4.0,4.401782,4,0.4017820358276367
2025-11-28 20:49:00,4.0,4.3531094,4,0.35310935974121094
2025-11-28 20:50:00,4.0,4.365507,4,0.3655071258544922
2025-11-28 20:51:00,4.0,4.3194995,4,0.31949949264526367
2025-11-28 20:52:00,4.0,4.3460793,4,0.34607934951782227
2025-11-28 20:53:00,4.0,4.44246,4,0.4424600601196289
2025-11-28 20:54:00,4.0,4.358872,4,0.3588719367980957
2025-11-28 20:55:00,4.0,4.4370637,4,0.43706369400024414
2025-11-28 20:56:00,4.0,4.2778177,4,0.2778177261352539
2025-11-28 20:57:00,4.0,4.3772244,4,0.3772244453430176
2025-11-28 20:58:00,4.0,4.3276973,4,0.3276972770690918
2025-11-28 20:59:00,4.0,4.382505,4,0.382504940032959
2025-11-28 21:00:00,4.0,4.42646,4,0.42645978927612305
2025-11-28 21:01:00,4.0,4.35727,4,0.3572697639465332
2025-11-28 21:02:00,4.0,4.4407706,4,0.44077062606811523
2025-11-28 21:03:00,4.0,4.2674203,4,0.26742029190063477
2025-11-28 21:04:00,4.0,4.457777,4,0.4577770233154297
2025-11-28 21:05:00,4.0,4.3995953,4,0.3995952606201172
2025-11-28 21:06:00,4.0,4.3706813,4,0.3706812858581543
2025-11-28 21:07:00,4.0,4.3059616,4,0.30596160888671875
2025-11-28 21:08:00,4.0,4.258474,4,0.25847387313842773
2025-11-28 21:09:00,4.0,4.3268056,4,0.32680559158325195
2025-11-28 21:10:00,4.0,4.4453206,4,0.44532060623168945
2025-11-28 21:11:00,4.0,4.4918456,4,0.49184560775756836
2025-11-28 21:12:00,4.0,4.428069,4,0.4280691146850586
2025-11-28 21:13:00,4.0,4.339106,4,0.33910608291625977
2025-11-28 21:14:00,4.0,4.2760744,4,0.2760744094848633
2025-11-28 21:15:00,4.0,4.3860164,4,0.3860163688659668
2025-11-28 21:16:00,4.0,4.386488,4,0.3864879608154297
2025-11-28 21:17:00,4.0,4.307067,4,0.3070669174194336
2025-11-28 21:18:00,4.0,4.4269457,4,0.42694568634033203
2025-11-28 21:19:00,4.0,4.338983,4,0.33898305892944336
2025-11-28 21:20:00,4.0,4.234248,4,0.23424816131591797
2025-11-28 21:21:00,4.0,4.4205027,4,0.4205026626586914
2025-11-28 21:22:00,4.0,4.318067,4,0.3180670738220215
2025-11-28 21:23:00,4.0,4.37363,4,0.3736300468444824
2025-11-28 21:24:00,4.0,4.372517,4,0.37251710891723633
2025-11-28 21:25:00,4.0,4.2522964,4,0.25229644775390625
2025-11-28 21:26:00,4.0,4.3412576,4,0.34125757217407227
2025-11-28 21:27:00,4.0,4.253189,4,0.2531890869140625
2025-11-28 21:28:00,4.0,4.3359165,4,0.33591651916503906
2025-11-28 21:29:00,4.0,4.2513185,4,0.25131845474243164
2025-11-28 21:30:00,4.0,4.265786,4,0.26578617095947266
2025-11-28 21:31:00,4.0,4.25684,4,0.25684022903442383
2025-11-28 21:32:00,4.0,4.221293,4,0.22129297256469727
2025-11-28 21:33:00,4.0,4.191634,4,0.1916341781616211
2025-11-28 21:34:00,4.0,4.275788,4,0.2757878303527832
2025-11-28 21:35:00,4.0,4.2937675,4,0.29376745223999023
2025-11-28 21:36:00,4.0,4.2045617,4,0.20456171035766602
2025-11-28 21:37:00,4.0,4.2511535,4,0.25115346908569336
2025-11-28 21:38:00,4.0,4.2667584,4,0.26675844192504883
2025-11-28 21:39:00,4.0,4.234786,4,0.2347860336303711
2025-11-28 21:40:00,4.0,4.197413,4,0.19741296768188477
2025-11-28 21:41:00,4.0,4.243466,4,0.24346590042114258
2025-11-28 21:42:00,4.0,4.257439,4,0.25743913650512695
2025-11-28 21:43:00,4.0,4.097005,4,0.09700489044189453
2025-11-28 21:44:00,4.0,4.251689,4,0.25168895721435547
2025-11-28 21:45:00,4.0,4.3236947,4,0.32369470596313477
2025-11-28 21:46:00,4.0,4.2680316,4,0.26803159713745117
2025-11-28 21:47:00,4.0,4.305948,4,0.30594778060913086
2025-11-28 21:48:00,4.0,4.315756,4,0.31575584411621094
2025-11-28 21:49:00,4.0,4.352234,4,0.35223388671875
2025-11-28 21:50:00,4.0,4.298319,4,0.29831886291503906
2025-11-28 21:51:00,4.0,4.387357,4,0.387357234954834
2025-11-28 21:52:00,4.0,4.465808,4,0.4658079147338867
2025-11-28 21:53:00,4.0,4.4195113,4,0.4195113182067871
2025-11-28 21:54:00,4.0,4.366583,4,0.36658287048339844
2025-11-28 21:55:00,4.0,4.3892217,4,0.3892216682434082
2025-11-28 21:56:00,4.0,4.329668,4,0.3296680450439453
2025-11-28 21:57:00,4.0,4.3614225,4,0.3614225387573242
2025-11-28 21:58:00,4.0,4.3297443,4,0.3297443389892578
2025-11-28 21:59:00,4.0,4.3262887,4,0.32628870010375977
2025-11-28 22:00:00,4.0,4.3134756,4,0.3134756088256836
2025-11-28 22:01:00,4.0,4.342549,4,0.34254884719848633
2025-11-28 22:02:00,4.0,4.2217064,4,0.22170639038085938
2025-11-28 22:03:00,4.0,4.23733,4,0.23732995986938477
2025-11-28 22:04:00,4.0,4.4002347,4,0.4002346992492676
2025-11-28 22:05:00,4.0,4.4005165,4,0.4005165100097656
2025-11-28 22:06:00,4.0,4.4057345,4,0.4057345390319824
2025-11-28 22:07:00,4.0,4.309296,4,0.3092961311340332
2025-11-28 22:08:00,4.0,4.2598276,4,0.2598276138305664
2025-11-28 22:09:00,4.0,4.247694,4,0.2476940155029297
2025-11-28 22:10:00,4.0,4.31512,4,0.31512022018432617
2025-11-28 22:11:00,4.0,4.2249746,4,0.2249746322631836
2025-11-28 22:12:00,4.0,4.314459,4,0.31445884704589844
2025-11-28 22:13:00,4.0,4.2597537,4,0.2597537040710449
2025-11-28 22:14:00,4.0,4.3544455,4,0.3544454574584961
2025-11-28 22:15:00,4.0,4.403171,4,0.4031710624694824
2025-11-28 22:16:00,4.0,4.221844,4,0.22184419631958008
2025-11-28 22:17:00,4.0,4.393106,4,0.39310598373413086
2025-11-28 22:18:00,4.0,4.260859,4,0.26085901260375977
2025-11-28 22:19:00,4.0,4.197082,4,0.1970820426940918
2025-11-28 22:20:00,4.0,4.2829504,4,0.28295040130615234
2025-11-28 22:21:00,4.0,4.30213,4,0.30213022232055664
2025-11-28 22:22:00,4.0,4.3494773,4,0.34947729110717773
2025-11-28 22:23:00,4.0,4.3441834,4,0.34418344497680664
2025-11-28 22:24:00,4.0,4.3990617,4,0.3990616798400879
2025-11-28 22:25:00,4.0,4.4199424,4,0.41994237899780273
2025-11-28 22:26:00,4.0,4.296624,4,0.29662418365478516
2025-11-28 22:27:00,4.0,4.405017,4,0.4050168991088867
2025-11-28 22:28:00,4.0,4.3248506,4,0.32485055923461914
2025-11-28 22:29:00,4.0,4.3676825,4,0.36768245697021484
2025-11-28 22:30:00,4.0,4.4217663,4,0.4217662811279297
2025-11-28 22:31:00,4.0,4.364811,4,0.3648109436035156
2025-11-28 22:32:00,4.0,4.3398833,4,0.33988332748413086
2025-11-28 22:33:00,4.0,4.2899785,4,0.2899785041809082
2025-11-28 22:34:00,4.0,4.4136105,4,0.41361045837402344
2025-11-28 22:35:00,4.0,4.318134,4,0.3181338310241699
2025-11-28 22:36:00,4.0,4.3296933,4,0.3296933174133301
2025-11-28 22:37:00,4.0,4.320426,4,0.32042598724365234
2025-11-28 22:38:00,4.0,4.249524,4,0.24952411651611328
2025-11-28 22:39:00,4.0,4.29412,4,0.29411983489990234
2025-11-28 22:40:00,4.0,4.279829,4,0.2798290252685547
2025-11-28 22:41:00,4.0,4.324826,4,0.3248257637023926
2025-11-28 22:42:00,4.0,4.2858753,4,0.2858753204345703
2025-11-28 22:43:00,4.0,4.333817,4,0.3338170051574707
2025-11-28 22:44:00,4.0,4.3479447,4,0.3479447364807129
2025-11-28 22:45:00,4.0,4.4057336,4,0.405733585357666
2025-11-28 22:46:00,4.0,4.306295,4,0.30629491806030273
2025-11-28 22:47:00,4.0,4.3482,4,0.34819984436035156
2025-11-28 22:48:00,4.0,4.227926,4,0.22792577743530273
2025-11-28 22:49:00,4.0,4.2542067,4,0.25420665740966797
2025-11-28 22:50:00,4.0,4.19345,4,0.1934499740600586
2025-11-28 22:51:00,4.0,4.2971625,4,0.2971625328063965
2025-11-28 22:52:00,4.0,4.280329,4,0.28032922744750977
2025-11-28 22:53:00,4.0,4.259154,4,0.2591538429260254
2025-11-28 22:54:00,4.0,4.3114476,4,0.3114476203918457
2025-11-28 22:55:00,4.0,4.2234344,4,0.2234344482421875
2025-11-28 22:56:00,4.0,4.2238116,4,0.22381162643432617
2025-11-28 22:57:00,4.0,4.242491,4,0.2424907684326172
2025-11-28 22:58:00,4.0,4.277254,4,0.2772541046142578
2025-11-28 22:59:00,4.0,4.232498,4,0.2324981689453125
2025-11-28 23:00:00,4.0,4.233706,4,0.23370599746704102
2025-11-28 23:01:00,4.0,4.3000174,4,0.3000173568725586
2025-11-28 23:02:00,4.0,4.2844024,4,0.28440237045288086
2025-11-28 23:03:00,4.0,4.3225207,4,0.32252073287963867
2025-11-28 23:04:00,4.0,4.2867074,4,0.28670740127563477
2025-11-28 23:05:00,4.0,4.245385,4,0.24538516998291016
2025-11-28 23:06:00,4.0,4.1546726,4,0.15467262268066406
2025-11-28 23:07:00,4.0,4.308039,4,0.30803918838500977
2025-11-28 23:08:00,4.0,4.1853113,4,0.18531131744384766
2025-11-28 23:09:00,4.0,4.2914767,4,0.2914767265319824
2025-11-28 23:10:00,4.0,4.175794,4,0.17579412460327148
2025-11-28 23:11:00,4.0,4.190895,4,0.19089508056640625
2025-11-28 23:12:00,4.0,4.2825737,4,0.2825736999511719
2025-11-28 23:13:00,4.0,4.2161603,4,0.21616029739379883
2025-11-28 23:14:00,4.0,4.136555,4,0.13655519485473633
2025-11-28 23:15:00,4.0,4.2294765,4,0.2294764518737793
2025-11-28 23:16:00,4.0,4.230132,4,0.2301321029663086
2025-11-28 23:17:00,4.0,4.345583,4,0.3455829620361328
2025-11-28 23:18:00,4.0,4.2758183,4,0.2758183479309082
2025-11-28 23:19:00,4.0,4.299538,4,0.29953813552856445
2025-11-28 23:20:00,4.0,4.2057724,4,0.20577239990234375
2025-11-28 23:21:00,4.0,4.2175717,4,0.21757173538208008
2025-11-28 23:22:00,4.0,4.3404384,4,0.3404383659362793
2025-11-28 23:23:00,4.0,4.2764153,4,0.2764153480529785
2025-11-28 23:24:00,4.0,4.316367,4,0.31636714935302734
2025-11-28 23:25:00,4.0,4.1566033,4,0.15660333633422852
2025-11-28 23:26:00,4.0,4.193681,4,0.1936807632446289
2025-11-28 23:27:00,4.0,4.249522,4,0.24952220916748047
2025-11-28 23:28:00,4.0,4.2172594,4,0.21725940704345703
2025-11-28 23:29:00,4.0,4.2751713,4,0.27517127990722656
2025-11-28 23:30:00,4.0,4.178119,4,0.17811918258666992
2025-11-28 23:31:00,4.0,4.2176294,4,0.21762943267822266
2025-11-28 23:32:00,4.0,4.3384805,4,0.33848047256469727
2025-11-28 23:33:00,4.0,4.258808,4,0.2588081359863281
2025-11-28 23:34:00,4.0,4.2588363,4,0.2588362693786621
2025-11-28 23:35:00,4.0,4.340124,4,0.34012413024902344
2025-11-28 23:36:00,4.0,4.309939,4,0.309938907623291
2025-11-28 23:37:00,4.0,4.3888535,4,0.3888535499572754
2025-11-28 23:38:00,4.0,4.2545843,4,0.25458431243896484
2025-11-28 23:39:00,4.0,4.2896566,4,0.2896566390991211
2025-11-28 23:40:00,4.0,4.2918687,4,0.2918686866760254
2025-11-28 23:41:00,4.0,4.307246,4,0.30724620819091797
2025-11-28 23:42:00,4.0,4.283356,4,0.2833561897277832
2025-11-28 23:43:00,4.0,4.294918,4,0.2949180603027344
2025-11-28 23:44:00,4.0,4.314175,4,0.3141751289367676
2025-11-28 23:45:00,4.0,4.243707,4,0.24370718002319336
2025-11-28 23:46:00,4.0,4.2511597,4,0.25115966796875
2025-11-28 23:47:00,4.0,4.3015537,4,0.30155372619628906
2025-11-28 23:48:00,4.0,4.323132,4,0.3231320381164551
2025-11-28 23:49:00,4.0,4.346489,4,0.34648895263671875
2025-11-28 23:50:00,4.0,4.280876,4,0.28087615966796875
2025-11-28 23:51:00,4.0,4.2896814,4,0.28968143463134766
2025-11-28 23:52:00,4.0,4.2930284,4,0.2930283546447754
2025-11-28 23:53:00,4.0,4.262153,4,0.26215314865112305
2025-11-28 23:54:00,4.0,4.326884,4,0.32688379287719727
2025-11-28 23:55:00,4.0,4.2763267,4,0.27632665634155273
2025-11-28 23:56:00,4.0,4.3852525,4,0.3852524757385254
2025-11-28 23:57:00,4.0,4.3556995,4,0.3556995391845703
2025-11-28 23:58:00,4.0,4.346588,4,0.346588134765625
2025-11-28 23:59:00,4.0,4.3074856,4,0.30748558044433594
2025-11-29 00:00:00,4.0,4.223282,4,0.2232818603515625
2025-11-29 00:01:00,4.0,4.150606,4,0.1506061553955078
2025-11-29 00:02:00,4.0,3.9907558,4,-0.009244203567504883
2025-11-29 00:03:00,4.0,4.084829,4,0.08482885360717773
2025-11-29 00:04:00,2.0,4.191757,4,2.1917572021484375
2025-11-29 00:05:00,2.0,4.1463003,4,2.1463003158569336
2025-11-29 00:06:00,2.0,2.9786453,3,0.9786453247070312
2025-11-29 00:07:00,2.0,2.8217678,3,0.8217678070068359
2025-11-29 00:08:00,2.0,2.8142865,3,0.814286470413208
2025-11-29 00:09:00,2.0,2.6710973,3,0.6710972785949707
2025-11-29 00:10:00,2.0,2.5245676,3,0.5245676040649414
2025-11-29 00:11:00,2.0,2.5210423,3,0.5210423469543457
2025-11-29 00:12:00,2.0,2.5104256,3,0.5104255676269531
2025-11-29 00:13:00,2.0,2.3968003,2,0.39680027961730957
2025-11-29 00:14:00,2.0,2.4775572,2,0.4775571823120117
2025-11-29 00:15:00,2.0,2.4177227,2,0.4177227020263672
2025-11-29 00:16:00,2.0,2.2936957,2,0.29369568824768066
2025-11-29 00:17:00,2.0,2.3245049,2,0.3245048522949219
2025-11-29 00:18:00,2.0,2.341136,2,0.34113597869873047
2025-11-29 00:19:00,2.0,2.26488,2,0.2648799419403076
2025-11-29 00:20:00,2.0,2.2450767,2,0.24507665634155273
2025-11-29 00:21:00,2.0,2.2810981,2,0.2810981273651123
2025-11-29 00:22:00,2.0,2.2636023,2,0.26360225677490234
2025-11-29 00:23:00,2.0,2.1827426,2,0.18274259567260742
2025-11-29 00:24:00,2.0,2.2313402,2,0.2313401699066162
2025-11-29 00:25:00,2.0,2.238179,2,0.23817896842956543
2025-11-29 00:26:00,2.0,2.1886399,2,0.18863987922668457
2025-11-29 00:27:00,2.0,2.2341347,2,0.23413467407226562
2025-11-29 00:28:00,2.0,2.1288135,2,0.1288135051727295
2025-11-29 00:29:00,2.0,2.2628224,2,0.26282238960266113
2025-11-29 00:30:00,2.0,2.342343,2,0.3423430919647217
2025-11-29 00:31:00,2.0,2.2843664,2,0.2843663692474365
2025-11-29 00:32:00,2.0,2.2988362,2,0.29883623123168945
2025-11-29 00:33:00,2.0,2.1598444,2,0.15984439849853516
2025-11-29 00:34:00,2.0,2.3000855,2,0.30008554458618164
2025-11-29 00:35:00,2.0,2.280242,2,0.2802419662475586
2025-11-29 00:36:00,2.0,2.338164,2,0.3381640911102295
2025-11-29 00:37:00,2.0,2.283159,2,0.2831590175628662
2025-11-29 00:38:00,2.0,2.2375178,2,0.2375178337097168
2025-11-29 00:39:00,2.0,2.2980978,2,0.2980978488922119
2025-11-29 00:40:00,2.0,2.26971,2,0.26971006393432617
2025-11-29 00:41:00,2.0,2.2710528,2,0.27105283737182617
2025-11-29 00:42:00,2.0,2.3240697,2,0.3240697383880615
2025-11-29 00:43:00,2.0,2.2345662,2,0.23456621170043945
2025-11-29 00:44:00,2.0,2.35135,2,0.3513500690460205
2025-11-29 00:45:00,2.0,2.4163673,2,0.4163672924041748
2025-11-29 00:46:00,2.0,2.4207585,2,0.4207584857940674
2025-11-29 00:47:00,2.0,2.3929927,2,0.3929927349090576
2025-11-29 00:48:00,2.0,2.437094,2,0.43709397315979004
2025-11-29 00:49:00,2.0,2.319373,2,0.31937289237976074
2025-11-29 00:50:00,2.0,2.4112575,2,0.4112575054168701
2025-11-29 00:51:00,2.0,2.324003,2,0.3240029811859131
2025-11-29 00:52:00,2.0,2.3980482,2,0.39804816246032715
2025-11-29 00:53:00,2.0,2.3535285,2,0.3535284996032715
2025-11-29 00:54:00,2.0,2.4419122,2,0.4419121742248535
2025-11-29 00:55:00,2.0,2.2817235,2,0.2817234992980957
2025-11-29 00:56:00,2.0,2.378231,2,0.3782310485839844
2025-11-29 00:57:00,2.0,2.3970227,2,0.39702272415161133
2025-11-29 00:58:00,2.0,2.3245354,2,0.3245353698730469
2025-11-29 00:59:00,2.0,2.3539228,2,0.35392284393310547
2025-11-29 01:00:00,2.0,2.3066802,2,0.30668020248413086
2025-11-29 01:01:00,2.0,2.2894464,2,0.2894463539123535
2025-11-29 01:02:00,2.0,2.318681,2,0.318681001663208
2025-11-29 01:03:00,2.0,2.2619994,2,0.26199936866760254
2025-11-29 01:04:00,2.0,2.379306,2,0.3793060779571533
2025-11-29 01:05:00,2.0,2.2134554,2,0.2134554386138916
2025-11-29 01:06:00,2.0,2.274005,2,0.2740049362182617
2025-11-29 01:07:00,2.0,2.3800557,2,0.38005566596984863
2025-11-29 01:08:00,2.0,2.1275089,2,0.12750887870788574
2025-11-29 01:09:00,2.0,2.2258062,2,0.22580623626708984
2025-11-29 01:10:00,2.0,2.2785313,2,0.2785313129425049
2025-11-29 01:11:00,2.0,2.2722304,2,0.2722303867340088
2025-11-29 01:12:00,2.0,2.3521838,2,0.35218381881713867
2025-11-29 01:13:00,2.0,2.2411075,2,0.24110746383666992
2025-11-29 01:14:00,2.0,2.2420905,2,0.24209046363830566
2025-11-29 01:15:00,2.0,2.2960758,2,0.29607582092285156
2025-11-29 01:16:00,2.0,2.215497,2,0.21549701690673828
2025-11-29 01:17:00,2.0,2.3396702,2,0.33967018127441406
2025-11-29 01:18:00,2.0,2.334648,2,0.33464789390563965
2025-11-29 01:19:00,2.0,2.3052964,2,0.3052964210510254
2025-11-29 01:20:00,2.0,2.1966283,2,0.19662833213806152
2025-11-29 01:21:00,2.0,2.2523558,2,0.25235581398010254
2025-11-29 01:22:00,2.0,2.2534556,2,0.25345563888549805
2025-11-29 01:23:00,2.0,2.2491164,2,0.2491164207458496
2025-11-29 01:24:00,2.0,2.3116667,2,0.31166672706604004
2025-11-29 01:25:00,2.0,2.350662,2,0.3506619930267334
2025-11-29 01:26:00,2.0,2.2842295,2,0.2842295169830322
2025-11-29 01:27:00,2.0,2.3551009,2,0.3551008701324463
2025-11-29 01:28:00,2.0,2.3636415,2,0.36364150047302246
2025-11-29 01:29:00,2.0,2.211474,2,0.21147394180297852
2025-11-29 01:30:00,2.0,2.2233086,2,0.22330856323242188
2025-11-29 01:31:00,2.0,2.2018712,2,0.20187115669250488
2025-11-29 01:32:00,2.0,2.3178973,2,0.31789731979370117
2025-11-29 01:33:00,2.0,2.3004863,2,0.30048632621765137
2025-11-29 01:34:00,2.0,2.2798178,2,0.2798178195953369
2025-11-29 01:35:00,2.0,2.2874744,2,0.2874743938446045
2025-11-29 01:36:00,2.0,2.4294362,2,0.42943620681762695
2025-11-29 01:37:00,2.0,2.3147357,2,0.31473565101623535
2025-11-29 01:38:00,2.0,2.3395102,2,0.3395102024078369
2025-11-29 01:39:00,2.0,2.2829642,2,0.28296422958374023
2025-11-29 01:40:00,2.0,2.2846656,2,0.284665584564209
2025-11-29 01:41:00,2.0,2.411431,2,0.41143107414245605
2025-11-29 01:42:00,2.0,2.3997183,2,0.3997182846069336
2025-11-29 01:43:00,2.0,2.379933,2,0.37993311882019043
2025-11-29 01:44:00,2.0,2.348603,2,0.3486030101776123
2025-11-29 01:45:00,2.0,2.345166,2,0.3451659679412842
2025-11-29 01:46:00,2.0,2.3150487,2,0.3150486946105957
2025-11-29 01:47:00,2.0,2.3263028,2,0.32630276679992676
2025-11-29 01:48:00,2.0,2.259353,2,0.2593529224395752
2025-11-29 01:49:00,2.0,2.1438649,2,0.14386487007141113
2025-11-29 01:50:00,2.0,2.2596471,2,0.2596471309661865
2025-11-29 01:51:00,2.0,2.319805,2,0.3198049068450928
2025-11-29 01:52:00,2.0,2.2333834,2,0.2333834171295166
2025-11-29 01:53:00,2.0,2.3174448,2,0.3174448013305664
2025-11-29 01:54:00,2.0,2.2483857,2,0.24838566780090332
2025-11-29 01:55:00,2.0,2.1958163,2,0.1958162784576416
2025-11-29 01:56:00,2.0,2.2469077,2,0.24690771102905273
2025-11-29 01:57:00,2.0,2.254218,2,0.25421810150146484
2025-11-29 01:58:00,2.0,2.1604888,2,0.16048884391784668
2025-11-29 01:59:00,2.0,2.3136892,2,0.3136892318725586
2025-11-29 02:00:00,2.0,2.2938695,2,0.2938694953918457
2025-11-29 02:01:00,2.0,2.2436187,2,0.24361872673034668
2025-11-29 02:02:00,2.0,2.1926143,2,0.19261431694030762
2025-11-29 02:03:00,2.0,2.2864547,2,0.2864546775817871
2025-11-29 02:04:00,2.0,2.0923724,2,0.09237241744995117
2025-11-29 02:05:00,2.0,2.2602296,2,0.26022958755493164
2025-11-29 02:06:00,2.0,2.2675214,2,0.26752138137817383
2025-11-29 02:07:00,2.0,2.1860147,2,0.18601465225219727
2025-11-29 02:08:00,2.0,2.204376,2,0.2043759822845459
2025-11-29 02:09:00,2.0,2.1500783,2,0.15007829666137695
2025-11-29 02:10:00,2.0,2.2683487,2,0.26834869384765625
2025-11-29 02:11:00,2.0,2.1409342,2,0.14093422889709473
2025-11-29 02:12:00,2.0,2.0062032,2,0.006203174591064453
2025-11-29 02:13:00,2.0,1.9910865,2,-0.008913516998291016
2025-11-29 02:14:00,2.0,1.9070399,2,-0.09296011924743652
2025-11-29 02:15:00,2.0,2.0302284,2,0.030228376388549805
2025-11-29 02:16:00,2.0,2.0827935,2,0.0827934741973877
2025-11-29 02:17:00,2.0,1.9259684,2,-0.07403159141540527
2025-11-29 02:18:00,2.0,1.9885931,2,-0.011406898498535156
2025-11-29 02:19:00,2.0,1.9342425,2,-0.06575751304626465
2025-11-29 02:20:00,2.0,1.8627746,2,-0.13722538948059082
2025-11-29 02:21:00,2.0,1.7812333,2,-0.2187666893005371
2025-11-29 02:22:00,2.0,1.7869828,2,-0.21301722526550293
2025-11-29 02:23:00,2.0,1.833911,2,-0.16608905792236328
2025-11-29 02:24:00,2.0,1.7818213,2,-0.21817874908447266
2025-11-29 02:25:00,2.0,2.0166192,2,0.016619205474853516
2025-11-29 02:26:00,2.0,2.0337262,2,0.03372621536254883
2025-11-29 02:27:00,2.0,1.836376,2,-0.16362404823303223
2025-11-29 02:28:00,2.0,2.107818,2,0.1078178882598877
2025-11-29 02:29:00,2.0,1.7550547,2,-0.24494528770446777
2025-11-29 02:30:00,2.0,1.7618933,2,-0.23810672760009766
2025-11-29 02:31:00,2.0,1.788003,2,-0.21199703216552734
2025-11-29 02:32:00,2.0,1.7439134,2,-0.2560865879058838
2025-11-29 02:33:00,2.0,1.8694146,2,-0.1305854320526123
2025-11-29 02:34:00,2.0,1.7834327,2,-0.2165672779083252
2025-11-29 02:35:00,2.0,1.9394579,2,-0.06054210662841797
2025-11-29 02:36:00,2.0,1.9506364,2,-0.04936361312866211
2025-11-29 02:37:00,2.0,1.9238582,2,-0.0761418342590332
2025-11-29 02:38:00,2.0,2.1050804,2,0.10508036613464355
2025-11-29 02:39:00,2.0,2.1481552,2,0.14815521240234375
2025-11-29 02:40:00,2.0,1.9129148,2,-0.08708524703979492
2025-11-29 02:41:00,2.0,1.7388897,2,-0.2611103057861328
2025-11-29 02:42:00,2.0,1.9556551,2,-0.04434490203857422
2025-11-29 02:43:00,2.0,1.7143669,2,-0.2856330871582031
2025-11-29 02:44:00,2.0,2.0936835,2,0.09368348121643066
2025-11-29 02:45:00,2.0,1.8927739,2,-0.10722613334655762
2025-11-29 02:46:00,2.0,2.2072484,2,0.20724844932556152
2025-11-29 02:47:00,2.0,2.1118844,2,0.11188435554504395
2025-11-29 02:48:00,2.0,2.0006235,2,0.0006234645843505859
2025-11-29 02:49:00,2.0,2.0480204,2,0.048020362854003906
2025-11-29 02:50:00,2.0,2.0143068,2,0.014306783676147461
2025-11-29 02:51:00,2.0,2.0991564,2,0.09915637969970703
2025-11-29 02:52:00,2.0,1.9818854,2,-0.018114566802978516
2025-11-29 02:53:00,2.0,2.0450952,2,0.045095205307006836
2025-11-29 02:54:00,2.0,2.0782351,2,0.07823514938354492
2025-11-29 02:55:00,2.0,2.0929296,2,0.09292960166931152
2025-11-29 02:56:00,2.0,2.0654478,2,0.06544780731201172
2025-11-29 02:57:00,2.0,2.1947162,2,0.194716215133667
2025-11-29 02:58:00,2.0,1.873986,2,-0.12601399421691895
2025-11-29 02:59:00,2.0,2.11399,2,0.11399006843566895
2025-11-29 03:00:00,2.0,2.1833043,2,0.1833043098449707
2025-11-29 03:01:00,2.0,2.058859,2,0.05885910987854004
2025-11-29 03:02:00,2.0,2.0896037,2,0.08960366249084473
2025-11-29 03:03:00,2.0,2.1114483,2,0.11144828796386719
2025-11-29 03:04:00,2.0,2.1555543,2,0.15555429458618164
2025-11-29 03:05:00,2.0,2.1102524,2,0.11025238037109375
2025-11-29 03:06:00,2.0,2.0777957,2,0.07779574394226074
2025-11-29 03:07:00,2.0,2.0370932,2,0.037093162536621094
2025-11-29 03:08:00,2.0,2.0566099,2,0.0566098690032959
2025-11-29 03:09:00,2.0,2.024662,2,0.024662017822265625
2025-11-29 03:10:00,2.0,2.2352648,2,0.23526477813720703
2025-11-29 03:11:00,2.0,2.1797972,2,0.17979717254638672
2025-11-29 03:12:00,2.0,2.255487,2,0.25548696517944336
2025-11-29 03:13:00,2.0,2.1095388,2,0.10953879356384277
2025-11-29 03:14:00,2.0,2.2224824,2,0.22248244285583496
2025-11-29 03:15:00,2.0,2.2318215,2,0.23182153701782227
2025-11-29 03:16:00,2.0,2.218472,2,0.21847200393676758
2025-11-29 03:17:00,2.0,2.1772828,2,0.17728281021118164
2025-11-29 03:18:00,2.0,2.2395961,2,0.23959612846374512
2025-11-29 03:19:00,2.0,2.2111824,2,0.2111823558807373
2025-11-29 03:20:00,2.0,2.1931598,2,0.193159818649292
2025-11-29 03:21:00,2.0,2.2578351,2,0.25783514976501465
2025-11-29 03:22:00,2.0,2.1679597,2,0.16795969009399414
2025-11-29 03:23:00,2.0,2.000217,2,0.00021696090698242188
2025-11-29 03:24:00,2.0,2.000857,2,0.0008571147918701172
2025-11-29 03:25:00,2.0,2.221882,2,0.22188210487365723
2025-11-29 03:26:00,2.0,2.168281,2,0.16828107833862305
2025-11-29 03:27:00,2.0,2.3189971,2,0.3189971446990967
2025-11-29 03:28:00,2.0,2.316949,2,0.31694889068603516
2025-11-29 03:29:00,2.0,2.343921,2,0.3439209461212158
2025-11-29 03:30:00,2.0,2.4350104,2,0.4350104331970215
2025-11-29 03:31:00,2.0,2.416966,2,0.41696596145629883
2025-11-29 03:32:00,2.0,2.2883558,2,0.28835582733154297
2025-11-29 03:33:00,2.0,2.3145852,2,0.31458520889282227
2025-11-29 03:34:00,2.0,2.338812,2,0.33881211280822754
2025-11-29 03:35:00,2.0,2.3848648,2,0.38486480712890625
2025-11-29 03:36:00,2.0,2.4303834,2,0.43038344383239746
2025-11-29 03:37:00,2.0,2.435951,2,0.43595099449157715
2025-11-29 03:38:00,2.0,2.3978677,2,0.39786767959594727
2025-11-29 03:39:00,2.0,2.2758532,2,0.27585315704345703
2025-11-29 03:40:00,2.0,2.3102446,2,0.3102445602416992
2025-11-29 03:41:00,2.0,2.2626047,2,0.2626047134399414
2025-11-29 03:42:00,2.0,2.16403,2,0.1640300750732422
2025-11-29 03:43:00,2.0,2.3971057,2,0.39710569381713867
2025-11-29 03:44:00,2.0,2.288155,2,0.28815507888793945
2025-11-29 03:45:00,2.0,2.2732673,2,0.2732672691345215
2025-11-29 03:46:00,2.0,2.4431045,2,0.44310450553894043
2025-11-29 03:47:00,2.0,2.2450523,2,0.24505233764648438
2025-11-29 03:48:00,2.0,2.249716,2,0.24971604347229004
2025-11-29 03:49:00,2.0,2.2542443,2,0.254244327545166
2025-11-29 03:50:00,2.0,2.2815166,2,0.28151655197143555
2025-11-29 03:51:00,2.0,2.3619308,2,0.36193084716796875
2025-11-29 03:52:00,2.0,2.2696798,2,0.2696797847747803
2025-11-29 03:53:00,2.0,2.3265772,2,0.32657718658447266
2025-11-29 03:54:00,2.0,2.307789,2,0.3077890872955322
2025-11-29 03:55:00,2.0,2.2745793,2,0.2745792865753174
2025-11-29 03:56:00,2.0,2.2828436,2,0.28284358978271484
2025-11-29 03:57:00,2.0,2.2109644,2,0.21096444129943848
2025-11-29 03:58:00,2.0,2.2916412,2,0.2916412353515625
2025-11-29 03:59:00,2.0,2.3166673,2,0.3166673183441162
2025-11-29 04:00:00,2.0,2.1858728,2,0.18587279319763184
2025-11-29 04:01:00,2.0,2.1450794,2,0.1450793743133545
2025-11-29 04:02:00,2.0,2.3144238,2,0.3144237995147705
2025-11-29 04:03:00,2.0,2.2175386,2,0.21753859519958496
2025-11-29 04:04:00,2.0,2.3398926,2,0.3398926258087158
2025-11-29 04:05:00,2.0,2.1438806,2,0.14388060569763184
2025-11-29 04:06:00,2.0,2.2069337,2,0.20693373680114746
2025-11-29 04:07:00,2.0,2.1733718,2,0.1733717918395996
2025-11-29 04:08:00,2.0,2.2103825,2,0.21038246154785156
2025-11-29 04:09:00,2.0,2.1120389,2,0.11203885078430176
2025-11-29 04:10:00,2.0,2.1665347,2,0.1665346622467041
2025-11-29 04:11:00,2.0,2.1491919,2,0.14919185638427734
2025-11-29 04:12:00,2.0,2.0981264,2,0.09812641143798828
2025-11-29 04:13:00,2.0,1.7793434,2,-0.2206566333770752
2025-11-29 04:14:00,2.0,2.2182524,2,0.21825242042541504
2025-11-29 04:15:00,2.0,2.103584,2,0.10358405113220215
2025-11-29 04:16:00,2.0,1.7643173,2,-0.23568272590637207
2025-11-29 04:17:00,2.0,2.283236,2,0.283236026763916
2025-11-29 04:18:00,2.0,2.1427593,2,0.1427593231201172
2025-11-29 04:19:00,2.0,2.2434733,2,0.24347329139709473
2025-11-29 04:20:00,2.0,2.1724372,2,0.17243719100952148
2025-11-29 04:21:00,2.0,2.121777,2,0.12177705764770508
2025-11-29 04:22:00,2.0,2.1057053,2,0.10570526123046875
2025-11-29 04:23:00,2.0,2.2274203,2,0.22742033004760742
2025-11-29 04:24:00,2.0,2.182959,2,0.18295907974243164
2025-11-29 04:25:00,2.0,2.173819,2,0.17381906509399414
2025-11-29 04:26:00,2.0,2.0895636,2,0.08956360816955566
2025-11-29 04:27:00,2.0,2.2589204,2,0.25892043113708496
2025-11-29 04:28:00,2.0,2.0900006,2,0.09000062942504883
2025-11-29 04:29:00,2.0,2.143035,2,0.1430349349975586
2025-11-29 04:30:00,2.0,2.2016606,2,0.2016606330871582
2025-11-29 04:31:00,2.0,2.173294,2,0.1732940673828125
2025-11-29 04:32:00,2.0,2.089031,2,0.08903098106384277
2025-11-29 04:33:00,2.0,1.9977357,2,-0.002264261245727539
2025-11-29 04:34:00,2.0,2.1519206,2,0.15192055702209473
2025-11-29 04:35:00,2.0,2.16836,2,0.16835999488830566
2025-11-29 04:36:00,2.0,2.045451,2,0.04545092582702637
2025-11-29 04:37:00,2.0,2.023319,2,0.023319005966186523
2025-11-29 04:38:00,2.0,2.0313215,2,0.03132152557373047
2025-11-29 04:39:00,2.0,2.218172,2,0.2181720733642578
2025-11-29 04:40:00,2.0,2.2710805,2,0.27108049392700195
2025-11-29 04:41:00,2.0,2.223189,2,0.223189115524292
2025-11-29 04:42:00,2.0,2.1403513,2,0.1403512954711914
2025-11-29 04:43:00,2.0,2.2873988,2,0.2873988151550293
2025-11-29 04:44:00,2.0,2.1897945,2,0.18979454040527344
2025-11-29 04:45:00,2.0,2.2487037,2,0.2487037181854248
2025-11-29 04:46:00,2.0,2.1942642,2,0.19426417350769043
2025-11-29 04:47:00,2.0,2.0562701,2,0.05627012252807617
2025-11-29 04:48:00,2.0,2.040242,2,0.04024195671081543
2025-11-29 04:49:00,2.0,2.1829455,2,0.18294548988342285
2025-11-29 04:50:00,2.0,2.128478,2,0.1284780502319336
2025-11-29 04:51:00,2.0,2.222032,2,0.2220320701599121
2025-11-29 04:52:00,2.0,2.0817246,2,0.08172464370727539
2025-11-29 04:53:00,2.0,2.212391,2,0.21239089965820312
2025-11-29 04:54:00,2.0,2.111543,2,0.11154294013977051
2025-11-29 04:55:00,2.0,2.1896832,2,0.189683198928833
2025-11-29 04:56:00,2.0,2.2303667,2,0.23036670684814453
2025-11-29 04:57:00,2.0,2.243416,2,0.24341607093811035
2025-11-29 04:58:00,2.0,2.1742942,2,0.17429423332214355
2025-11-29 04:59:00,2.0,2.2290897,2,0.22908973693847656
2025-11-29 05:00:00,2.0,2.1173477,2,0.11734771728515625
2025-11-29 05:01:00,2.0,2.1213803,2,0.12138032913208008
2025-11-29 05:02:00,2.0,2.0864565,2,0.0864565372467041
2025-11-29 05:03:00,2.0,1.9837697,2,-0.016230344772338867
2025-11-29 05:04:00,2.0,2.095358,2,0.09535789489746094
2025-11-29 05:05:00,2.0,2.0111952,2,0.011195182800292969
2025-11-29 05:06:00,2.0,2.215517,2,0.2155170440673828
2025-11-29 05:07:00,2.0,2.1517394,2,0.15173935890197754
2025-11-29 05:08:00,2.0,2.316244,2,0.31624388694763184
2025-11-29 05:09:00,2.0,2.1936805,2,0.1936805248260498
2025-11-29 05:10:00,2.0,2.2559664,2,0.2559664249420166
2025-11-29 05:11:00,2.0,2.2797003,2,0.27970027923583984
2025-11-29 05:12:00,2.0,2.1230195,2,0.12301945686340332
2025-11-29 05:13:00,2.0,2.094838,2,0.09483790397644043
2025-11-29 05:14:00,2.0,2.1474073,2,0.14740729331970215
2025-11-29 05:15:00,2.0,2.2068331,2,0.2068331241607666
2025-11-29 05:16:00,2.0,2.153963,2,0.1539630889892578
2025-11-29 05:17:00,2.0,2.2290206,2,0.2290205955505371
2025-11-29 05:18:00,2.0,2.192124,2,0.1921238899230957
2025-11-29 05:19:00,2.0,2.2407334,2,0.24073338508605957
2025-11-29 05:20:00,2.0,2.256334,2,0.2563340663909912
2025-11-29 05:21:00,2.0,2.2090342,2,0.20903420448303223
2025-11-29 05:22:00,2.0,2.1107268,2,0.11072683334350586
2025-11-29 05:23:00,2.0,2.1946712,2,0.1946711540222168
2025-11-29 05:24:00,2.0,2.1539469,2,0.1539468765258789
2025-11-29 05:25:00,2.0,2.2350912,2,0.2350912094116211
2025-11-29 05:26:00,2.0,2.3380063,2,0.33800625801086426
2025-11-29 05:27:00,2.0,2.2286208,2,0.2286207675933838
2025-11-29 05:28:00,2.0,2.2222686,2,0.22226858139038086
2025-11-29 05:29:00,2.0,2.2489624,2,0.24896240234375
2025-11-29 05:30:00,2.0,2.2749043,2,0.2749042510986328
2025-11-29 05:31:00,2.0,2.0513363,2,0.05133628845214844
2025-11-29 05:32:00,2.0,2.0993433,2,0.09934329986572266
2025-11-29 05:33:00,2.0,2.0303183,2,0.030318260192871094
2025-11-29 05:34:00,2.0,2.1685262,2,0.16852617263793945
2025-11-29 05:35:00,2.0,2.1701796,2,0.1701796054840088
2025-11-29 05:36:00,2.0,2.173266,2,0.17326593399047852
2025-11-29 05:37:00,2.0,2.0849404,2,0.08494043350219727
2025-11-29 05:38:00,2.0,2.0650015,2,0.0650014877319336
2025-11-29 05:39:00,2.0,2.077069,2,0.07706904411315918
2025-11-29 05:40:00,2.0,2.1047328,2,0.10473275184631348
2025-11-29 05:41:00,2.0,2.1321118,2,0.1321117877960205
2025-11-29 05:42:00,2.0,2.147361,2,0.14736104011535645
2025-11-29 05:43:00,2.0,2.119141,2,0.1191411018371582
2025-11-29 05:44:00,2.0,2.0209537,2,0.020953655242919922
2025-11-29 05:45:00,2.0,2.1182728,2,0.11827278137207031
2025-11-29 05:46:00,2.0,2.1425734,2,0.14257335662841797
2025-11-29 05:47:00,2.0,2.1367176,2,0.1367175579071045
2025-11-29 05:48:00,2.0,2.2909257,2,0.2909257411956787
2025-11-29 05:49:00,2.0,2.2202916,2,0.2202916145324707
2025-11-29 05:50:00,2.0,2.1042387,2,0.10423874855041504
2025-11-29 05:51:00,2.0,2.1941154,2,0.19411540031433105
2025-11-29 05:52:00,2.0,2.2696404,2,0.2696404457092285
2025-11-29 05:53:00,2.0,2.1432319,2,0.14323186874389648
2025-11-29 05:54:00,2.0,2.203258,2,0.20325803756713867
2025-11-29 05:55:00,2.0,2.284379,2,0.2843790054321289
2025-11-29 05:56:00,2.0,2.118322,2,0.11832189559936523
2025-11-29 05:57:00,2.0,2.2798774,2,0.2798774242401123
2025-11-29 05:58:00,2.0,2.2049148,2,0.20491480827331543
2025-11-29 05:59:00,2.0,2.1653953,2,0.16539525985717773
2025-11-29 06:00:00,2.0,2.1509244,2,0.1509244441986084
2025-11-29 06:01:00,2.0,2.20278,2,0.20278000831604004
2025-11-29 06:02:00,2.0,2.2720761,2,0.2720761299133301
2025-11-29 06:03:00,2.0,2.1130424,2,0.11304235458374023
2025-11-29 06:04:00,2.0,2.3589997,2,0.35899972915649414
2025-11-29 06:05:00,2.0,2.2079983,2,0.20799827575683594
2025-11-29 06:06:00,2.0,2.3396664,2,0.33966636657714844
2025-11-29 06:07:00,2.0,2.2834485,2,0.2834484577178955
2025-11-29 06:08:00,2.0,2.1831534,2,0.18315339088439941
2025-11-29 06:09:00,2.0,2.1774275,2,0.1774275302886963
2025-11-29 06:10:00,2.0,2.2393546,2,0.23935461044311523
2025-11-29 06:11:00,2.0,2.2583854,2,0.25838541984558105
2025-11-29 06:12:00,2.0,2.2462943,2,0.24629426002502441
2025-11-29 06:13:00,2.0,2.240674,2,0.24067401885986328
2025-11-29 06:14:00,2.0,2.244265,2,0.24426507949829102
2025-11-29 06:15:00,2.0,2.1613936,2,0.1613936424255371
2025-11-29 06:16:00,2.0,2.215289,2,0.21528911590576172
2025-11-29 06:17:00,2.0,2.170464,2,0.17046403884887695
2025-11-29 06:18:00,2.0,2.16529,2,0.16529011726379395
2025-11-29 06:19:00,2.0,2.2356853,2,0.2356853485107422
2025-11-29 06:20:00,2.0,2.116215,2,0.11621499061584473
2025-11-29 06:21:00,2.0,2.2363198,2,0.23631978034973145
2025-11-29 06:22:00,2.0,2.1552825,2,0.15528249740600586
2025-11-29 06:23:00,2.0,2.237088,2,0.23708796501159668
2025-11-29 06:24:00,2.0,2.1516843,2,0.15168428421020508
2025-11-29 06:25:00,2.0,2.1226351,2,0.1226351261138916
2025-11-29 06:26:00,2.0,2.2444487,2,0.24444866180419922
2025-11-29 06:27:00,2.0,2.1341815,2,0.13418149948120117
2025-11-29 06:28:00,2.0,2.1924415,2,0.19244146347045898
2025-11-29 06:29:00,2.0,2.078632,2,0.07863211631774902
2025-11-29 06:30:00,2.0,2.1176777,2,0.11767768859863281
2025-11-29 06:31:00,2.0,2.1386108,2,0.13861083984375
2025-11-29 06:32:00,2.0,2.2238164,2,0.2238163948059082
2025-11-29 06:33:00,2.0,2.1827009,2,0.18270087242126465
2025-11-29 06:34:00,2.0,2.206716,2,0.20671606063842773
2025-11-29 06:35:00,2.0,2.0863094,2,0.08630943298339844
2025-11-29 06:36:00,2.0,2.229465,2,0.22946500778198242
2025-11-29 06:37:00,2.0,2.1550133,2,0.1550133228302002
2025-11-29 06:38:00,2.0,2.191476,2,0.19147610664367676
2025-11-29 06:39:00,2.0,2.1390707,2,0.13907074928283691
2025-11-29 06:40:00,2.0,2.1903188,2,0.19031882286071777
2025-11-29 06:41:00,2.0,2.1455004,2,0.14550042152404785
2025-11-29 06:42:00,2.0,2.1068583,2,0.1068582534790039
2025-11-29 06:43:00,2.0,2.2632577,2,0.2632577419281006
2025-11-29 06:44:00,2.0,2.2701242,2,0.2701241970062256
2025-11-29 06:45:00,2.0,2.2706954,2,0.27069544792175293
2025-11-29 06:46:00,2.0,2.329628,2,0.32962799072265625
2025-11-29 06:47:00,2.0,2.1068153,2,0.10681533813476562
2025-11-29 06:48:00,2.0,2.2465293,2,0.24652934074401855
2025-11-29 06:49:00,2.0,2.3596528,2,0.3596527576446533
2025-11-29 06:50:00,2.0,2.1694472,2,0.1694471836090088
2025-11-29 06:51:00,2.0,2.37801,2,0.3780100345611572
2025-11-29 06:52:00,2.0,2.2643175,2,0.26431751251220703
2025-11-29 06:53:00,2.0,2.2853577,2,0.2853577136993408
2025-11-29 06:54:00,2.0,2.237683,2,0.23768305778503418
2025-11-29 06:55:00,2.0,2.182023,2,0.1820230484008789
2025-11-29 06:56:00,2.0,2.2627685,2,0.2627685070037842
2025-11-29 06:57:00,2.0,2.08635,2,0.0863499641418457
2025-11-29 06:58:00,2.0,2.3030126,2,0.3030126094818115
2025-11-29 06:59:00,2.0,2.2337198,2,0.2337198257446289
2025-11-29 07:00:00,2.0,2.3809054,2,0.3809053897857666
2025-11-29 07:01:00,2.0,2.4009955,2,0.40099549293518066
2025-11-29 07:02:00,2.0,2.3883238,2,0.3883237838745117
2025-11-29 07:03:00,2.0,2.3132231,2,0.31322312355041504
2025-11-29 07:04:00,2.0,2.2923558,2,0.2923557758331299
2025-11-29 07:05:00,2.0,2.321831,2,0.32183098793029785
2025-11-29 07:06:00,2.0,2.3604913,2,0.3604912757873535
2025-11-29 07:07:00,2.0,2.2562804,2,0.25628042221069336
2025-11-29 07:08:00,2.0,2.265733,2,0.265733003616333
2025-11-29 07:09:00,2.0,2.2212045,2,0.22120451927185059
2025-11-29 07:10:00,2.0,2.3211546,2,0.3211545944213867
2025-11-29 07:11:00,2.0,2.2982342,2,0.298234224319458
2025-11-29 07:12:00,2.0,2.3047156,2,0.304715633392334
2025-11-29 07:13:00,2.0,2.1972492,2,0.197249174118042
2025-11-29 07:14:00,2.0,2.2520425,2,0.2520425319671631
2025-11-29 07:15:00,2.0,2.2732868,2,0.2732868194580078
2025-11-29 07:16:00,2.0,2.348607,2,0.34860706329345703
2025-11-29 07:17:00,2.0,2.2946074,2,0.29460740089416504
2025-11-29 07:18:00,2.0,2.2031195,2,0.20311951637268066
2025-11-29 07:19:00,2.0,2.2266672,2,0.22666716575622559
2025-11-29 07:20:00,2.0,2.3371177,2,0.33711767196655273
2025-11-29 07:21:00,2.0,2.3250747,2,0.3250746726989746
2025-11-29 07:22:00,2.0,2.3697174,2,0.3697173595428467
2025-11-29 07:23:00,2.0,2.3948267,2,0.39482665061950684
2025-11-29 07:24:00,2.0,2.305305,2,0.30530500411987305
2025-11-29 07:25:00,2.0,2.3555605,2,0.3555605411529541
2025-11-29 07:26:00,2.0,2.3759089,2,0.37590885162353516
2025-11-29 07:27:00,2.0,2.3413706,2,0.3413705825805664
2025-11-29 07:28:00,2.0,2.2888708,2,0.28887081146240234
2025-11-29 07:29:00,2.0,2.2655787,2,0.2655787467956543
2025-11-29 07:30:00,2.0,2.2560513,2,0.25605130195617676
2025-11-29 07:31:00,2.0,2.301084,2,0.301084041595459
2025-11-29 07:32:00,2.0,2.3032062,2,0.303206205368042
2025-11-29 07:33:00,2.0,2.2676404,2,0.2676403522491455
2025-11-29 07:34:00,2.0,2.3314157,2,0.33141565322875977
2025-11-29 07:35:00,2.0,2.3074121,2,0.30741214752197266
2025-11-29 07:36:00,2.0,2.3204234,2,0.3204233646392822
2025-11-29 07:37:00,2.0,2.2558928,2,0.2558927536010742
2025-11-29 07:38:00,2.0,2.3315418,2,0.3315417766571045
2025-11-29 07:39:00,2.0,2.322861,2,0.3228609561920166
2025-11-29 07:40:00,2.0,2.2924237,2,0.29242372512817383
2025-11-29 07:41:00,2.0,2.3445556,2,0.3445556163787842
2025-11-29 07:42:00,2.0,2.3352842,2,0.3352842330932617
2025-11-29 07:43:00,2.0,2.3350923,2,0.33509230613708496
2025-11-29 07:44:00,2.0,2.2432892,2,0.24328923225402832
2025-11-29 07:45:00,2.0,2.3018918,2,0.3018918037414551
2025-11-29 07:46:00,2.0,2.300324,2,0.3003239631652832
2025-11-29 07:47:00,2.0,2.2328286,2,0.23282861709594727
2025-11-29 07:48:00,2.0,2.25285,2,0.2528500556945801
2025-11-29 07:49:00,2.0,2.3605783,2,0.3605782985687256
2025-11-29 07:50:00,2.0,2.407931,2,0.4079310894012451
2025-11-29 07:51:00,2.0,2.3130114,2,0.31301140785217285
2025-11-29 07:52:00,2.0,2.3409872,2,0.3409872055053711
2025-11-29 07:53:00,2.0,2.3770115,2,0.3770115375518799
2025-11-29 07:54:00,2.0,2.4069338,2,0.4069337844848633
2025-11-29 07:55:00,2.0,2.4331722,2,0.43317222595214844
2025-11-29 07:56:00,2.0,2.465526,2,0.46552610397338867
2025-11-29 07:57:00,2.0,2.3961291,2,0.39612913131713867
2025-11-29 07:58:00,2.0,2.3540032,2,0.3540031909942627
2025-11-29 07:59:00,2.0,2.3399284,2,0.33992838859558105
2025-11-29 08:00:00,2.0,2.3656464,2,0.3656463623046875
2025-11-29 08:01:00,2.0,2.3769226,2,0.376922607421875
2025-11-29 08:02:00,2.0,2.369314,2,0.36931395530700684
2025-11-29 08:03:00,2.0,2.420833,2,0.42083311080932617
2025-11-29 08:04:00,2.0,2.3476062,2,0.34760618209838867
2025-11-29 08:05:00,2.0,2.3994348,2,0.39943480491638184
2025-11-29 08:06:00,2.0,2.396775,2,0.3967750072479248
2025-11-29 08:07:00,2.0,2.361649,2,0.3616490364074707
2025-11-29 08:08:00,2.0,2.3674576,2,0.36745762825012207
2025-11-29 08:09:00,2.0,2.322577,2,0.32257699966430664
2025-11-29 08:10:00,2.0,2.3704312,2,0.37043118476867676
2025-11-29 08:11:00,2.0,2.3026493,2,0.30264925956726074
2025-11-29 08:12:00,2.0,2.317499,2,0.31749892234802246
2025-11-29 08:13:00,2.0,2.4166243,2,0.4166243076324463
2025-11-29 08:14:00,2.0,2.4487438,2,0.4487438201904297
2025-11-29 08:15:00,2.0,2.353721,2,0.35372090339660645
2025-11-29 08:16:00,2.0,2.3367286,2,0.336728572845459
2025-11-29 08:17:00,2.0,2.3760192,2,0.3760192394256592
2025-11-29 08:18:00,2.0,2.3784359,2,0.3784358501434326
2025-11-29 08:19:00,2.0,2.4102416,2,0.41024160385131836
2025-11-29 08:20:00,2.0,2.4509087,2,0.4509086608886719
2025-11-29 08:21:00,2.0,2.4263332,2,0.4263331890106201
2025-11-29 08:22:00,2.0,2.4735308,2,0.47353076934814453
2025-11-29 08:23:00,3.0,2.5584707,3,-0.4415292739868164
2025-11-29 08:24:00,4.0,2.7367291,3,-1.2632708549499512
2025-11-29 08:25:00,5.0,4.1358423,4,-0.8641576766967773
2025-11-29 08:26:00,5.0,4.6414924,5,-0.3585076332092285
2025-11-29 08:27:00,5.0,5.150372,5,0.15037202835083008
2025-11-29 08:28:00,5.0,4.7872953,5,-0.21270465850830078
2025-11-29 08:29:00,5.0,4.981618,5,-0.01838207244873047
2025-11-29 08:30:00,5.0,5.0526676,5,0.05266761779785156
2025-11-29 08:31:00,5.0,4.9556894,5,-0.044310569763183594
2025-11-29 08:32:00,5.0,4.820124,5,-0.17987585067749023
2025-11-29 08:33:00,5.0,4.855418,5,-0.14458179473876953
2025-11-29 08:34:00,5.0,4.965538,5,-0.03446197509765625
2025-11-29 08:35:00,5.0,5.1037602,5,0.1037602424621582
2025-11-29 08:36:00,5.0,5.218472,5,0.21847200393676758
2025-11-29 08:37:00,5.0,5.1560197,5,0.1560196876525879
2025-11-29 08:38:00,5.0,5.140505,5,0.1405048370361328
2025-11-29 08:39:00,5.0,5.1170483,5,0.11704826354980469
2025-11-29 08:40:00,5.0,5.0487885,5,0.04878854751586914
2025-11-29 08:41:00,5.0,5.044472,5,0.04447221755981445
2025-11-29 08:42:00,5.0,5.0211325,5,0.021132469177246094
2025-11-29 08:43:00,5.0,5.0807824,5,0.08078241348266602
2025-11-29 08:44:00,5.0,4.9594464,5,-0.04055356979370117
2025-11-29 08:45:00,3.0,5.0081573,5,2.008157253265381
2025-11-29 08:46:00,3.0,4.850037,5,1.8500370979309082
2025-11-29 08:47:00,3.0,3.754719,4,0.7547190189361572
2025-11-29 08:48:00,3.0,4.083767,4,1.0837669372558594
2025-11-29 08:49:00,3.0,3.7439559,4,0.7439558506011963
2025-11-29 08:50:00,3.0,3.5961595,4,0.5961594581604004
2025-11-29 08:51:00,3.0,3.4396977,3,0.4396977424621582
2025-11-29 08:52:00,3.0,3.3755636,3,0.3755636215209961
2025-11-29 08:53:00,3.0,3.4365728,3,0.436572790145874
2025-11-29 08:54:00,3.0,3.2553072,3,0.2553071975708008
2025-11-29 08:55:00,3.0,3.25871,3,0.2587099075317383
2025-11-29 08:56:00,3.0,3.1677234,3,0.1677234172821045
2025-11-29 08:57:00,3.0,3.1360633,3,0.1360633373260498
2025-11-29 08:58:00,3.0,3.0263171,3,0.026317119598388672
2025-11-29 08:59:00,3.0,3.0591068,3,0.05910682678222656
2025-11-29 09:00:00,3.0,3.0937462,3,0.09374618530273438
2025-11-29 09:01:00,3.0,3.13486,3,0.13486003875732422
2025-11-29 09:02:00,3.0,3.089399,3,0.08939909934997559
2025-11-29 09:03:00,3.0,3.0954232,3,0.09542322158813477
2025-11-29 09:04:00,3.0,3.1007025,3,0.10070252418518066
2025-11-29 09:05:00,3.0,3.1269982,3,0.1269981861114502
2025-11-29 09:06:00,3.0,3.1050417,3,0.1050417423248291
2025-11-29 09:07:00,3.0,3.0501335,3,0.050133466720581055
2025-11-29 09:08:00,3.0,3.1073081,3,0.10730814933776855
2025-11-29 09:09:00,3.0,3.0068438,3,0.0068438053131103516
2025-11-29 09:10:00,3.0,2.9927056,3,-0.007294416427612305
2025-11-29 09:11:00,3.0,2.995754,3,-0.0042459964752197266
2025-11-29 09:12:00,3.0,2.9980533,3,-0.0019466876983642578
2025-11-29 09:13:00,3.0,3.0083394,3,0.008339405059814453
2025-11-29 09:14:00,3.0,2.9904413,3,-0.009558677673339844
2025-11-29 09:15:00,3.0,3.061622,3,0.061621904373168945
2025-11-29 09:16:00,3.0,2.982568,3,-0.017431974411010742
2025-11-29 09:17:00,3.0,3.0101132,3,0.010113239288330078
2025-11-29 09:18:00,3.0,2.9194183,3,-0.0805816650390625
2025-11-29 09:19:00,3.0,3.0015779,3,0.0015778541564941406
2025-11-29 09:20:00,3.0,2.9702609,3,-0.0297391414642334
2025-11-29 09:21:00,3.0,3.0351865,3,0.0351865291595459
2025-11-29 09:22:00,3.0,2.9564974,3,-0.0435025691986084
2025-11-29 09:23:00,3.0,2.9879882,3,-0.01201176643371582
2025-11-29 09:24:00,3.0,2.9441874,3,-0.05581259727478027
2025-11-29 09:25:00,3.0,2.9626505,3,-0.03734946250915527
2025-11-29 09:26:00,3.0,3.0379553,3,0.037955284118652344
2025-11-29 09:27:00,3.0,3.0203362,3,0.020336151123046875
2025-11-29 09:28:00,3.0,3.0606697,3,0.060669660568237305
2025-11-29 09:29:00,3.0,3.0197706,3,0.01977062225341797
2025-11-29 09:30:00,3.0,3.032663,3,0.03266310691833496
2025-11-29 09:31:00,3.0,2.9853194,3,-0.014680624008178711
2025-11-29 09:32:00,3.0,3.00121,3,0.0012099742889404297
2025-11-29 09:33:00,3.0,3.002947,3,0.002947092056274414
2025-11-29 09:34:00,3.0,3.0056996,3,0.005699634552001953
2025-11-29 09:35:00,3.0,2.9816597,3,-0.018340349197387695
2025-11-29 09:36:00,3.0,3.0182912,3,0.018291234970092773
2025-11-29 09:37:00,3.0,3.034688,3,0.03468799591064453
2025-11-29 09:38:00,3.0,3.0296369,3,0.029636859893798828
2025-11-29 09:39:00,3.0,3.0784416,3,0.07844161987304688
2025-11-29 09:40:00,3.0,3.0559595,3,0.055959463119506836
2025-11-29 09:41:00,3.0,3.0457344,3,0.045734405517578125
2025-11-29 09:42:00,3.0,3.0631692,3,0.06316924095153809
2025-11-29 09:43:00,3.0,3.0153813,3,0.015381336212158203
2025-11-29 09:44:00,3.0,3.0745344,3,0.07453441619873047
2025-11-29 09:45:00,3.0,3.0436375,3,0.04363751411437988
2025-11-29 09:46:00,3.0,3.0112758,3,0.011275768280029297
2025-11-29 09:47:00,3.0,3.0822191,3,0.08221912384033203
2025-11-29 09:48:00,3.0,3.0632603,3,0.06326031684875488
2025-11-29 09:49:00,3.0,3.073827,3,0.07382702827453613
2025-11-29 09:50:00,3.0,2.7941694,3,-0.20583057403564453
2025-11-29 09:51:00,3.0,3.0022638,3,0.002263784408569336
2025-11-29 09:52:00,3.0,3.0083494,3,0.008349418640136719
2025-11-29 09:53:00,3.0,3.0043547,3,0.004354715347290039
2025-11-29 09:54:00,3.0,3.140965,3,0.14096498489379883
2025-11-29 09:55:00,3.0,3.0227644,3,0.02276444435119629
2025-11-29 09:56:00,3.0,3.0493016,3,0.0493016242980957
2025-11-29 09:57:00,3.0,3.0002909,3,0.00029087066650390625
2025-11-29 09:58:00,3.0,3.080297,3,0.08029699325561523
2025-11-29 09:59:00,3.0,3.0374768,3,0.03747677803039551
2025-11-29 10:00:00,3.0,2.967079,3,-0.03292107582092285
2025-11-29 10:01:00,3.0,3.016372,3,0.016371965408325195
2025-11-29 10:02:00,3.0,3.0276618,3,0.027661800384521484
2025-11-29 10:03:00,3.0,3.0785384,3,0.07853841781616211
2025-11-29 10:04:00,3.0,3.0623848,3,0.062384843826293945
2025-11-29 10:05:00,3.0,2.983912,3,-0.016088008880615234
2025-11-29 10:06:00,3.0,3.0198865,3,0.019886493682861328
2025-11-29 10:07:00,3.0,3.0743341,3,0.07433414459228516
2025-11-29 10:08:00,3.0,3.0232556,3,0.023255586624145508
2025-11-29 10:09:00,3.0,3.0232904,3,0.023290395736694336
2025-11-29 10:10:00,3.0,3.1359851,3,0.1359851360321045
2025-11-29 10:11:00,3.0,3.0107656,3,0.010765552520751953
2025-11-29 10:12:00,3.0,3.1033854,3,0.10338544845581055
2025-11-29 10:13:00,3.0,2.9970636,3,-0.0029363632202148438
2025-11-29 10:14:00,3.0,3.13703,3,0.13702988624572754
2025-11-29 10:15:00,3.0,3.0737314,3,0.0737314224243164
2025-11-29 10:16:00,3.0,3.0750487,3,0.07504868507385254
2025-11-29 10:17:00,3.0,3.0762281,3,0.07622814178466797
2025-11-29 10:18:00,3.0,3.0914977,3,0.09149765968322754
2025-11-29 10:19:00,3.0,3.1209512,3,0.12095117568969727
2025-11-29 10:20:00,3.0,3.0545237,3,0.05452370643615723
2025-11-29 10:21:00,3.0,3.1266196,3,0.12661957740783691
2025-11-29 10:22:00,3.0,2.9933999,3,-0.006600141525268555
2025-11-29 10:23:00,3.0,3.0238543,3,0.02385425567626953
2025-11-29 10:24:00,3.0,2.9305913,3,-0.06940865516662598
2025-11-29 10:25:00,3.0,2.9843566,3,-0.01564335823059082
2025-11-29 10:26:00,3.0,2.9932394,3,-0.006760597229003906
2025-11-29 10:27:00,3.0,2.970412,3,-0.029587984085083008
2025-11-29 10:28:00,3.0,2.969891,3,-0.030108928680419922
2025-11-29 10:29:00,3.0,2.9901521,3,-0.009847879409790039
2025-11-29 10:30:00,3.0,3.0304208,3,0.030420780181884766
2025-11-29 10:31:00,3.0,2.994899,3,-0.00510096549987793
2025-11-29 10:32:00,3.0,2.9836514,3,-0.016348600387573242
2025-11-29 10:33:00,3.0,3.0197978,3,0.019797801971435547
2025-11-29 10:34:00,3.0,2.9873667,3,-0.012633323669433594
2025-11-29 10:35:00,3.0,2.9785695,3,-0.021430492401123047
2025-11-29 10:36:00,3.0,2.968449,3,-0.03155088424682617
2025-11-29 10:37:00,3.0,3.0230067,3,0.023006677627563477
2025-11-29 10:38:00,3.0,3.0255563,3,0.025556325912475586
2025-11-29 10:39:00,3.0,3.0513313,3,0.051331281661987305
2025-11-29 10:40:00,3.0,3.0672307,3,0.0672307014465332
2025-11-29 10:41:00,3.0,3.047691,3,0.04769110679626465
2025-11-29 10:42:00,3.0,2.9924936,3,-0.007506370544433594
2025-11-29 10:43:00,3.0,2.981286,3,-0.018713951110839844
2025-11-29 10:44:00,3.0,3.0166516,3,0.016651630401611328
2025-11-29 10:45:00,3.0,3.0467296,3,0.04672956466674805
2025-11-29 10:46:00,3.0,2.9934778,3,-0.006522178649902344
2025-11-29 10:47:00,3.0,3.0348873,3,0.03488731384277344
2025-11-29 10:48:00,3.0,3.0017993,3,0.0017993450164794922
2025-11-29 10:49:00,3.0,3.0148454,3,0.01484537124633789
2025-11-29 10:50:00,3.0,2.9683375,3,-0.0316624641418457
2025-11-29 10:51:00,3.0,3.0520394,3,0.052039384841918945
2025-11-29 10:52:00,3.0,3.0068762,3,0.006876230239868164
2025-11-29 10:53:00,3.0,2.9739985,3,-0.026001453399658203
2025-11-29 10:54:00,3.0,3.0621004,3,0.06210041046142578
2025-11-29 10:55:00,3.0,3.0162802,3,0.016280174255371094
2025-11-29 10:56:00,3.0,3.0818772,3,0.08187723159790039
2025-11-29 10:57:00,3.0,2.995755,3,-0.00424504280090332
2025-11-29 10:58:00,3.0,3.059824,3,0.05982398986816406
2025-11-29 10:59:00,3.0,3.1066382,3,0.10663819313049316
2025-11-29 11:00:00,3.0,3.0622654,3,0.06226539611816406
2025-11-29 11:01:00,3.0,3.0949821,3,0.09498214721679688
2025-11-29 11:02:00,3.0,3.0097063,3,0.009706258773803711
2025-11-29 11:03:00,3.0,3.076634,3,0.07663393020629883
2025-11-29 11:04:00,3.0,3.0430927,3,0.04309272766113281
2025-11-29 11:05:00,3.0,3.009594,3,0.009593963623046875
2025-11-29 11:06:00,3.0,2.9872532,3,-0.012746810913085938
2025-11-29 11:07:00,3.0,2.975083,3,-0.024916887283325195
2025-11-29 11:08:00,3.0,3.0751727,3,0.07517266273498535
2025-11-29 11:09:00,3.0,3.059878,3,0.05987811088562012
2025-11-29 11:10:00,3.0,3.0468633,3,0.04686331748962402
2025-11-29 11:11:00,3.0,3.0465653,3,0.04656529426574707
2025-11-29 11:12:00,3.0,2.9968495,3,-0.003150463104248047
2025-11-29 11:13:00,3.0,3.0482028,3,0.0482027530670166
2025-11-29 11:14:00,3.0,3.0469213,3,0.0469212532043457
2025-11-29 11:15:00,3.0,3.0517564,3,0.05175638198852539
2025-11-29 11:16:00,3.0,3.0078652,3,0.007865190505981445
2025-11-29 11:17:00,3.0,3.0093813,3,0.009381294250488281
2025-11-29 11:18:00,3.0,3.033227,3,0.033226966857910156
2025-11-29 11:19:00,3.0,3.0604818,3,0.06048178672790527
2025-11-29 11:20:00,3.0,3.045083,3,0.045083045959472656
2025-11-29 11:21:00,3.0,2.987591,3,-0.012408971786499023
2025-11-29 11:22:00,3.0,3.0590873,3,0.059087276458740234
2025-11-29 11:23:00,3.0,3.0075383,3,0.007538318634033203
2025-11-29 11:24:00,3.0,2.973937,3,-0.026062965393066406
2025-11-29 11:25:00,3.0,3.0281565,3,0.028156518936157227
2025-11-29 11:26:00,3.0,3.031826,3,0.031826019287109375
2025-11-29 11:27:00,3.0,3.0192835,3,0.019283533096313477
2025-11-29 11:28:00,3.0,3.065702,3,0.06570196151733398
2025-11-29 11:29:00,3.0,3.0166016,3,0.0166015625
2025-11-29 11:30:00,3.0,3.024467,3,0.024466991424560547
2025-11-29 11:31:00,3.0,2.9583185,3,-0.041681528091430664
2025-11-29 11:32:00,3.0,2.907978,3,-0.09202194213867188
2025-11-29 11:33:00,3.0,2.8857384,3,-0.11426162719726562
2025-11-29 11:34:00,3.0,2.946204,3,-0.05379605293273926
2025-11-29 11:35:00,3.0,2.9885721,3,-0.011427879333496094
2025-11-29 11:36:00,3.0,3.0158966,3,0.01589655876159668
2025-11-29 11:37:00,3.0,3.010196,3,0.01019597053527832
2025-11-29 11:38:00,3.0,3.024539,3,0.02453899383544922
2025-11-29 11:39:00,3.0,3.019822,3,0.019821882247924805
2025-11-29 11:40:00,3.0,2.9749136,3,-0.025086402893066406
2025-11-29 11:41:00,3.0,2.9777215,3,-0.022278547286987305
2025-11-29 11:42:00,3.0,3.005098,3,0.005098104476928711
2025-11-29 11:43:00,3.0,3.022581,3,0.022581100463867188
2025-11-29 11:44:00,3.0,2.9948685,3,-0.00513148307800293
2025-11-29 11:45:00,3.0,3.011873,3,0.011873006820678711
2025-11-29 11:46:00,3.0,3.0204983,3,0.020498275756835938
2025-11-29 11:47:00,3.0,2.974947,3,-0.025053024291992188
2025-11-29 11:48:00,3.0,3.0961444,3,0.09614443778991699
2025-11-29 11:49:00,3.0,2.997086,3,-0.002913951873779297
2025-11-29 11:50:00,3.0,3.1617186,3,0.16171860694885254
2025-11-29 11:51:00,3.0,3.1445563,3,0.14455628395080566
2025-11-29 11:52:00,3.0,3.1859403,3,0.18594026565551758
2025-11-29 11:53:00,3.0,3.0604637,3,0.060463666915893555
2025-11-29 11:54:00,3.0,3.0380826,3,0.03808259963989258
2025-11-29 11:55:00,3.0,3.0234475,3,0.023447513580322266
2025-11-29 11:56:00,3.0,3.0105805,3,0.01058053970336914
2025-11-29 11:57:00,3.0,3.0862966,3,0.08629655838012695
2025-11-29 11:58:00,3.0,3.0413313,3,0.04133129119873047
2025-11-29 11:59:00,3.0,3.054162,3,0.054162025451660156
2025-11-29 12:00:00,3.0,3.089579,3,0.08957910537719727
2025-11-29 12:01:00,3.0,3.1009755,3,0.10097551345825195
2025-11-29 12:02:00,3.0,3.0267422,3,0.026742219924926758
2025-11-29 12:03:00,3.0,3.0077815,3,0.007781505584716797
2025-11-29 12:04:00,3.0,2.9791603,3,-0.020839691162109375
2025-11-29 12:05:00,3.0,2.9977725,3,-0.0022275447845458984
2025-11-29 12:06:00,3.0,2.9870768,3,-0.012923240661621094
2025-11-29 12:07:00,3.0,2.981182,3,-0.018817901611328125
2025-11-29 12:08:00,3.0,2.946156,3,-0.05384397506713867
2025-11-29 12:09:00,3.0,2.9784484,3,-0.02155160903930664
2025-11-29 12:10:00,3.0,3.0208423,3,0.020842313766479492
2025-11-29 12:11:00,3.0,3.0162127,3,0.01621270179748535
2025-11-29 12:12:00,3.0,3.029935,3,0.02993488311767578
2025-11-29 12:13:00,3.0,2.922122,3,-0.07787799835205078
2025-11-29 12:14:00,3.0,3.0900266,3,0.0900266170501709
2025-11-29 12:15:00,3.0,3.0343158,3,0.03431582450866699
2025-11-29 12:16:00,3.0,3.106934,3,0.1069340705871582
2025-11-29 12:17:00,3.0,3.0552723,3,0.05527234077453613
2025-11-29 12:18:00,3.0,3.0072787,3,0.0072786808013916016
2025-11-29 12:19:00,3.0,3.0283885,3,0.028388500213623047
2025-11-29 12:20:00,3.0,3.0319777,3,0.03197765350341797
2025-11-29 12:21:00,3.0,3.0862916,3,0.08629155158996582
2025-11-29 12:22:00,3.0,3.0876215,3,0.08762145042419434
2025-11-29 12:23:00,3.0,3.2085114,3,0.2085113525390625
2025-11-29 12:24:00,3.0,3.131477,3,0.13147711753845215
2025-11-29 12:25:00,3.0,3.0463283,3,0.04632830619812012
2025-11-29 12:26:00,3.0,3.147567,3,0.1475670337677002
2025-11-29 12:27:00,3.0,3.1265955,3,0.12659549713134766
2025-11-29 12:28:00,3.0,3.0935194,3,0.09351944923400879
2025-11-29 12:29:00,3.0,3.159273,3,0.1592729091644287
2025-11-29 12:30:00,3.0,3.0843081,3,0.08430814743041992
2025-11-29 12:31:00,3.0,3.067071,3,0.06707096099853516
2025-11-29 12:32:00,3.0,3.0826771,3,0.08267712593078613
2025-11-29 12:33:00,3.0,3.0426238,3,0.04262375831604004
2025-11-29 12:34:00,3.0,3.082518,3,0.08251810073852539
2025-11-29 12:35:00,3.0,3.042055,3,0.04205489158630371
2025-11-29 12:36:00,3.0,3.1616826,3,0.1616826057434082
2025-11-29 12:37:00,3.0,3.058494,3,0.05849409103393555
2025-11-29 12:38:00,3.0,3.176752,3,0.17675209045410156
2025-11-29 12:39:00,3.0,3.1760151,3,0.17601513862609863
2025-11-29 12:40:00,3.0,3.0775154,3,0.0775153636932373
2025-11-29 12:41:00,3.0,3.0147274,3,0.014727354049682617
2025-11-29 12:42:00,3.0,3.082677,3,0.08267688751220703
2025-11-29 12:43:00,3.0,3.0480506,3,0.048050642013549805
2025-11-29 12:44:00,3.0,3.1405475,3,0.140547513961792
2025-11-29 12:45:00,3.0,3.096918,3,0.09691810607910156
2025-11-29 12:46:00,3.0,3.2046168,3,0.20461678504943848
2025-11-29 12:47:00,3.0,3.1755283,3,0.17552828788757324
2025-11-29 12:48:00,3.0,3.1504915,3,0.15049147605895996
2025-11-29 12:49:00,3.0,3.1655114,3,0.1655113697052002
2025-11-29 12:50:00,3.0,3.1100976,3,0.11009764671325684
2025-11-29 12:51:00,3.0,3.155479,3,0.15547895431518555
2025-11-29 12:52:00,3.0,3.1093354,3,0.10933542251586914
2025-11-29 12:53:00,3.0,3.1716633,3,0.1716632843017578
2025-11-29 12:54:00,3.0,3.1596222,3,0.1596221923828125
2025-11-29 12:55:00,3.0,3.075568,3,0.07556796073913574
2025-11-29 12:56:00,3.0,3.0270588,3,0.027058839797973633
2025-11-29 12:57:00,3.0,2.9948585,3,-0.005141496658325195
2025-11-29 12:58:00,3.0,3.0797555,3,0.07975554466247559
2025-11-29 12:59:00,3.0,2.9864688,3,-0.013531208038330078
2025-11-29 13:00:00,3.0,3.0948234,3,0.09482336044311523
2025-11-29 13:01:00,3.0,3.016224,3,0.016223907470703125
2025-11-29 13:02:00,3.0,3.0425684,3,0.04256844520568848
2025-11-29 13:03:00,3.0,3.0447352,3,0.04473519325256348
2025-11-29 13:04:00,3.0,3.0544195,3,0.054419517517089844
2025-11-29 13:05:00,3.0,2.953611,3,-0.046389102935791016
2025-11-29 13:06:00,3.0,3.036619,3,0.036618947982788086
2025-11-29 13:07:00,3.0,2.9627395,3,-0.03726053237915039
2025-11-29 13:08:00,3.0,2.9956844,3,-0.004315614700317383
2025-11-29 13:09:00,3.0,2.9832606,3,-0.016739368438720703
2025-11-29 13:10:00,3.0,3.063923,3,0.06392288208007812
2025-11-29 13:11:00,3.0,3.0847623,3,0.0847623348236084
2025-11-29 13:12:00,3.0,3.0597372,3,0.059737205505371094
2025-11-29 13:13:00,3.0,3.0181181,3,0.01811814308166504
2025-11-29 13:14:00,3.0,2.9863982,3,-0.01360177993774414
2025-11-29 13:15:00,3.0,3.029356,3,0.029356002807617188
2025-11-29 13:16:00,3.0,3.0417004,3,0.04170036315917969
2025-11-29 13:17:00,3.0,3.1259046,3,0.12590456008911133
2025-11-29 13:18:00,3.0,3.1369424,3,0.13694238662719727
2025-11-29 13:19:00,3.0,3.1456063,3,0.14560627937316895
2025-11-29 13:20:00,3.0,3.168112,3,0.16811203956604004
2025-11-29 13:21:00,3.0,3.1394458,3,0.13944578170776367
2025-11-29 13:22:00,3.0,3.1687891,3,0.16878914833068848
2025-11-29 13:23:00,3.0,3.2203424,3,0.22034239768981934
2025-11-29 13:24:00,3.0,3.217262,3,0.21726202964782715
2025-11-29 13:25:00,3.0,3.2848623,3,0.2848622798919678
2025-11-29 13:26:00,3.0,3.231011,3,0.23101091384887695
2025-11-29 13:27:00,3.0,3.2570348,3,0.2570347785949707
2025-11-29 13:28:00,3.0,3.3298912,3,0.3298912048339844
2025-11-29 13:29:00,3.0,3.2570648,3,0.2570648193359375
2025-11-29 13:30:00,3.0,3.1973014,3,0.19730138778686523
2025-11-29 13:31:00,3.0,3.1846654,3,0.18466544151306152
2025-11-29 13:32:00,3.0,3.128964,3,0.12896394729614258
2025-11-29 13:33:00,3.0,3.107751,3,0.10775089263916016
2025-11-29 13:34:00,3.0,3.080164,3,0.08016395568847656
2025-11-29 13:35:00,3.0,3.0898597,3,0.0898597240447998
2025-11-29 13:36:00,3.0,3.1236947,3,0.12369465827941895
2025-11-29 13:37:00,3.0,3.1580112,3,0.15801119804382324
2025-11-29 13:38:00,3.0,3.1145568,3,0.11455678939819336
2025-11-29 13:39:00,3.0,3.0950935,3,0.0950934886932373
2025-11-29 13:40:00,3.0,3.0456164,3,0.04561638832092285
2025-11-29 13:41:00,3.0,3.074741,3,0.07474088668823242
2025-11-29 13:42:00,3.0,3.0342767,3,0.034276723861694336
2025-11-29 13:43:00,3.0,3.1184185,3,0.11841845512390137
2025-11-29 13:44:00,3.0,3.0376573,3,0.03765726089477539
2025-11-29 13:45:00,3.0,3.0308793,3,0.03087925910949707
2025-11-29 13:46:00,3.0,3.006027,3,0.0060269832611083984
2025-11-29 13:47:00,3.0,3.0773506,3,0.07735061645507812
2025-11-29 13:48:00,3.0,3.0744767,3,0.07447671890258789
2025-11-29 13:49:00,3.0,3.0200024,3,0.020002365112304688
2025-11-29 13:50:00,3.0,3.090851,3,0.0908510684967041
2025-11-29 13:51:00,3.0,3.0543566,3,0.05435657501220703
2025-11-29 13:52:00,3.0,3.0296528,3,0.029652833938598633
2025-11-29 13:53:00,3.0,3.0623984,3,0.062398433685302734
2025-11-29 13:54:00,3.0,3.0268323,3,0.02683234214782715
2025-11-29 13:55:00,3.0,3.051537,3,0.05153703689575195
2025-11-29 13:56:00,3.0,3.0232496,3,0.02324962615966797
2025-11-29 13:57:00,3.0,3.0559757,3,0.05597567558288574
2025-11-29 13:58:00,3.0,3.1139572,3,0.11395716667175293
2025-11-29 13:59:00,3.0,3.105117,3,0.1051170825958252
2025-11-29 14:00:00,3.0,3.1433969,3,0.14339685440063477
2025-11-29 14:01:00,3.0,3.2624552,3,0.2624552249908447
2025-11-29 14:02:00,3.0,3.2087348,3,0.20873475074768066
2025-11-29 14:03:00,3.0,3.2232542,3,0.22325420379638672
2025-11-29 14:04:00,3.0,3.278622,3,0.2786219120025635
2025-11-29 14:05:00,3.0,3.2689154,3,0.26891541481018066
2025-11-29 14:06:00,3.0,3.2458427,3,0.24584269523620605
2025-11-29 14:07:00,3.0,3.1850069,3,0.18500685691833496
2025-11-29 14:08:00,3.0,3.1083267,3,0.10832667350769043
2025-11-29 14:09:00,3.0,3.105589,3,0.10558891296386719
2025-11-29 14:10:00,3.0,3.0813198,3,0.08131980895996094
2025-11-29 14:11:00,3.0,3.1923103,3,0.19231033325195312
2025-11-29 14:12:00,3.0,3.1680381,3,0.16803812980651855
2025-11-29 14:13:00,3.0,3.2255695,3,0.225569486618042
2025-11-29 14:14:00,3.0,3.107665,3,0.1076650619506836
2025-11-29 14:15:00,3.0,3.169675,3,0.16967511177062988
2025-11-29 14:16:00,3.0,3.096393,3,0.09639310836791992
2025-11-29 14:17:00,3.0,3.0858436,3,0.08584356307983398
2025-11-29 14:18:00,3.0,3.047159,3,0.04715895652770996
2025-11-29 14:19:00,3.0,3.1013618,3,0.10136175155639648
2025-11-29 14:20:00,3.0,3.0783854,3,0.0783853530883789
2025-11-29 14:21:00,3.0,3.047059,3,0.047059059143066406
2025-11-29 14:22:00,3.0,3.0678384,3,0.06783843040466309
2025-11-29 14:23:00,3.0,3.0859866,3,0.08598661422729492
2025-11-29 14:24:00,3.0,3.0007648,3,0.0007648468017578125
2025-11-29 14:25:00,3.0,3.0740116,3,0.07401156425476074
2025-11-29 14:26:00,3.0,2.9895847,3,-0.010415315628051758
2025-11-29 14:27:00,3.0,3.0668056,3,0.06680560111999512
2025-11-29 14:28:00,3.0,3.0918949,3,0.09189486503601074
2025-11-29 14:29:00,3.0,3.0982862,3,0.09828615188598633
2025-11-29 14:30:00,3.0,3.0357618,3,0.03576183319091797
2025-11-29 14:31:00,3.0,3.0352683,3,0.035268306732177734
2025-11-29 14:32:00,3.0,2.9974418,3,-0.0025582313537597656
2025-11-29 14:33:00,3.0,3.0389035,3,0.03890347480773926
2025-11-29 14:34:00,3.0,3.0079312,3,0.007931232452392578
2025-11-29 14:35:00,3.0,3.0381591,3,0.03815913200378418
2025-11-29 14:36:00,3.0,3.0450823,3,0.04508233070373535
2025-11-29 14:37:00,3.0,3.0602942,3,0.060294151306152344
2025-11-29 14:38:00,3.0,3.1097682,3,0.10976815223693848
2025-11-29 14:39:00,3.0,3.0781538,3,0.07815384864807129
2025-11-29 14:40:00,3.0,3.062267,3,0.06226706504821777
2025-11-29 14:41:00,3.0,3.1890538,3,0.18905377388000488
2025-11-29 14:42:00,3.0,3.2102182,3,0.21021819114685059
2025-11-29 14:43:00,3.0,3.1219654,3,0.12196540832519531
2025-11-29 14:44:00,3.0,3.0584664,3,0.058466434478759766
2025-11-29 14:45:00,3.0,3.0953166,3,0.09531664848327637
2025-11-29 14:46:00,3.0,3.2089279,3,0.20892786979675293
2025-11-29 14:47:00,3.0,3.1783037,3,0.17830371856689453
2025-11-29 14:48:00,3.0,3.1939387,3,0.1939387321472168
2025-11-29 14:49:00,3.0,3.1943114,3,0.19431138038635254
2025-11-29 14:50:00,3.0,3.052007,3,0.05200695991516113
2025-11-29 14:51:00,3.0,3.205621,3,0.20562100410461426
2025-11-29 14:52:00,3.0,3.095763,3,0.09576296806335449
2025-11-29 14:53:00,3.0,3.1130462,3,0.11304616928100586
2025-11-29 14:54:00,3.0,3.1082625,3,0.10826253890991211
2025-11-29 14:55:00,3.0,3.183702,3,0.1837019920349121
2025-11-29 14:56:00,3.0,3.157973,3,0.157973051071167
2025-11-29 14:57:00,3.0,3.17013,3,0.17013001441955566
2025-11-29 14:58:00,3.0,3.2126625,3,0.2126624584197998
2025-11-29 14:59:00,3.0,3.289825,3,0.2898249626159668
2025-11-29 15:00:00,3.0,3.340807,3,0.3408069610595703
2025-11-29 15:01:00,3.0,3.3796623,3,0.37966227531433105
2025-11-29 15:02:00,3.0,3.354257,3,0.35425710678100586
2025-11-29 15:03:00,3.0,3.2647583,3,0.2647583484649658
2025-11-29 15:04:00,3.0,3.3575873,3,0.3575873374938965
2025-11-29 15:05:00,3.0,3.2415724,3,0.24157238006591797
2025-11-29 15:06:00,3.0,3.1081183,3,0.10811829566955566
2025-11-29 15:07:00,3.0,3.142014,3,0.1420140266418457
2025-11-29 15:08:00,3.0,3.142008,3,0.14200806617736816
2025-11-29 15:09:00,3.0,3.2549348,3,0.25493478775024414
2025-11-29 15:10:00,3.0,3.3011007,3,0.3011007308959961
2025-11-29 15:11:00,3.0,3.3244925,3,0.3244924545288086
2025-11-29 15:12:00,3.0,3.3434072,3,0.34340715408325195
2025-11-29 15:13:00,3.0,3.2698987,3,0.2698986530303955
2025-11-29 15:14:00,3.0,3.441547,3,0.4415469169616699
2025-11-29 15:15:00,3.0,3.405152,3,0.4051520824432373
2025-11-29 15:16:00,3.0,3.2511826,3,0.25118255615234375
2025-11-29 15:17:00,3.0,3.2435167,3,0.2435166835784912
2025-11-29 15:18:00,3.0,3.1979713,3,0.19797134399414062
2025-11-29 15:19:00,3.0,3.2459977,3,0.24599766731262207
2025-11-29 15:20:00,3.0,3.2888052,3,0.2888052463531494
2025-11-29 15:21:00,3.0,3.264957,3,0.2649569511413574
2025-11-29 15:22:00,3.0,3.3294897,3,0.32948970794677734
2025-11-29 15:23:00,3.0,3.2211516,3,0.22115159034729004
2025-11-29 15:24:00,3.0,3.1983683,3,0.19836831092834473
2025-11-29 15:25:00,3.0,3.2286642,3,0.22866415977478027
2025-11-29 15:26:00,3.0,3.2302842,3,0.2302842140197754
2025-11-29 15:27:00,3.0,3.1554523,3,0.15545225143432617
2025-11-29 15:28:00,3.0,3.306789,3,0.30678892135620117
2025-11-29 15:29:00,3.0,3.0863805,3,0.0863804817199707
2025-11-29 15:30:00,3.0,3.2214382,3,0.22143816947937012
2025-11-29 15:31:00,3.0,3.107699,3,0.10769891738891602
2025-11-29 15:32:00,3.0,3.1688998,3,0.1688997745513916
2025-11-29 15:33:00,3.0,3.1800816,3,0.18008160591125488
2025-11-29 15:34:00,3.0,3.097037,3,0.09703707695007324
2025-11-29 15:35:00,3.0,3.21821,3,0.21820998191833496
2025-11-29 15:36:00,3.0,3.26506,3,0.2650599479675293
2025-11-29 15:37:00,3.0,3.249762,3,0.24976205825805664
2025-11-29 15:38:00,3.0,3.3660674,3,0.36606740951538086
2025-11-29 15:39:00,3.0,3.2973564,3,0.29735636711120605
2025-11-29 15:40:00,3.0,3.1960938,3,0.19609379768371582
2025-11-29 15:41:00,3.0,3.2014086,3,0.20140862464904785
2025-11-29 15:42:00,3.0,3.1576066,3,0.1576066017150879
2025-11-29 15:43:00,3.0,3.1733465,3,0.17334651947021484
2025-11-29 15:44:00,3.0,3.1753347,3,0.17533469200134277
2025-11-29 15:45:00,3.0,3.2072623,3,0.20726227760314941
2025-11-29 15:46:00,3.0,3.046773,3,0.04677295684814453
2025-11-29 15:47:00,3.0,3.2445512,3,0.2445511817932129
2025-11-29 15:48:00,3.0,3.151958,3,0.15195798873901367
2025-11-29 15:49:00,3.0,3.3307767,3,0.3307766914367676
2025-11-29 15:50:00,3.0,3.3732893,3,0.3732893466949463
2025-11-29 15:51:00,3.0,3.1728206,3,0.1728205680847168
2025-11-29 15:52:00,3.0,3.15425,3,0.154249906539917
2025-11-29 15:53:00,3.0,3.081692,3,0.08169198036193848
2025-11-29 15:54:00,3.0,3.1766887,3,0.17668867111206055
2025-11-29 15:55:00,3.0,3.1087036,3,0.10870361328125
2025-11-29 15:56:00,3.0,3.0041616,3,0.0041615962982177734
2025-11-29 15:57:00,3.0,3.0824263,3,0.08242630958557129
2025-11-29 15:58:00,3.0,3.1477902,3,0.14779019355773926
2025-11-29 15:59:00,3.0,3.2348876,3,0.23488759994506836
2025-11-29 16:00:00,3.0,3.125026,3,0.12502598762512207
2025-11-29 16:01:00,3.0,3.2895193,3,0.2895193099975586
2025-11-29 16:02:00,3.0,3.265943,3,0.2659430503845215
2025-11-29 16:03:00,3.0,3.2252865,3,0.22528648376464844
2025-11-29 16:04:00,3.0,3.2006748,3,0.20067477226257324
2025-11-29 16:05:00,3.0,3.1490667,3,0.14906668663024902
2025-11-29 16:06:00,3.0,3.1517017,3,0.1517016887664795
2025-11-29 16:07:00,3.0,3.2902646,3,0.2902646064758301
2025-11-29 16:08:00,3.0,3.2301924,3,0.2301924228668213
2025-11-29 16:09:00,3.0,3.2964451,3,0.2964451313018799
2025-11-29 16:10:00,3.0,3.3016944,3,0.301694393157959
2025-11-29 16:11:00,4.0,3.3698647,3,-0.6301352977752686
2025-11-29 16:12:00,5.0,3.6664455,4,-1.3335545063018799
2025-11-29 16:13:00,5.0,4.9230623,5,-0.07693767547607422
2025-11-29 16:14:00,5.0,5.4196644,5,0.4196643829345703
2025-11-29 16:15:00,5.0,4.961631,5,-0.038369178771972656
2025-11-29 16:16:00,5.0,5.1738787,5,0.17387866973876953
2025-11-29 16:17:00,5.0,5.2284555,5,0.2284555435180664
2025-11-29 16:18:00,5.0,5.030232,5,0.030231952667236328
2025-11-29 16:19:00,5.0,5.2152104,5,0.2152104377746582
2025-11-29 16:20:00,5.0,5.2565126,5,0.2565126419067383
2025-11-29 16:21:00,5.0,5.3115897,5,0.31158971786499023
2025-11-29 16:22:00,5.0,5.3141484,5,0.3141484260559082
2025-11-29 16:23:00,5.0,5.3696766,5,0.3696765899658203
2025-11-29 16:24:00,5.0,5.4243464,5,0.4243464469909668
2025-11-29 16:25:00,5.0,5.3931055,5,0.39310550689697266
2025-11-29 16:26:00,5.0,5.347691,5,0.34769105911254883
2025-11-29 16:27:00,5.0,5.414511,5,0.41451120376586914
2025-11-29 16:28:00,5.0,5.4252377,5,0.42523765563964844
2025-11-29 16:29:00,5.0,5.4267874,5,0.4267873764038086
2025-11-29 16:30:00,5.0,5.421371,5,0.4213709831237793
2025-11-29 16:31:00,5.0,5.3823137,5,0.38231372833251953
2025-11-29 16:32:00,5.0,5.331689,5,0.33168888092041016
2025-11-29 16:33:00,5.0,5.2385554,5,0.2385554313659668
2025-11-29 16:34:00,5.0,5.267933,5,0.2679328918457031
2025-11-29 16:35:00,5.0,5.28651,5,0.28650999069213867
2025-11-29 16:36:00,5.0,5.31068,5,0.31067991256713867
2025-11-29 16:37:00,5.0,5.2773685,5,0.27736854553222656
2025-11-29 16:38:00,5.0,5.2964206,5,0.2964205741882324
2025-11-29 16:39:00,5.0,5.1926885,5,0.1926884651184082
2025-11-29 16:40:00,5.0,5.2222505,5,0.22225046157836914
2025-11-29 16:41:00,5.0,5.115209,5,0.11520910263061523
2025-11-29 16:42:00,5.0,5.2886467,5,0.2886466979980469
2025-11-29 16:43:00,5.0,5.2483697,5,0.24836969375610352
2025-11-29 16:44:00,5.0,5.2758665,5,0.2758665084838867
2025-11-29 16:45:00,5.0,5.299543,5,0.2995429039001465
2025-11-29 16:46:00,5.0,5.270354,5,0.2703537940979004
2025-11-29 16:47:00,5.0,5.24559,5,0.2455902099609375
2025-11-29 16:48:00,5.0,5.1819854,5,0.18198537826538086
2025-11-29 16:49:00,5.0,5.24871,5,0.24871015548706055
2025-11-29 16:50:00,5.0,5.2249575,5,0.22495746612548828
2025-11-29 16:51:00,5.0,5.1812816,5,0.18128156661987305
2025-11-29 16:52:00,5.0,5.21787,5,0.21787023544311523
2025-11-29 16:53:00,5.0,5.1336675,5,0.1336674690246582
2025-11-29 16:54:00,5.0,5.2760115,5,0.27601146697998047
2025-11-29 16:55:00,5.0,5.2791386,5,0.27913856506347656
2025-11-29 16:56:00,5.0,5.26014,5,0.26013994216918945
2025-11-29 16:57:00,5.0,5.1621213,5,0.16212129592895508
2025-11-29 16:58:00,5.0,5.169228,5,0.16922807693481445
2025-11-29 16:59:00,5.0,5.1975236,5,0.1975235939025879
2025-11-29 17:00:00,5.0,5.215776,5,0.2157759666442871
2025-11-29 17:01:00,5.0,5.2062593,5,0.20625925064086914
2025-11-29 17:02:00,5.0,5.204325,5,0.20432519912719727
2025-11-29 17:03:00,5.0,5.220555,5,0.22055482864379883
2025-11-29 17:04:00,5.0,5.2707515,5,0.2707514762878418
2025-11-29 17:05:00,5.0,5.262643,5,0.26264286041259766
2025-11-29 17:06:00,5.0,5.2110953,5,0.21109533309936523
2025-11-29 17:07:00,5.0,5.1921086,5,0.1921086311340332
2025-11-29 17:08:00,5.0,5.195749,5,0.19574880599975586
2025-11-29 17:09:00,5.0,5.181155,5,0.18115520477294922
2025-11-29 17:10:00,5.0,5.175381,5,0.17538118362426758
2025-11-29 17:11:00,5.0,5.2018504,5,0.20185041427612305
2025-11-29 17:12:00,5.0,5.249198,5,0.24919795989990234
2025-11-29 17:13:00,5.0,5.235825,5,0.2358250617980957
2025-11-29 17:14:00,5.0,5.265285,5,0.26528501510620117
2025-11-29 17:15:00,5.0,5.193966,5,0.19396591186523438
2025-11-29 17:16:00,5.0,5.248461,5,0.2484607696533203
2025-11-29 17:17:00,5.0,5.2043767,5,0.2043766975402832
2025-11-29 17:18:00,5.0,5.1655207,5,0.16552066802978516
2025-11-29 17:19:00,5.0,5.215113,5,0.21511316299438477
2025-11-29 17:20:00,5.0,5.176435,5,0.17643499374389648
2025-11-29 17:21:00,5.0,5.1307473,5,0.13074731826782227
2025-11-29 17:22:00,5.0,5.2233353,5,0.22333526611328125
2025-11-29 17:23:00,5.0,5.2567825,5,0.25678253173828125
2025-11-29 17:24:00,5.0,5.3049755,5,0.3049755096435547
2025-11-29 17:25:00,5.0,5.239142,5,0.23914194107055664
2025-11-29 17:26:00,5.0,5.296142,5,0.2961421012878418
2025-11-29 17:27:00,5.0,5.2457533,5,0.24575328826904297
2025-11-29 17:28:00,5.0,5.2505307,5,0.2505307197570801
2025-11-29 17:29:00,5.0,5.4122224,5,0.41222238540649414
2025-11-29 17:30:00,5.0,5.505673,6,0.5056729316711426
2025-11-29 17:31:00,5.0,5.558431,6,0.5584311485290527
2025-11-29 17:32:00,5.0,5.594491,6,0.5944910049438477
2025-11-29 17:33:00,5.0,5.6284842,6,0.6284842491149902
2025-11-29 17:34:00,5.0,5.5483747,6,0.5483746528625488
2025-11-29 17:35:00,5.0,5.2361293,5,0.2361292839050293
2025-11-29 17:36:00,5.0,5.1994863,5,0.19948625564575195
2025-11-29 17:37:00,5.0,5.2260556,5,0.22605562210083008
2025-11-29 17:38:00,5.0,5.280165,5,0.2801651954650879
2025-11-29 17:39:00,5.0,5.343601,5,0.3436012268066406
2025-11-29 17:40:00,5.0,5.3357162,5,0.33571624755859375
2025-11-29 17:41:00,5.0,5.305227,5,0.30522680282592773
2025-11-29 17:42:00,5.0,5.2151656,5,0.2151656150817871
2025-11-29 17:43:00,5.0,5.1903024,5,0.19030237197875977
2025-11-29 17:44:00,5.0,5.2062364,5,0.2062363624572754
2025-11-29 17:45:00,5.0,5.244366,5,0.24436616897583008
2025-11-29 17:46:00,5.0,5.2573853,5,0.25738525390625
2025-11-29 17:47:00,5.0,5.2768116,5,0.2768115997314453
2025-11-29 17:48:00,5.0,5.287763,5,0.2877631187438965
2025-11-29 17:49:00,5.0,5.2247667,5,0.22476673126220703
2025-11-29 17:50:00,5.0,5.244017,5,0.2440171241760254
2025-11-29 17:51:00,5.0,5.223949,5,0.22394895553588867
2025-11-29 17:52:00,5.0,5.291171,5,0.2911710739135742
2025-11-29 17:53:00,5.0,5.2451468,5,0.2451467514038086
2025-11-29 17:54:00,5.0,5.2309537,5,0.23095369338989258
2025-11-29 17:55:00,5.0,5.256975,5,0.2569751739501953
2025-11-29 17:56:00,5.0,5.1937485,5,0.19374847412109375
2025-11-29 17:57:00,5.0,5.2404966,5,0.24049663543701172
2025-11-29 17:58:00,5.0,5.229335,5,0.22933483123779297
2025-11-29 17:59:00,5.0,5.168507,5,0.16850709915161133
2025-11-29 18:00:00,5.0,5.160259,5,0.16025876998901367
2025-11-29 18:01:00,5.0,5.2086945,5,0.2086944580078125
2025-11-29 18:02:00,5.0,5.2437315,5,0.24373149871826172
2025-11-29 18:03:00,5.0,5.175141,5,0.1751408576965332
2025-11-29 18:04:00,5.0,5.067093,5,0.0670928955078125
2025-11-29 18:05:00,5.0,5.1877875,5,0.18778753280639648
2025-11-29 18:06:00,5.0,5.0133624,5,0.013362407684326172
2025-11-29 18:07:00,5.0,5.0402784,5,0.04027843475341797
2025-11-29 18:08:00,5.0,4.974149,5,-0.025850772857666016
2025-11-29 18:09:00,5.0,5.0814657,5,0.0814657211303711
2025-11-29 18:10:00,5.0,5.123016,5,0.1230158805847168
2025-11-29 18:11:00,5.0,5.0300794,5,0.030079364776611328
2025-11-29 18:12:00,5.0,5.065631,5,0.06563091278076172
2025-11-29 18:13:00,5.0,5.115032,5,0.11503219604492188
2025-11-29 18:14:00,5.0,4.936193,5,-0.06380701065063477
2025-11-29 18:15:00,5.0,5.0690804,5,0.06908035278320312
2025-11-29 18:16:00,5.0,4.950501,5,-0.0494990348815918
2025-11-29 18:17:00,5.0,4.879255,5,-0.12074518203735352
2025-11-29 18:18:00,5.0,4.798149,5,-0.20185089111328125
2025-11-29 18:19:00,5.0,4.883351,5,-0.11664915084838867
2025-11-29 18:20:00,5.0,5.001437,5,0.0014371871948242188
2025-11-29 18:21:00,5.0,4.978779,5,-0.021221160888671875
2025-11-29 18:22:00,5.0,5.0176334,5,0.017633438110351562
2025-11-29 18:23:00,5.0,4.9966903,5,-0.0033097267150878906
2025-11-29 18:24:00,5.0,5.0177474,5,0.01774740219116211
2025-11-29 18:25:00,5.0,4.9634895,5,-0.036510467529296875
2025-11-29 18:26:00,5.0,5.046016,5,0.04601621627807617
2025-11-29 18:27:00,5.0,4.671749,5,-0.3282508850097656
2025-11-29 18:28:00,3.0,4.8379745,5,1.8379745483398438
2025-11-29 18:29:00,3.0,4.8205447,5,1.820544719696045
2025-11-29 18:30:00,3.0,3.6499705,4,0.649970531463623
2025-11-29 18:31:00,3.0,4.0730076,4,1.073007583618164
2025-11-29 18:32:00,3.0,3.7563968,4,0.7563967704772949
2025-11-29 18:33:00,3.0,3.673875,4,0.673875093460083
2025-11-29 18:34:00,3.0,3.3089824,3,0.30898237228393555
2025-11-29 18:35:00,3.0,3.3142567,3,0.3142566680908203
2025-11-29 18:36:00,3.0,3.3291337,3,0.3291337490081787
2025-11-29 18:37:00,3.0,3.255503,3,0.25550293922424316
2025-11-29 18:38:00,3.0,3.2932932,3,0.2932932376861572
2025-11-29 18:39:00,3.0,3.2373004,3,0.23730039596557617
2025-11-29 18:40:00,3.0,3.164973,3,0.16497302055358887
2025-11-29 18:41:00,3.0,3.1871347,3,0.1871347427368164
2025-11-29 18:42:00,3.0,3.0648055,3,0.06480550765991211
2025-11-29 18:43:00,3.0,3.2272906,3,0.22729063034057617
2025-11-29 18:44:00,3.0,3.06761,3,0.06761002540588379
2025-11-29 18:45:00,3.0,3.0568104,3,0.05681037902832031
2025-11-29 18:46:00,3.0,3.0204685,3,0.020468473434448242
2025-11-29 18:47:00,3.0,3.1194725,3,0.11947250366210938
2025-11-29 18:48:00,3.0,3.066845,3,0.06684494018554688
2025-11-29 18:49:00,3.0,3.0531325,3,0.05313253402709961
2025-11-29 18:50:00,3.0,3.0516245,3,0.05162453651428223
2025-11-29 18:51:00,3.0,3.1984284,3,0.19842839241027832
2025-11-29 18:52:00,3.0,3.045985,3,0.04598498344421387
2025-11-29 18:53:00,3.0,3.1219227,3,0.12192273139953613
2025-11-29 18:54:00,3.0,3.0352783,3,0.0352783203125
2025-11-29 18:55:00,3.0,3.0842423,3,0.08424234390258789
2025-11-29 18:56:00,3.0,3.0480409,3,0.04804086685180664
2025-11-29 18:57:00,3.0,3.088159,3,0.08815908432006836
2025-11-29 18:58:00,3.0,3.0164933,3,0.01649332046508789
2025-11-29 18:59:00,3.0,3.0637236,3,0.06372356414794922
2025-11-29 19:00:00,3.0,3.0947955,3,0.09479546546936035
2025-11-29 19:01:00,3.0,3.0326915,3,0.03269147872924805
2025-11-29 19:02:00,3.0,2.9148147,3,-0.08518528938293457
2025-11-29 19:03:00,3.0,3.058121,3,0.0581209659576416
2025-11-29 19:04:00,3.0,2.9891648,3,-0.01083517074584961
2025-11-29 19:05:00,3.0,3.017802,3,0.017802000045776367
2025-11-29 19:06:00,3.0,3.0181932,3,0.01819324493408203
2025-11-29 19:07:00,3.0,3.0160794,3,0.016079425811767578
2025-11-29 19:08:00,3.0,3.0959408,3,0.09594082832336426
2025-11-29 19:09:00,3.0,3.084277,3,0.08427691459655762
2025-11-29 19:10:00,3.0,3.0516458,3,0.051645755767822266
2025-11-29 19:11:00,3.0,3.023342,3,0.023341894149780273
2025-11-29 19:12:00,3.0,3.0205042,3,0.020504236221313477
2025-11-29 19:13:00,3.0,2.9703755,3,-0.029624462127685547
2025-11-29 19:14:00,3.0,3.0814974,3,0.0814974308013916
2025-11-29 19:15:00,3.0,3.0938656,3,0.09386563301086426
2025-11-29 19:16:00,3.0,3.1154823,3,0.11548233032226562
2025-11-29 19:17:00,3.0,3.0185626,3,0.01856255531311035
2025-11-29 19:18:00,3.0,2.961626,3,-0.03837394714355469
2025-11-29 19:19:00,3.0,2.9768193,3,-0.023180723190307617
2025-11-29 19:20:00,3.0,2.8719378,3,-0.12806224822998047
2025-11-29 19:21:00,3.0,2.8092718,3,-0.19072818756103516
2025-11-29 19:22:00,3.0,2.8786867,3,-0.12131333351135254
2025-11-29 19:23:00,3.0,2.952133,3,-0.0478670597076416
2025-11-29 19:24:00,3.0,3.0477698,3,0.047769784927368164
2025-11-29 19:25:00,3.0,3.0233166,3,0.023316621780395508
2025-11-29 19:26:00,3.0,3.0123305,3,0.01233053207397461
2025-11-29 19:27:00,3.0,2.9715555,3,-0.028444528579711914
2025-11-29 19:28:00,3.0,2.9710746,3,-0.028925418853759766
2025-11-29 19:29:00,3.0,3.01323,3,0.013230085372924805
2025-11-29 19:30:00,3.0,3.0439403,3,0.04394030570983887
2025-11-29 19:31:00,3.0,2.9669387,3,-0.03306126594543457
2025-11-29 19:32:00,3.0,2.992168,3,-0.007832050323486328
2025-11-29 19:33:00,3.0,3.0655415,3,0.06554150581359863
2025-11-29 19:34:00,3.0,3.0187457,3,0.01874566078186035
2025-11-29 19:35:00,3.0,3.0003662,3,0.0003662109375
2025-11-29 19:36:00,3.0,3.1702263,3,0.1702263355255127
2025-11-29 19:37:00,3.0,3.1020312,3,0.10203123092651367
2025-11-29 19:38:00,3.0,3.0360014,3,0.03600144386291504
2025-11-29 19:39:00,3.0,3.065939,3,0.06593894958496094
2025-11-29 19:40:00,3.0,3.0556848,3,0.055684804916381836
2025-11-29 19:41:00,3.0,3.00776,3,0.007760047912597656
2025-11-29 19:42:00,3.0,3.1056345,3,0.10563445091247559
2025-11-29 19:43:00,3.0,3.061988,3,0.061988115310668945
2025-11-29 19:44:00,3.0,3.0254142,3,0.025414228439331055
2025-11-29 19:45:00,3.0,3.0351608,3,0.03516077995300293
2025-11-29 19:46:00,3.0,2.9317138,3,-0.06828618049621582
2025-11-29 19:47:00,3.0,3.0380166,3,0.038016557693481445
2025-11-29 19:48:00,3.0,2.97529,3,-0.02470993995666504
2025-11-29 19:49:00,3.0,2.9685814,3,-0.031418561935424805
2025-11-29 19:50:00,3.0,3.1311226,3,0.13112258911132812
2025-11-29 19:51:00,3.0,3.0356383,3,0.03563833236694336
2025-11-29 19:52:00,3.0,3.1147254,3,0.11472535133361816
2025-11-29 19:53:00,3.0,3.143423,3,0.14342308044433594
2025-11-29 19:54:00,3.0,3.1108432,3,0.11084318161010742
2025-11-29 19:55:00,3.0,3.135379,3,0.13537907600402832
2025-11-29 19:56:00,3.0,3.0506563,3,0.05065631866455078
2025-11-29 19:57:00,3.0,3.1157012,3,0.11570119857788086
2025-11-29 19:58:00,3.0,2.8622365,3,-0.13776350021362305
2025-11-29 19:59:00,3.0,3.0297692,3,0.029769182205200195
2025-11-29 20:00:00,3.0,2.952342,3,-0.04765796661376953
2025-11-29 20:01:00,3.0,2.9777036,3,-0.022296428680419922
2025-11-29 20:02:00,3.0,3.1100395,3,0.11003947257995605
2025-11-29 20:03:00,3.0,3.0141418,3,0.01414179801940918
2025-11-29 20:04:00,3.0,2.9780867,3,-0.02191329002380371
2025-11-29 20:05:00,3.0,3.0386178,3,0.038617849349975586
2025-11-29 20:06:00,3.0,2.968345,3,-0.031655073165893555
2025-11-29 20:07:00,3.0,3.02352,3,0.02351999282836914
2025-11-29 20:08:00,3.0,3.0088873,3,0.008887290954589844
2025-11-29 20:09:00,3.0,3.1013346,3,0.1013345718383789
2025-11-29 20:10:00,3.0,3.0384068,3,0.0384068489074707
2025-11-29 20:11:00,3.0,3.0295534,3,0.02955341339111328
2025-11-29 20:12:00,3.0,3.0267627,3,0.026762723922729492
2025-11-29 20:13:00,3.0,2.977337,3,-0.022663116455078125
2025-11-29 20:14:00,3.0,2.9923394,3,-0.007660627365112305
2025-11-29 20:15:00,3.0,3.0187278,3,0.018727779388427734
2025-11-29 20:16:00,3.0,2.9999056,3,-9.441375732421875e-05
2025-11-29 20:17:00,3.0,3.003767,3,0.0037670135498046875
2025-11-29 20:18:00,3.0,2.9719388,3,-0.0280611515045166
2025-11-29 20:19:00,3.0,2.9215384,3,-0.0784616470336914
2025-11-29 20:20:00,3.0,3.0485332,3,0.04853320121765137
2025-11-29 20:21:00,3.0,2.9692051,3,-0.030794858932495117
2025-11-29 20:22:00,3.0,3.0050924,3,0.0050923824310302734
2025-11-29 20:23:00,3.0,2.8791811,3,-0.1208188533782959
2025-11-29 20:24:00,3.0,3.1119583,3,0.11195826530456543
2025-11-29 20:25:00,3.0,3.109771,3,0.1097710132598877
2025-11-29 20:26:00,3.0,3.0297153,3,0.029715299606323242
2025-11-29 20:27:00,3.0,3.061874,3,0.0618739128112793
2025-11-29 20:28:00,3.0,3.1278312,3,0.12783122062683105
2025-11-29 20:29:00,3.0,3.1152184,3,0.1152184009552002
2025-11-29 20:30:00,3.0,3.138979,3,0.1389789581298828
2025-11-29 20:31:00,3.0,3.0899644,3,0.08996438980102539
2025-11-29 20:32:00,3.0,3.0768373,3,0.07683730125427246
2025-11-29 20:33:00,3.0,3.0203145,3,0.020314455032348633
2025-11-29 20:34:00,3.0,3.107529,3,0.1075289249420166
2025-11-29 20:35:00,3.0,3.1660323,3,0.1660323143005371
2025-11-29 20:36:00,3.0,3.014413,3,0.014413118362426758
2025-11-29 20:37:00,3.0,2.9696667,3,-0.030333280563354492
2025-11-29 20:38:00,3.0,2.9876344,3,-0.012365579605102539
2025-11-29 20:39:00,3.0,2.9764473,3,-0.023552656173706055
2025-11-29 20:40:00,3.0,3.1545417,3,0.1545417308807373
2025-11-29 20:41:00,3.0,2.9108226,3,-0.08917737007141113
2025-11-29 20:42:00,3.0,2.94782,3,-0.05218005180358887
2025-11-29 20:43:00,3.0,2.8986223,3,-0.10137772560119629
2025-11-29 20:44:00,3.0,2.8527613,3,-0.14723873138427734
2025-11-29 20:45:00,3.0,2.8839166,3,-0.11608338356018066
2025-11-29 20:46:00,3.0,2.9761896,3,-0.023810386657714844
2025-11-29 20:47:00,3.0,2.8209956,3,-0.17900443077087402
2025-11-29 20:48:00,3.0,2.9130583,3,-0.08694171905517578
2025-11-29 20:49:00,3.0,3.0294802,3,0.0294802188873291
2025-11-29 20:50:00,3.0,3.0620136,3,0.06201362609863281
2025-11-29 20:51:00,3.0,3.0724642,3,0.0724642276763916
2025-11-29 20:52:00,3.0,3.022368,3,0.02236795425415039
2025-11-29 20:53:00,3.0,2.9982696,3,-0.0017304420471191406
2025-11-29 20:54:00,3.0,2.9234395,3,-0.07656049728393555
2025-11-29 20:55:00,3.0,3.1302197,3,0.1302196979522705
2025-11-29 20:56:00,3.0,3.1707234,3,0.17072343826293945
2025-11-29 20:57:00,3.0,3.459929,3,0.4599289894104004
2025-11-29 20:58:00,3.0,3.5817804,4,0.5817804336547852
2025-11-29 20:59:00,3.0,3.450943,3,0.4509429931640625
2025-11-29 21:00:00,3.0,3.2622046,3,0.262204647064209
2025-11-29 21:01:00,3.0,3.148075,3,0.14807510375976562
2025-11-29 21:02:00,3.0,3.2181785,3,0.21817851066589355
2025-11-29 21:03:00,3.0,3.1372628,3,0.13726282119750977
2025-11-29 21:04:00,3.0,3.2720172,3,0.272017240524292
2025-11-29 21:05:00,3.0,3.3318639,3,0.3318638801574707
2025-11-29 21:06:00,3.0,3.2217896,3,0.22178959846496582
2025-11-29 21:07:00,3.0,3.3864307,3,0.3864307403564453
2025-11-29 21:08:00,3.0,3.1644742,3,0.1644742488861084
2025-11-29 21:09:00,3.0,3.0688362,3,0.06883621215820312
2025-11-29 21:10:00,3.0,3.0572174,3,0.05721735954284668
2025-11-29 21:11:00,3.0,3.072348,3,0.07234811782836914
2025-11-29 21:12:00,3.0,3.127667,3,0.12766695022583008
2025-11-29 21:13:00,3.0,3.1040738,3,0.10407376289367676
2025-11-29 21:14:00,3.0,3.0506086,3,0.05060863494873047
2025-11-29 21:15:00,3.0,3.030303,3,0.030303001403808594
2025-11-29 21:16:00,3.0,3.1001756,3,0.10017561912536621
2025-11-29 21:17:00,3.0,2.997548,3,-0.0024518966674804688
2025-11-29 21:18:00,3.0,2.9981496,3,-0.0018503665924072266
2025-11-29 21:19:00,3.0,2.9208024,3,-0.07919764518737793
2025-11-29 21:20:00,3.0,3.005875,3,0.005875110626220703
2025-11-29 21:21:00,3.0,3.1027849,3,0.10278487205505371
2025-11-29 21:22:00,3.0,3.020493,3,0.020493030548095703
2025-11-29 21:23:00,3.0,2.9815779,3,-0.01842212677001953
2025-11-29 21:24:00,3.0,3.011109,3,0.011109113693237305
2025-11-29 21:25:00,3.0,2.9344847,3,-0.06551527976989746
2025-11-29 21:26:00,3.0,3.0364141,3,0.036414146423339844
2025-11-29 21:27:00,3.0,2.9348354,3,-0.06516456604003906
2025-11-29 21:28:00,3.0,2.994585,3,-0.0054149627685546875
2025-11-29 21:29:00,3.0,2.9603567,3,-0.039643287658691406
2025-11-29 21:30:00,3.0,3.0150635,3,0.01506352424621582
2025-11-29 21:31:00,3.0,2.9394379,3,-0.0605621337890625
2025-11-29 21:32:00,3.0,2.9551017,3,-0.044898271560668945
2025-11-29 21:33:00,3.0,2.9389026,3,-0.06109738349914551
2025-11-29 21:34:00,3.0,2.9836605,3,-0.016339540481567383
2025-11-29 21:35:00,3.0,2.9073448,3,-0.09265518188476562
2025-11-29 21:36:00,3.0,2.9497046,3,-0.050295352935791016
2025-11-29 21:37:00,3.0,2.9351795,3,-0.06482052803039551
2025-11-29 21:38:00,3.0,3.0091262,3,0.00912618637084961
2025-11-29 21:39:00,3.0,3.0451345,3,0.045134544372558594
2025-11-29 21:40:00,3.0,3.0954504,3,0.09545040130615234
2025-11-29 21:41:00,3.0,3.0641398,3,0.06413984298706055
2025-11-29 21:42:00,3.0,3.0999968,3,0.09999680519104004
2025-11-29 21:43:00,3.0,3.1728766,3,0.17287659645080566
2025-11-29 21:44:00,3.0,3.1588998,3,0.15889978408813477
2025-11-29 21:45:00,3.0,3.1017106,3,0.10171055793762207
2025-11-29 21:46:00,3.0,3.0836947,3,0.0836946964263916
2025-11-29 21:47:00,3.0,3.1659784,3,0.16597843170166016
2025-11-29 21:48:00,3.0,3.1084025,3,0.10840249061584473
2025-11-29 21:49:00,3.0,3.0888927,3,0.08889269828796387
2025-11-29 21:50:00,3.0,3.0873907,3,0.08739066123962402
2025-11-29 21:51:00,3.0,3.031416,3,0.03141593933105469
2025-11-29 21:52:00,3.0,2.996599,3,-0.003401041030883789
2025-11-29 21:53:00,3.0,2.941862,3,-0.05813789367675781
2025-11-29 21:54:00,3.0,2.9686148,3,-0.031385183334350586
2025-11-29 21:55:00,3.0,3.014824,3,0.01482391357421875
2025-11-29 21:56:00,3.0,3.0466478,3,0.04664778709411621
2025-11-29 21:57:00,3.0,3.1029716,3,0.10297155380249023
2025-11-29 21:58:00,3.0,3.0437248,3,0.043724775314331055
2025-11-29 21:59:00,3.0,3.0728047,3,0.07280468940734863
2025-11-29 22:00:00,3.0,3.0620377,3,0.06203770637512207
2025-11-29 22:01:00,3.0,3.0451088,3,0.045108795166015625
2025-11-29 22:02:00,3.0,3.1759028,3,0.1759028434753418
2025-11-29 22:03:00,3.0,3.141108,3,0.14110803604125977
2025-11-29 22:04:00,3.0,3.0747972,3,0.07479715347290039
2025-11-29 22:05:00,3.0,3.0310555,3,0.031055450439453125
2025-11-29 22:06:00,3.0,3.0286672,3,0.028667211532592773
2025-11-29 22:07:00,3.0,2.9790015,3,-0.020998477935791016
2025-11-29 22:08:00,3.0,3.0504546,3,0.05045461654663086
2025-11-29 22:09:00,3.0,2.9088588,3,-0.0911412239074707
2025-11-29 22:10:00,3.0,3.087494,3,0.087493896484375
2025-11-29 22:11:00,3.0,2.9419565,3,-0.058043479919433594
2025-11-29 22:12:00,3.0,3.0964327,3,0.09643268585205078
2025-11-29 22:13:00,3.0,3.017115,3,0.017115116119384766
2025-11-29 22:14:00,3.0,2.9752643,3,-0.024735689163208008
2025-11-29 22:15:00,3.0,2.929634,3,-0.07036590576171875
2025-11-29 22:16:00,3.0,2.9157073,3,-0.08429265022277832
2025-11-29 22:17:00,3.0,2.8895762,3,-0.11042380332946777
2025-11-29 22:18:00,3.0,2.9774296,3,-0.022570371627807617
2025-11-29 22:19:00,3.0,2.971391,3,-0.028609037399291992
2025-11-29 22:20:00,3.0,2.9767685,3,-0.02323150634765625
2025-11-29 22:21:00,3.0,2.991132,3,-0.008867979049682617
2025-11-29 22:22:00,3.0,2.9053082,3,-0.09469175338745117
2025-11-29 22:23:00,3.0,2.940372,3,-0.05962800979614258
2025-11-29 22:24:00,3.0,2.955929,3,-0.04407095909118652
2025-11-29 22:25:00,3.0,2.9430952,3,-0.05690479278564453
2025-11-29 22:26:00,3.0,3.0448093,3,0.04480934143066406
2025-11-29 22:27:00,3.0,3.0252924,3,0.025292396545410156
2025-11-29 22:28:00,3.0,3.062342,3,0.062341928482055664
2025-11-29 22:29:00,3.0,3.1204584,3,0.12045836448669434
2025-11-29 22:30:00,3.0,3.2077227,3,0.20772266387939453
2025-11-29 22:31:00,3.0,3.281486,3,0.28148603439331055
2025-11-29 22:32:00,3.0,3.393804,3,0.39380407333374023
2025-11-29 22:33:00,3.0,3.5862322,4,0.5862321853637695
2025-11-29 22:34:00,3.0,3.5889971,4,0.5889971256256104
2025-11-29 22:35:00,3.0,3.4274154,3,0.4274153709411621
2025-11-29 22:36:00,3.0,3.288111,3,0.28811097145080566
2025-11-29 22:37:00,3.0,3.2118933,3,0.21189332008361816
2025-11-29 22:38:00,3.0,3.2739158,3,0.27391576766967773
2025-11-29 22:39:00,3.0,3.3720672,3,0.3720672130584717
2025-11-29 22:40:00,3.0,3.37803,3,0.37803006172180176
2025-11-29 22:41:00,3.0,3.3354106,3,0.33541059494018555
2025-11-29 22:42:00,3.0,3.3130598,3,0.31305980682373047
2025-11-29 22:43:00,3.0,3.210075,3,0.21007490158081055
2025-11-29 22:44:00,3.0,3.1186304,3,0.11863040924072266
2025-11-29 22:45:00,3.0,3.1498637,3,0.14986371994018555
2025-11-29 22:46:00,3.0,2.9891834,3,-0.010816574096679688
2025-11-29 22:47:00,3.0,3.0752091,3,0.07520914077758789
2025-11-29 22:48:00,3.0,2.9492412,3,-0.05075883865356445
2025-11-29 22:49:00,3.0,2.9187167,3,-0.0812833309173584
2025-11-29 22:50:00,3.0,2.859129,3,-0.1408710479736328
2025-11-29 22:51:00,3.0,2.8759103,3,-0.12408971786499023
2025-11-29 22:52:00,3.0,2.8838778,3,-0.11612224578857422
2025-11-29 22:53:00,3.0,2.6368275,3,-0.3631725311279297
2025-11-29 22:54:00,3.0,2.8582082,3,-0.14179182052612305
2025-11-29 22:55:00,3.0,2.7583969,3,-0.24160313606262207
2025-11-29 22:56:00,3.0,2.905256,3,-0.09474396705627441
2025-11-29 22:57:00,3.0,2.7628424,3,-0.23715758323669434
2025-11-29 22:58:00,3.0,2.8178577,3,-0.1821422576904297
2025-11-29 22:59:00,3.0,2.895313,3,-0.10468697547912598
2025-11-29 23:00:00,3.0,2.7984545,3,-0.20154547691345215
2025-11-29 23:01:00,3.0,2.8329794,3,-0.16702055931091309
2025-11-29 23:02:00,3.0,2.9188986,3,-0.0811014175415039
2025-11-29 23:03:00,3.0,2.8043282,3,-0.19567179679870605
2025-11-29 23:04:00,3.0,2.7793021,3,-0.22069787979125977
2025-11-29 23:05:00,3.0,2.719764,3,-0.28023600578308105
2025-11-29 23:06:00,3.0,2.7117293,3,-0.2882707118988037
2025-11-29 23:07:00,3.0,2.8942747,3,-0.10572528839111328
2025-11-29 23:08:00,3.0,2.8127515,3,-0.18724846839904785
2025-11-29 23:09:00,3.0,2.8910224,3,-0.1089775562286377
2025-11-29 23:10:00,3.0,2.9251416,3,-0.07485842704772949
2025-11-29 23:11:00,3.0,2.9023788,3,-0.09762120246887207
2025-11-29 23:12:00,3.0,3.0326302,3,0.032630205154418945
2025-11-29 23:13:00,3.0,2.93511,3,-0.06488990783691406
2025-11-29 23:14:00,3.0,2.9788055,3,-0.0211944580078125
2025-11-29 23:15:00,3.0,2.8739724,3,-0.12602758407592773
2025-11-29 23:16:00,3.0,2.9590538,3,-0.040946245193481445
2025-11-29 23:17:00,3.0,3.0497866,3,0.04978656768798828
2025-11-29 23:18:00,3.0,2.9355338,3,-0.06446623802185059
2025-11-29 23:19:00,3.0,2.9919395,3,-0.008060455322265625
2025-11-29 23:20:00,3.0,2.9262178,3,-0.07378220558166504
2025-11-29 23:21:00,3.0,2.932627,3,-0.06737303733825684
2025-11-29 23:22:00,3.0,2.9390018,3,-0.06099820137023926
2025-11-29 23:23:00,3.0,2.8398213,3,-0.16017866134643555
2025-11-29 23:24:00,3.0,2.8765473,3,-0.12345266342163086
2025-11-29 23:25:00,2.0,2.7829506,3,0.7829506397247314
2025-11-29 23:26:00,2.0,2.9691572,3,0.9691572189331055
2025-11-29 23:27:00,2.0,2.7157896,3,0.7157895565032959
2025-11-29 23:28:00,2.0,2.5971637,3,0.5971636772155762
2025-11-29 23:29:00,2.0,2.588014,3,0.5880138874053955
2025-11-29 23:30:00,2.0,2.5160608,3,0.5160608291625977
2025-11-29 23:31:00,2.0,2.4751153,2,0.4751152992248535
2025-11-29 23:32:00,2.0,2.537667,3,0.5376670360565186
2025-11-29 23:33:00,2.0,2.441046,2,0.44104599952697754
2025-11-29 23:34:00,2.0,2.5204022,3,0.520402193069458
2025-11-29 23:35:00,2.0,2.4537241,2,0.4537241458892822
2025-11-29 23:36:00,2.0,2.4332056,2,0.43320560455322266
2025-11-29 23:37:00,2.0,2.4414983,2,0.4414982795715332
2025-11-29 23:38:00,2.0,2.3295171,2,0.329517126083374
2025-11-29 23:39:00,2.0,2.2990453,2,0.2990453243255615
2025-11-29 23:40:00,2.0,2.2103786,2,0.21037864685058594
2025-11-29 23:41:00,2.0,2.357679,2,0.3576788902282715
2025-11-29 23:42:00,2.0,2.25991,2,0.25991010665893555
2025-11-29 23:43:00,2.0,2.272703,2,0.2727029323577881
2025-11-29 23:44:00,2.0,2.3836138,2,0.38361382484436035
2025-11-29 23:45:00,2.0,2.3183343,2,0.31833434104919434
2025-11-29 23:46:00,2.0,2.2386622,2,0.2386622428894043
2025-11-29 23:47:00,2.0,2.2499313,2,0.24993133544921875
2025-11-29 23:48:00,2.0,2.2163672,2,0.21636724472045898
2025-11-29 23:49:00,2.0,2.2806535,2,0.2806534767150879
2025-11-29 23:50:00,2.0,2.2798564,2,0.27985644340515137
2025-11-29 23:51:00,2.0,2.2283764,2,0.2283763885498047
2025-11-29 23:52:00,2.0,2.2659068,2,0.26590681076049805
2025-11-29 23:53:00,2.0,1.9762411,2,-0.023758888244628906
2025-11-29 23:54:00,2.0,2.3444667,2,0.3444666862487793
2025-11-29 23:55:00,2.0,2.2191217,2,0.21912169456481934
2025-11-29 23:56:00,2.0,2.3107455,2,0.3107454776763916
2025-11-29 23:57:00,2.0,2.2645888,2,0.2645888328552246
2025-11-29 23:58:00,2.0,2.2853067,2,0.2853066921234131
2025-11-29 23:59:00,2.0,2.106946,2,0.10694599151611328
2025-11-30 00:00:00,2.0,2.2241192,2,0.2241191864013672
2025-11-30 00:01:00,2.0,2.274022,2,0.27402210235595703
2025-11-30 00:02:00,2.0,2.2068307,2,0.20683073997497559
2025-11-30 00:03:00,2.0,2.264622,2,0.2646219730377197
2025-11-30 00:04:00,2.0,2.2379737,2,0.23797369003295898
2025-11-30 00:05:00,2.0,2.2129707,2,0.21297073364257812
2025-11-30 00:06:00,2.0,2.256144,2,0.25614404678344727
2025-11-30 00:07:00,2.0,2.2391915,2,0.23919153213500977
2025-11-30 00:08:00,2.0,2.1779027,2,0.1779026985168457
2025-11-30 00:09:00,2.0,2.1881151,2,0.18811511993408203
2025-11-30 00:10:00,2.0,2.2810745,2,0.28107452392578125
2025-11-30 00:11:00,2.0,2.221419,2,0.221419095993042
2025-11-30 00:12:00,2.0,2.255813,2,0.2558128833770752
2025-11-30 00:13:00,2.0,2.29043,2,0.29043006896972656
2025-11-30 00:14:00,2.0,2.3422792,2,0.34227919578552246
2025-11-30 00:15:00,2.0,2.315363,2,0.31536293029785156
2025-11-30 00:16:00,2.0,2.2495596,2,0.24955964088439941
2025-11-30 00:17:00,2.0,2.3471909,2,0.34719085693359375
2025-11-30 00:18:00,2.0,2.2881737,2,0.2881736755371094
2025-11-30 00:19:00,2.0,2.2591567,2,0.2591567039489746
2025-11-30 00:20:00,2.0,2.3585763,2,0.35857629776000977
2025-11-30 00:21:00,2.0,2.2636971,2,0.26369714736938477
2025-11-30 00:22:00,2.0,2.2872992,2,0.28729915618896484
2025-11-30 00:23:00,2.0,2.3471663,2,0.3471662998199463
2025-11-30 00:24:00,2.0,2.341541,2,0.341541051864624
2025-11-30 00:25:00,2.0,2.370267,2,0.3702669143676758
2025-11-30 00:26:00,2.0,2.3634846,2,0.36348462104797363
2025-11-30 00:27:00,2.0,2.3463259,2,0.3463258743286133
2025-11-30 00:28:00,2.0,2.367916,2,0.3679161071777344
2025-11-30 00:29:00,2.0,2.4214478,2,0.42144775390625
2025-11-30 00:30:00,2.0,2.4437456,2,0.44374561309814453
2025-11-30 00:31:00,3.0,2.560818,3,-0.4391820430755615
2025-11-30 00:32:00,4.0,2.6370978,3,-1.3629021644592285
2025-11-30 00:33:00,4.0,3.2631357,3,-0.7368643283843994
2025-11-30 00:34:00,4.0,3.9096,4,-0.09039998054504395
2025-11-30 00:35:00,4.0,3.6549706,4,-0.345029354095459
2025-11-30 00:36:00,4.0,4.01972,4,0.019720077514648438
2025-11-30 00:37:00,4.0,3.9668272,4,-0.0331728458404541
2025-11-30 00:38:00,4.0,3.724055,4,-0.27594494819641113
2025-11-30 00:39:00,4.0,3.8351853,4,-0.16481471061706543
2025-11-30 00:40:00,4.0,3.8547676,4,-0.1452324390411377
2025-11-30 00:41:00,4.0,3.9596071,4,-0.04039287567138672
2025-11-30 00:42:00,2.0,3.962142,4,1.962141990661621
2025-11-30 00:43:00,2.0,4.145452,4,2.1454520225524902
2025-11-30 00:44:00,2.0,3.0458002,3,1.0458002090454102
2025-11-30 00:45:00,2.0,2.9750524,3,0.9750523567199707
2025-11-30 00:46:00,2.0,2.8045669,3,0.8045668601989746
2025-11-30 00:47:00,2.0,2.723175,3,0.723175048828125
2025-11-30 00:48:00,2.0,2.6197414,3,0.6197414398193359
2025-11-30 00:49:00,2.0,2.5907218,3,0.590721845626831
2025-11-30 00:50:00,2.0,2.5362976,3,0.5362975597381592
2025-11-30 00:51:00,2.0,2.5813127,3,0.5813126564025879
2025-11-30 00:52:00,2.0,2.543905,3,0.5439050197601318
2025-11-30 00:53:00,2.0,2.4595451,2,0.4595451354980469
2025-11-30 00:54:00,2.0,2.5095305,3,0.5095305442810059
2025-11-30 00:55:00,2.0,2.329591,2,0.3295910358428955
2025-11-30 00:56:00,2.0,2.3847277,2,0.38472771644592285
2025-11-30 00:57:00,2.0,2.394968,2,0.39496803283691406
2025-11-30 00:58:00,2.0,2.2673557,2,0.26735568046569824
2025-11-30 00:59:00,2.0,2.2607481,2,0.26074814796447754
2025-11-30 01:00:00,2.0,2.2234337,2,0.2234337329864502
2025-11-30 01:01:00,2.0,2.1762264,2,0.17622637748718262
2025-11-30 01:02:00,2.0,2.2620673,2,0.2620673179626465
2025-11-30 01:03:00,2.0,2.179463,2,0.17946290969848633
2025-11-30 01:04:00,2.0,2.304987,2,0.30498695373535156
2025-11-30 01:05:00,2.0,2.2697532,2,0.26975321769714355
2025-11-30 01:06:00,2.0,2.230106,2,0.23010611534118652
2025-11-30 01:07:00,2.0,2.2255273,2,0.22552728652954102
2025-11-30 01:08:00,2.0,2.2261739,2,0.22617387771606445
2025-11-30 01:09:00,2.0,2.1474626,2,0.1474626064300537
2025-11-30 01:10:00,2.0,2.0357597,2,0.035759687423706055
2025-11-30 01:11:00,2.0,2.2065508,2,0.20655083656311035
2025-11-30 01:12:00,2.0,2.184817,2,0.18481707572937012
2025-11-30 01:13:00,2.0,2.2926364,2,0.2926363945007324
2025-11-30 01:14:00,2.0,2.3138256,2,0.3138256072998047
2025-11-30 01:15:00,2.0,2.2930002,2,0.2930002212524414
2025-11-30 01:16:00,2.0,2.1656578,2,0.16565775871276855
2025-11-30 01:17:00,2.0,2.3569896,2,0.35698962211608887
2025-11-30 01:18:00,2.0,2.3196216,2,0.31962156295776367
2025-11-30 01:19:00,2.0,2.3094718,2,0.30947184562683105
2025-11-30 01:20:00,2.0,2.280044,2,0.2800440788269043
2025-11-30 01:21:00,2.0,2.194075,2,0.1940751075744629
2025-11-30 01:22:00,2.0,2.281503,2,0.28150296211242676
2025-11-30 01:23:00,2.0,2.2649183,2,0.26491832733154297
2025-11-30 01:24:00,2.0,2.2950256,2,0.2950255870819092
2025-11-30 01:25:00,2.0,2.4150534,2,0.4150533676147461
2025-11-30 01:26:00,2.0,2.3335412,2,0.3335411548614502
2025-11-30 01:27:00,2.0,2.2940722,2,0.29407215118408203
2025-11-30 01:28:00,2.0,2.3401213,2,0.3401212692260742
2025-11-30 01:29:00,2.0,2.2508137,2,0.25081372261047363
2025-11-30 01:30:00,2.0,2.2600064,2,0.2600064277648926
2025-11-30 01:31:00,2.0,2.249095,2,0.24909496307373047
2025-11-30 01:32:00,2.0,2.1966136,2,0.19661355018615723
2025-11-30 01:33:00,2.0,2.300496,2,0.30049610137939453
2025-11-30 01:34:00,2.0,2.2971325,2,0.2971324920654297
2025-11-30 01:35:00,2.0,2.2540934,2,0.2540934085845947
2025-11-30 01:36:00,2.0,2.186821,2,0.18682098388671875
2025-11-30 01:37:00,2.0,2.058739,2,0.05873894691467285
2025-11-30 01:38:00,2.0,2.1937299,2,0.19372987747192383
2025-11-30 01:39:00,2.0,2.0918527,2,0.09185266494750977
2025-11-30 01:40:00,2.0,2.2024457,2,0.20244574546813965
2025-11-30 01:41:00,2.0,2.2342374,2,0.2342374324798584
2025-11-30 01:42:00,2.0,2.2358155,2,0.23581552505493164
2025-11-30 01:43:00,2.0,2.217665,2,0.2176649570465088
2025-11-30 01:44:00,2.0,2.1421125,2,0.14211249351501465
2025-11-30 01:45:00,2.0,2.250688,2,0.2506880760192871
2025-11-30 01:46:00,2.0,2.2498868,2,0.24988675117492676
2025-11-30 01:47:00,2.0,2.2691355,2,0.2691354751586914
2025-11-30 01:48:00,2.0,2.2962217,2,0.2962217330932617
2025-11-30 01:49:00,2.0,2.3414993,2,0.34149932861328125
2025-11-30 01:50:00,2.0,2.1844285,2,0.18442845344543457
2025-11-30 01:51:00,2.0,2.3631475,2,0.363147497177124
2025-11-30 01:52:00,2.0,2.2816627,2,0.2816627025604248
2025-11-30 01:53:00,2.0,2.333181,2,0.33318090438842773
2025-11-30 01:54:00,2.0,2.3181508,2,0.31815075874328613
2025-11-30 01:55:00,2.0,2.3138409,2,0.3138408660888672
2025-11-30 01:56:00,2.0,2.334829,2,0.33482909202575684
2025-11-30 01:57:00,2.0,2.3139114,2,0.31391143798828125
2025-11-30 01:58:00,2.0,2.1956127,2,0.19561266899108887
2025-11-30 01:59:00,2.0,2.2573123,2,0.2573122978210449
2025-11-30 02:00:00,2.0,2.270662,2,0.2706620693206787
2025-11-30 02:01:00,2.0,2.253624,2,0.25362396240234375
2025-11-30 02:02:00,2.0,2.2481267,2,0.24812674522399902
2025-11-30 02:03:00,2.0,2.2453823,2,0.24538230895996094
2025-11-30 02:04:00,2.0,2.3217115,2,0.32171154022216797
2025-11-30 02:05:00,2.0,2.3338072,2,0.33380722999572754
2025-11-30 02:06:00,2.0,2.232744,2,0.2327439785003662
2025-11-30 02:07:00,2.0,2.3957007,2,0.39570069313049316
2025-11-30 02:08:00,2.0,2.2933528,2,0.2933528423309326
2025-11-30 02:09:00,2.0,2.3144841,2,0.3144841194152832
2025-11-30 02:10:00,2.0,2.3227093,2,0.322709321975708
2025-11-30 02:11:00,2.0,2.25664,2,0.2566399574279785
2025-11-30 02:12:00,2.0,2.0896711,2,0.08967113494873047
2025-11-30 02:13:00,2.0,2.1996088,2,0.19960880279541016
2025-11-30 02:14:00,2.0,2.2315724,2,0.23157238960266113
2025-11-30 02:15:00,2.0,2.317316,2,0.31731605529785156
2025-11-30 02:16:00,2.0,2.2215636,2,0.22156357765197754
2025-11-30 02:17:00,2.0,2.3988695,2,0.39886951446533203
2025-11-30 02:18:00,2.0,2.2215261,2,0.2215261459350586
2025-11-30 02:19:00,2.0,2.3365946,2,0.3365945816040039
2025-11-30 02:20:00,2.0,2.229969,2,0.22996902465820312
2025-11-30 02:21:00,2.0,2.279986,2,0.2799859046936035
2025-11-30 02:22:00,2.0,2.2982512,2,0.2982511520385742
2025-11-30 02:23:00,2.0,2.363139,2,0.36313891410827637
2025-11-30 02:24:00,2.0,2.3391,2,0.3390998840332031
2025-11-30 02:25:00,2.0,2.2797465,2,0.27974653244018555
2025-11-30 02:26:00,2.0,2.220345,2,0.22034502029418945
2025-11-30 02:27:00,2.0,2.3108013,2,0.31080126762390137
2025-11-30 02:28:00,2.0,2.1800225,2,0.1800224781036377
2025-11-30 02:29:00,2.0,2.1840124,2,0.18401241302490234
2025-11-30 02:30:00,2.0,2.3615563,2,0.3615562915802002
2025-11-30 02:31:00,2.0,2.245594,2,0.24559402465820312
2025-11-30 02:32:00,2.0,2.381138,2,0.3811380863189697
2025-11-30 02:33:00,2.0,2.312289,2,0.3122889995574951
2025-11-30 02:34:00,2.0,2.3376107,2,0.33761072158813477
2025-11-30 02:35:00,2.0,2.299877,2,0.2998769283294678
2025-11-30 02:36:00,2.0,2.2962358,2,0.2962357997894287
2025-11-30 02:37:00,2.0,2.280029,2,0.2800290584564209
2025-11-30 02:38:00,2.0,2.3379033,2,0.3379032611846924
2025-11-30 02:39:00,2.0,2.20894,2,0.2089400291442871
2025-11-30 02:40:00,2.0,2.190941,2,0.19094109535217285
2025-11-30 02:41:00,2.0,2.1818938,2,0.18189382553100586
2025-11-30 02:42:00,2.0,2.1527538,2,0.1527538299560547
2025-11-30 02:43:00,2.0,2.2112427,2,0.21124267578125
2025-11-30 02:44:00,2.0,2.2555957,2,0.25559568405151367
2025-11-30 02:45:00,2.0,2.3166602,2,0.31666016578674316
2025-11-30 02:46:00,2.0,2.257722,2,0.2577219009399414
2025-11-30 02:47:00,2.0,2.3486118,2,0.34861183166503906
2025-11-30 02:48:00,2.0,2.2683268,2,0.2683267593383789
2025-11-30 02:49:00,2.0,2.1813762,2,0.18137621879577637
2025-11-30 02:50:00,2.0,2.2145588,2,0.21455883979797363
2025-11-30 02:51:00,2.0,2.149915,2,0.14991497993469238
2025-11-30 02:52:00,2.0,2.3028278,2,0.3028278350830078
2025-11-30 02:53:00,2.0,2.3080132,2,0.3080132007598877
2025-11-30 02:54:00,2.0,2.1639378,2,0.16393780708312988
2025-11-30 02:55:00,2.0,2.2946174,2,0.2946174144744873
2025-11-30 02:56:00,2.0,2.1917474,2,0.19174742698669434
2025-11-30 02:57:00,2.0,2.2937624,2,0.2937624454498291
2025-11-30 02:58:00,2.0,2.206923,2,0.2069230079650879
2025-11-30 02:59:00,2.0,2.1544774,2,0.15447735786437988
2025-11-30 03:00:00,2.0,2.1686134,2,0.16861343383789062
2025-11-30 03:01:00,2.0,2.062937,2,0.06293702125549316
2025-11-30 03:02:00,2.0,2.2938893,2,0.29388928413391113
2025-11-30 03:03:00,2.0,2.2281482,2,0.2281482219696045
2025-11-30 03:04:00,2.0,2.0692067,2,0.06920671463012695
2025-11-30 03:05:00,2.0,2.2681208,2,0.26812076568603516
2025-11-30 03:06:00,2.0,2.2392328,2,0.23923277854919434
2025-11-30 03:07:00,2.0,2.323122,2,0.3231220245361328
2025-11-30 03:08:00,2.0,2.3255465,2,0.3255465030670166
2025-11-30 03:09:00,2.0,2.3818333,2,0.3818333148956299
2025-11-30 03:10:00,2.0,2.3320086,2,0.33200860023498535
2025-11-30 03:11:00,2.0,2.4119346,2,0.41193461418151855
2025-11-30 03:12:00,2.0,2.3184173,2,0.3184173107147217
2025-11-30 03:13:00,2.0,2.3516936,2,0.35169363021850586
2025-11-30 03:14:00,2.0,2.2737315,2,0.2737314701080322
2025-11-30 03:15:00,2.0,2.233583,2,0.2335829734802246
2025-11-30 03:16:00,2.0,2.170434,2,0.17043399810791016
2025-11-30 03:17:00,2.0,2.2839298,2,0.28392982482910156
2025-11-30 03:18:00,2.0,2.2427583,2,0.24275827407836914
2025-11-30 03:19:00,2.0,2.1417377,2,0.141737699508667
2025-11-30 03:20:00,2.0,2.2689977,2,0.2689976692199707
2025-11-30 03:21:00,2.0,2.1424363,2,0.14243626594543457
2025-11-30 03:22:00,2.0,2.1579363,2,0.15793633460998535
2025-11-30 03:23:00,2.0,2.2339394,2,0.23393940925598145
2025-11-30 03:24:00,2.0,2.1949475,2,0.1949474811553955
2025-11-30 03:25:00,2.0,2.355339,2,0.35533905029296875
2025-11-30 03:26:00,2.0,2.281889,2,0.2818889617919922
2025-11-30 03:27:00,2.0,2.2970073,2,0.29700732231140137
2025-11-30 03:28:00,2.0,2.196324,2,0.19632411003112793
2025-11-30 03:29:00,2.0,2.2113554,2,0.21135544776916504
2025-11-30 03:30:00,2.0,2.2124348,2,0.2124347686767578
2025-11-30 03:31:00,2.0,2.19975,2,0.19974994659423828
2025-11-30 03:32:00,2.0,2.3360968,2,0.33609676361083984
2025-11-30 03:33:00,2.0,2.2354045,2,0.23540449142456055
2025-11-30 03:34:00,2.0,2.209174,2,0.20917391777038574
2025-11-30 03:35:00,2.0,2.2410994,2,0.24109935760498047
2025-11-30 03:36:00,2.0,2.205796,2,0.2057960033416748
2025-11-30 03:37:00,2.0,2.2896786,2,0.28967857360839844
2025-11-30 03:38:00,2.0,2.291544,2,0.29154396057128906
2025-11-30 03:39:00,2.0,2.3233037,2,0.3233036994934082
2025-11-30 03:40:00,2.0,2.1634328,2,0.16343283653259277
2025-11-30 03:41:00,2.0,2.0316484,2,0.03164839744567871
2025-11-30 03:42:00,2.0,2.121508,2,0.12150788307189941
2025-11-30 03:43:00,2.0,2.162115,2,0.16211509704589844
2025-11-30 03:44:00,2.0,2.0495672,2,0.049567222595214844
2025-11-30 03:45:00,2.0,2.0334907,2,0.033490657806396484
2025-11-30 03:46:00,2.0,2.0823672,2,0.0823671817779541
2025-11-30 03:47:00,2.0,2.1230674,2,0.12306737899780273
2025-11-30 03:48:00,2.0,2.18727,2,0.187269926071167
2025-11-30 03:49:00,2.0,2.1864762,2,0.1864762306213379
2025-11-30 03:50:00,2.0,2.240508,2,0.2405080795288086
2025-11-30 03:51:00,2.0,2.2992463,2,0.29924631118774414
2025-11-30 03:52:00,2.0,2.2691193,2,0.2691192626953125
2025-11-30 03:53:00,2.0,2.3478389,2,0.3478388786315918
2025-11-30 03:54:00,2.0,2.3471575,2,0.34715747833251953
2025-11-30 03:55:00,2.0,2.2585015,2,0.2585015296936035
2025-11-30 03:56:00,2.0,2.2196243,2,0.21962428092956543
2025-11-30 03:57:00,2.0,2.2998848,2,0.2998847961425781
2025-11-30 03:58:00,2.0,2.2733283,2,0.2733283042907715
2025-11-30 03:59:00,2.0,2.272782,2,0.2727820873260498
2025-11-30 04:00:00,2.0,2.3485565,2,0.3485565185546875
2025-11-30 04:01:00,2.0,2.2746053,2,0.27460527420043945
2025-11-30 04:02:00,2.0,2.2386272,2,0.23862719535827637
2025-11-30 04:03:00,2.0,2.264282,2,0.2642819881439209
2025-11-30 04:04:00,2.0,2.1908243,2,0.19082427024841309
2025-11-30 04:05:00,2.0,2.1523645,2,0.15236449241638184
2025-11-30 04:06:00,2.0,2.007294,2,0.0072939395904541016
2025-11-30 04:07:00,2.0,2.086454,2,0.08645391464233398
2025-11-30 04:08:00,2.0,2.0792494,2,0.07924938201904297
2025-11-30 04:09:00,2.0,2.2367291,2,0.23672914505004883
2025-11-30 04:10:00,2.0,2.1999357,2,0.1999356746673584
2025-11-30 04:11:00,2.0,2.29642,2,0.2964200973510742
2025-11-30 04:12:00,2.0,2.2834487,2,0.2834486961364746
2025-11-30 04:13:00,2.0,2.2962258,2,0.29622578620910645
2025-11-30 04:14:00,2.0,2.350253,2,0.3502531051635742
2025-11-30 04:15:00,2.0,2.0994747,2,0.09947466850280762
2025-11-30 04:16:00,2.0,2.1389477,2,0.1389477252960205
2025-11-30 04:17:00,2.0,2.0533571,2,0.05335712432861328
2025-11-30 04:18:00,2.0,2.0929291,2,0.09292912483215332
2025-11-30 04:19:00,2.0,2.1935809,2,0.19358086585998535
2025-11-30 04:20:00,2.0,2.116349,2,0.1163489818572998
2025-11-30 04:21:00,2.0,1.9998763,2,-0.00012373924255371094
2025-11-30 04:22:00,2.0,2.0922544,2,0.0922544002532959
2025-11-30 04:23:00,2.0,1.9853547,2,-0.01464533805847168
2025-11-30 04:24:00,2.0,1.9674189,2,-0.03258109092712402
2025-11-30 04:25:00,2.0,2.1303418,2,0.1303417682647705
2025-11-30 04:26:00,2.0,1.8365519,2,-0.16344809532165527
2025-11-30 04:27:00,2.0,2.0543532,2,0.05435323715209961
2025-11-30 04:28:00,2.0,2.2472908,2,0.24729084968566895
2025-11-30 04:29:00,2.0,2.315879,2,0.31587910652160645
2025-11-30 04:30:00,2.0,2.3966897,2,0.39668965339660645
2025-11-30 04:31:00,2.0,2.3744402,2,0.37444019317626953
2025-11-30 04:32:00,2.0,2.3845286,2,0.38452863693237305
2025-11-30 04:33:00,2.0,2.4041913,2,0.404191255569458
2025-11-30 04:34:00,2.0,2.4006772,2,0.4006772041320801
2025-11-30 04:35:00,2.0,2.4146922,2,0.4146921634674072
2025-11-30 04:36:00,2.0,2.337437,2,0.3374369144439697
2025-11-30 04:37:00,2.0,2.2537453,2,0.25374531745910645
2025-11-30 04:38:00,2.0,2.2989938,2,0.2989938259124756
2025-11-30 04:39:00,2.0,2.3274662,2,0.3274662494659424
2025-11-30 04:40:00,2.0,2.3344743,2,0.3344743251800537
2025-11-30 04:41:00,2.0,2.4454122,2,0.44541215896606445
2025-11-30 04:42:00,2.0,2.4542563,2,0.4542562961578369
2025-11-30 04:43:00,2.0,2.3703105,2,0.37031054496765137
2025-11-30 04:44:00,2.0,2.2936358,2,0.29363584518432617
2025-11-30 04:45:00,2.0,2.1917295,2,0.19172954559326172
2025-11-30 04:46:00,2.0,2.1409836,2,0.14098358154296875
2025-11-30 04:47:00,2.0,2.2193735,2,0.21937346458435059
2025-11-30 04:48:00,2.0,2.1980653,2,0.19806528091430664
2025-11-30 04:49:00,2.0,2.189511,2,0.18951106071472168
2025-11-30 04:50:00,2.0,2.1741931,2,0.1741931438446045
2025-11-30 04:51:00,2.0,2.0369923,2,0.03699231147766113
2025-11-30 04:52:00,2.0,2.214977,2,0.21497702598571777
2025-11-30 04:53:00,2.0,2.1357543,2,0.13575434684753418
2025-11-30 04:54:00,2.0,2.0783362,2,0.07833623886108398
2025-11-30 04:55:00,2.0,2.1835053,2,0.18350529670715332
2025-11-30 04:56:00,2.0,2.0799692,2,0.07996916770935059
2025-11-30 04:57:00,2.0,2.221489,2,0.22148895263671875
2025-11-30 04:58:00,2.0,2.1843102,2,0.1843101978302002
2025-11-30 04:59:00,2.0,2.1578836,2,0.1578836441040039
2025-11-30 05:00:00,2.0,2.2489512,2,0.24895119667053223
2025-11-30 05:01:00,2.0,2.1922493,2,0.19224929809570312
2025-11-30 05:02:00,2.0,2.3012252,2,0.3012251853942871
2025-11-30 05:03:00,2.0,2.2287002,2,0.2287001609802246
2025-11-30 05:04:00,2.0,2.256642,2,0.25664210319519043
2025-11-30 05:05:00,2.0,2.433275,2,0.4332749843597412
2025-11-30 05:06:00,2.0,2.1436002,2,0.1436002254486084
2025-11-30 05:07:00,2.0,2.231409,2,0.23140907287597656
2025-11-30 05:08:00,2.0,2.0713925,2,0.07139253616333008
2025-11-30 05:09:00,2.0,2.2005835,2,0.20058345794677734
2025-11-30 05:10:00,2.0,2.317808,2,0.3178079128265381
2025-11-30 05:11:00,2.0,2.1282032,2,0.1282031536102295
2025-11-30 05:12:00,2.0,2.3461561,2,0.34615612030029297
2025-11-30 05:13:00,2.0,2.2247856,2,0.22478556632995605
2025-11-30 05:14:00,2.0,2.266694,2,0.2666940689086914
2025-11-30 05:15:00,2.0,2.3252497,2,0.32524967193603516
2025-11-30 05:16:00,2.0,2.251283,2,0.2512829303741455
2025-11-30 05:17:00,2.0,2.3184288,2,0.31842875480651855
2025-11-30 05:18:00,2.0,2.3648744,2,0.36487436294555664
2025-11-30 05:19:00,2.0,2.139064,2,0.13906407356262207
2025-11-30 05:20:00,2.0,2.228634,2,0.22863411903381348
2025-11-30 05:21:00,2.0,2.2381382,2,0.23813819885253906
2025-11-30 05:22:00,2.0,2.2645864,2,0.2645864486694336
2025-11-30 05:23:00,2.0,2.0614502,2,0.06145024299621582
2025-11-30 05:24:00,2.0,2.3416436,2,0.3416435718536377
2025-11-30 05:25:00,2.0,2.201317,2,0.20131707191467285
2025-11-30 05:26:00,2.0,2.369019,2,0.3690190315246582
2025-11-30 05:27:00,2.0,2.1683223,2,0.16832232475280762
2025-11-30 05:28:00,2.0,2.3186514,2,0.3186514377593994
2025-11-30 05:29:00,2.0,2.230304,2,0.23030400276184082
2025-11-30 05:30:00,2.0,2.32461,2,0.32460999488830566
2025-11-30 05:31:00,2.0,2.2720907,2,0.2720906734466553
2025-11-30 05:32:00,2.0,2.2059734,2,0.20597338676452637
2025-11-30 05:33:00,2.0,2.2074437,2,0.2074437141418457
2025-11-30 05:34:00,2.0,2.2916718,2,0.2916717529296875
2025-11-30 05:35:00,2.0,2.2374678,2,0.23746776580810547
2025-11-30 05:36:00,2.0,2.076398,2,0.07639789581298828
2025-11-30 05:37:00,2.0,2.2090743,2,0.2090742588043213
2025-11-30 05:38:00,2.0,2.1107545,2,0.11075448989868164
2025-11-30 05:39:00,2.0,2.3454897,2,0.3454897403717041
2025-11-30 05:40:00,2.0,2.0800388,2,0.08003878593444824
2025-11-30 05:41:00,2.0,2.0712452,2,0.07124519348144531
2025-11-30 05:42:00,2.0,2.1770365,2,0.17703652381896973
2025-11-30 05:43:00,2.0,2.0205283,2,0.020528316497802734
2025-11-30 05:44:00,2.0,2.198036,2,0.19803595542907715
2025-11-30 05:45:00,2.0,2.199255,2,0.19925498962402344
2025-11-30 05:46:00,2.0,2.2720077,2,0.27200770378112793
2025-11-30 05:47:00,2.0,2.1733046,2,0.17330455780029297
2025-11-30 05:48:00,2.0,2.25588,2,0.25588011741638184
2025-11-30 05:49:00,2.0,2.0638025,2,0.06380248069763184
2025-11-30 05:50:00,2.0,2.174178,2,0.174177885055542
2025-11-30 05:51:00,2.0,2.1251006,2,0.12510061264038086
2025-11-30 05:52:00,2.0,2.2016454,2,0.2016453742980957
2025-11-30 05:53:00,2.0,2.0582333,2,0.05823326110839844
2025-11-30 05:54:00,2.0,2.3254623,2,0.32546234130859375
2025-11-30 05:55:00,2.0,2.1638298,2,0.16382980346679688
2025-11-30 05:56:00,2.0,2.3149593,2,0.3149592876434326
2025-11-30 05:57:00,2.0,2.4268594,2,0.42685937881469727
2025-11-30 05:58:00,2.0,2.225772,2,0.22577190399169922
2025-11-30 05:59:00,2.0,2.4080954,2,0.4080953598022461
2025-11-30 06:00:00,2.0,1.9088478,2,-0.09115219116210938
2025-11-30 06:01:00,2.0,2.1976867,2,0.19768667221069336
2025-11-30 06:02:00,2.0,2.0419571,2,0.04195713996887207
2025-11-30 06:03:00,2.0,2.1265252,2,0.1265251636505127
2025-11-30 06:04:00,2.0,2.1937494,2,0.19374942779541016
2025-11-30 06:05:00,2.0,2.1882508,2,0.18825078010559082
2025-11-30 06:06:00,2.0,2.1396258,2,0.13962578773498535
2025-11-30 06:07:00,2.0,2.1041663,2,0.10416626930236816
2025-11-30 06:08:00,2.0,2.239385,2,0.23938488960266113
2025-11-30 06:09:00,2.0,2.2060657,2,0.20606565475463867
2025-11-30 06:10:00,2.0,2.0946195,2,0.0946195125579834
2025-11-30 06:11:00,2.0,2.2554345,2,0.255434513092041
2025-11-30 06:12:00,2.0,2.16054,2,0.16054010391235352
2025-11-30 06:13:00,2.0,2.2253642,2,0.22536420822143555
2025-11-30 06:14:00,2.0,2.2463562,2,0.24635624885559082
2025-11-30 06:15:00,2.0,2.2205853,2,0.22058534622192383
2025-11-30 06:16:00,2.0,2.3064914,2,0.3064913749694824
2025-11-30 06:17:00,2.0,1.8213286,2,-0.17867136001586914
2025-11-30 06:18:00,2.0,2.026119,2,0.026118993759155273
2025-11-30 06:19:00,2.0,2.1334913,2,0.13349127769470215
2025-11-30 06:20:00,2.0,2.159244,2,0.15924406051635742
2025-11-30 06:21:00,2.0,2.0388696,2,0.038869619369506836
2025-11-30 06:22:00,2.0,2.1242108,2,0.12421083450317383
2025-11-30 06:23:00,2.0,2.1118722,2,0.11187219619750977
2025-11-30 06:24:00,2.0,2.1540704,2,0.15407037734985352
2025-11-30 06:25:00,2.0,2.1278698,2,0.1278698444366455
2025-11-30 06:26:00,2.0,2.0518258,2,0.051825761795043945
2025-11-30 06:27:00,2.0,2.2483377,2,0.2483377456665039
2025-11-30 06:28:00,2.0,2.143479,2,0.1434791088104248
2025-11-30 06:29:00,2.0,2.162531,2,0.16253089904785156
2025-11-30 06:30:00,2.0,2.237767,2,0.23776698112487793
2025-11-30 06:31:00,2.0,2.2017722,2,0.20177221298217773
2025-11-30 06:32:00,2.0,2.074429,2,0.07442903518676758
2025-11-30 06:33:00,2.0,2.242352,2,0.24235200881958008
2025-11-30 06:34:00,2.0,2.2111974,2,0.2111973762512207
2025-11-30 06:35:00,2.0,2.2100134,2,0.21001338958740234
2025-11-30 06:36:00,2.0,2.233968,2,0.23396801948547363
2025-11-30 06:37:00,2.0,2.1902373,2,0.19023728370666504
2025-11-30 06:38:00,2.0,2.3270242,2,0.3270242214202881
2025-11-30 06:39:00,2.0,2.2407782,2,0.24077820777893066
2025-11-30 06:40:00,2.0,2.2906768,2,0.2906768321990967
2025-11-30 06:41:00,2.0,2.250011,2,0.25001096725463867
2025-11-30 06:42:00,2.0,2.1232054,2,0.12320542335510254
2025-11-30 06:43:00,2.0,2.264845,2,0.2648448944091797
2025-11-30 06:44:00,2.0,2.4002974,2,0.4002974033355713
2025-11-30 06:45:00,2.0,2.1719582,2,0.17195820808410645
2025-11-30 06:46:00,2.0,2.331266,2,0.331265926361084
2025-11-30 06:47:00,2.0,2.3428087,2,0.34280872344970703
2025-11-30 06:48:00,2.0,2.0996811,2,0.09968113899230957
2025-11-30 06:49:00,2.0,2.174041,2,0.1740410327911377
2025-11-30 06:50:00,2.0,2.1654472,2,0.16544723510742188
2025-11-30 06:51:00,2.0,2.223961,2,0.22396111488342285
2025-11-30 06:52:00,2.0,2.1013818,2,0.10138177871704102
2025-11-30 06:53:00,2.0,2.175218,2,0.1752181053161621
2025-11-30 06:54:00,2.0,2.1708405,2,0.17084050178527832
2025-11-30 06:55:00,2.0,2.052266,2,0.05226588249206543
2025-11-30 06:56:00,2.0,2.014689,2,0.014688968658447266
2025-11-30 06:57:00,2.0,2.068863,2,0.0688629150390625
2025-11-30 06:58:00,2.0,2.1593084,2,0.15930843353271484
2025-11-30 06:59:00,2.0,2.2229958,2,0.22299575805664062
2025-11-30 07:00:00,2.0,2.2269874,2,0.22698736190795898
2025-11-30 07:01:00,2.0,2.3568704,2,0.3568704128265381
2025-11-30 07:02:00,2.0,2.3484612,2,0.3484611511230469
2025-11-30 07:03:00,2.0,2.338747,2,0.3387470245361328
2025-11-30 07:04:00,2.0,2.3827918,2,0.38279175758361816
2025-11-30 07:05:00,2.0,2.2729383,2,0.27293825149536133
2025-11-30 07:06:00,2.0,2.233764,2,0.2337639331817627
2025-11-30 07:07:00,2.0,2.2527912,2,0.252791166305542
2025-11-30 07:08:00,2.0,2.3475766,2,0.3475766181945801
2025-11-30 07:09:00,2.0,2.4127045,2,0.4127044677734375
2025-11-30 07:10:00,2.0,2.2141635,2,0.21416354179382324
2025-11-30 07:11:00,2.0,2.289612,2,0.2896120548248291
2025-11-30 07:12:00,2.0,2.2545536,2,0.25455355644226074
2025-11-30 07:13:00,2.0,2.3058827,2,0.30588269233703613
2025-11-30 07:14:00,2.0,2.2586763,2,0.25867629051208496
2025-11-30 07:15:00,2.0,2.2889216,2,0.288921594619751
2025-11-30 07:16:00,2.0,2.235783,2,0.23578310012817383
2025-11-30 07:17:00,2.0,2.3511958,2,0.3511958122253418
2025-11-30 07:18:00,2.0,2.3128445,2,0.31284451484680176
2025-11-30 07:19:00,2.0,2.3296907,2,0.32969069480895996
2025-11-30 07:20:00,2.0,2.3130205,2,0.3130204677581787
2025-11-30 07:21:00,2.0,2.369346,2,0.36934590339660645
2025-11-30 07:22:00,2.0,2.2849967,2,0.28499674797058105
2025-11-30 07:23:00,2.0,2.3546705,2,0.35467052459716797
2025-11-30 07:24:00,2.0,2.3387027,2,0.3387026786804199
2025-11-30 07:25:00,2.0,2.2946222,2,0.29462218284606934
2025-11-30 07:26:00,2.0,2.33075,2,0.3307499885559082
2025-11-30 07:27:00,2.0,2.2761621,2,0.27616214752197266
2025-11-30 07:28:00,2.0,2.3425086,2,0.34250855445861816
2025-11-30 07:29:00,2.0,2.16877,2,0.16877007484436035
2025-11-30 07:30:00,2.0,2.2050245,2,0.20502448081970215
2025-11-30 07:31:00,2.0,2.2320566,2,0.2320566177368164
2025-11-30 07:32:00,2.0,2.278898,2,0.2788980007171631
2025-11-30 07:33:00,2.0,2.276157,2,0.2761569023132324
2025-11-30 07:34:00,2.0,2.2200494,2,0.22004938125610352
2025-11-30 07:35:00,2.0,2.3514552,2,0.3514552116394043
2025-11-30 07:36:00,2.0,2.2112286,2,0.211228609085083
2025-11-30 07:37:00,2.0,2.2543676,2,0.2543675899505615
2025-11-30 07:38:00,2.0,2.3072073,2,0.3072073459625244
2025-11-30 07:39:00,2.0,2.27661,2,0.2766098976135254
2025-11-30 07:40:00,2.0,2.3193598,2,0.31935977935791016
2025-11-30 07:41:00,2.0,2.250745,2,0.2507450580596924
2025-11-30 07:42:00,2.0,2.277522,2,0.27752208709716797
2025-11-30 07:43:00,2.0,2.259799,2,0.2597990036010742
2025-11-30 07:44:00,2.0,2.2751336,2,0.2751336097717285
2025-11-30 07:45:00,2.0,2.2558036,2,0.25580358505249023
2025-11-30 07:46:00,2.0,2.2450397,2,0.245039701461792
2025-11-30 07:47:00,2.0,2.157405,2,0.15740489959716797
2025-11-30 07:48:00,2.0,2.266164,2,0.26616406440734863
2025-11-30 07:49:00,2.0,2.1681106,2,0.16811060905456543
2025-11-30 07:50:00,2.0,2.1886876,2,0.18868756294250488
2025-11-30 07:51:00,2.0,2.230954,2,0.23095393180847168
2025-11-30 07:52:00,2.0,2.3467042,2,0.34670424461364746
2025-11-30 07:53:00,2.0,2.3246844,2,0.32468438148498535
2025-11-30 07:54:00,2.0,2.311046,2,0.31104588508605957
2025-11-30 07:55:00,2.0,2.277816,2,0.2778160572052002
2025-11-30 07:56:00,2.0,2.3462348,2,0.3462347984313965
2025-11-30 07:57:00,2.0,2.22517,2,0.22516989707946777
2025-11-30 07:58:00,2.0,2.1507936,2,0.15079355239868164
2025-11-30 07:59:00,2.0,2.2356408,2,0.2356407642364502
2025-11-30 08:00:00,2.0,2.2432826,2,0.24328255653381348
2025-11-30 08:01:00,2.0,2.3437743,2,0.34377431869506836
2025-11-30 08:02:00,2.0,2.3326988,2,0.3326988220214844
2025-11-30 08:03:00,2.0,2.3612382,2,0.3612382411956787
2025-11-30 08:04:00,2.0,2.3356009,2,0.3356008529663086
2025-11-30 08:05:00,2.0,2.345558,2,0.34555792808532715
2025-11-30 08:06:00,2.0,2.2867944,2,0.28679442405700684
2025-11-30 08:07:00,2.0,2.2693293,2,0.269329309463501
2025-11-30 08:08:00,2.0,2.2809544,2,0.28095436096191406
2025-11-30 08:09:00,2.0,2.3667266,2,0.3667266368865967
2025-11-30 08:10:00,2.0,2.3207219,2,0.3207218647003174
2025-11-30 08:11:00,2.0,2.293951,2,0.29395103454589844
2025-11-30 08:12:00,2.0,2.2529047,2,0.25290465354919434
2025-11-30 08:13:00,2.0,2.2342591,2,0.23425912857055664
2025-11-30 08:14:00,2.0,2.3051536,2,0.30515360832214355
2025-11-30 08:15:00,2.0,2.228634,2,0.22863411903381348
2025-11-30 08:16:00,2.0,2.246551,2,0.2465510368347168
2025-11-30 08:17:00,2.0,2.3498576,2,0.3498575687408447
2025-11-30 08:18:00,2.0,2.1977108,2,0.19771075248718262
2025-11-30 08:19:00,2.0,2.34436,2,0.3443601131439209
2025-11-30 08:20:00,2.0,2.2512903,2,0.25129032135009766
2025-11-30 08:21:00,2.0,2.2013788,2,0.20137882232666016
2025-11-30 08:22:00,2.0,2.2657619,2,0.2657618522644043
2025-11-30 08:23:00,2.0,2.1925397,2,0.19253969192504883
2025-11-30 08:24:00,2.0,2.2162242,2,0.21622419357299805
2025-11-30 08:25:00,2.0,2.1136856,2,0.11368560791015625
2025-11-30 08:26:00,2.0,2.2493165,2,0.24931645393371582
2025-11-30 08:27:00,2.0,2.2043116,2,0.20431160926818848
2025-11-30 08:28:00,2.0,2.2475278,2,0.2475278377532959
2025-11-30 08:29:00,2.0,2.2395084,2,0.23950839042663574
2025-11-30 08:30:00,2.0,2.285299,2,0.28529906272888184
2025-11-30 08:31:00,2.0,2.2835333,2,0.28353333473205566
2025-11-30 08:32:00,2.0,2.2180383,2,0.21803832054138184
2025-11-30 08:33:00,2.0,2.233352,2,0.2333519458770752
2025-11-30 08:34:00,2.0,2.1986282,2,0.19862818717956543
2025-11-30 08:35:00,2.0,2.1841528,2,0.18415284156799316
2025-11-30 08:36:00,2.0,2.2543683,2,0.25436830520629883
2025-11-30 08:37:00,2.0,2.2955775,2,0.2955775260925293
2025-11-30 08:38:00,2.0,2.3863518,2,0.3863518238067627
2025-11-30 08:39:00,2.0,2.3587804,2,0.3587803840637207
2025-11-30 08:40:00,2.0,2.4231644,2,0.42316436767578125
2025-11-30 08:41:00,2.0,2.3775785,2,0.3775784969329834
2025-11-30 08:42:00,2.0,2.3331327,2,0.3331327438354492
2025-11-30 08:43:00,2.0,2.359694,2,0.3596940040588379
2025-11-30 08:44:00,2.0,2.3716257,2,0.3716256618499756
2025-11-30 08:45:00,2.0,2.4092996,2,0.4092996120452881
2025-11-30 08:46:00,2.0,2.3571854,2,0.35718536376953125
2025-11-30 08:47:00,2.0,2.425103,2,0.42510294914245605
2025-11-30 08:48:00,2.0,2.3990493,2,0.3990492820739746
2025-11-30 08:49:00,2.0,2.3858144,2,0.3858144283294678
2025-11-30 08:50:00,2.0,2.4296107,2,0.4296107292175293
2025-11-30 08:51:00,2.0,2.4358242,2,0.4358241558074951
2025-11-30 08:52:00,2.0,2.377506,2,0.3775060176849365
2025-11-30 08:53:00,2.0,2.3255641,2,0.3255641460418701
2025-11-30 08:54:00,2.0,2.364015,2,0.3640151023864746
2025-11-30 08:55:00,2.0,2.3322382,2,0.33223819732666016
2025-11-30 08:56:00,2.0,2.2523046,2,0.2523045539855957
2025-11-30 08:57:00,2.0,2.3151307,2,0.31513071060180664
2025-11-30 08:58:00,2.0,2.3811662,2,0.3811662197113037
2025-11-30 08:59:00,2.0,2.2844815,2,0.2844815254211426
2025-11-30 09:00:00,2.0,2.3930523,2,0.393052339553833
2025-11-30 09:01:00,2.0,2.2521887,2,0.25218868255615234
2025-11-30 09:02:00,2.0,2.2401001,2,0.24010014533996582
2025-11-30 09:03:00,2.0,2.1912997,2,0.1912996768951416
2025-11-30 09:04:00,2.0,2.3538766,2,0.35387659072875977
2025-11-30 09:05:00,2.0,2.3023813,2,0.3023812770843506
2025-11-30 09:06:00,2.0,2.4056556,2,0.4056556224822998
2025-11-30 09:07:00,2.0,2.4380968,2,0.4380967617034912
2025-11-30 09:08:00,2.0,2.456165,2,0.456165075302124
2025-11-30 09:09:00,2.0,2.4752066,2,0.4752066135406494
2025-11-30 09:10:00,2.0,2.368883,2,0.3688828945159912
2025-11-30 09:11:00,2.0,2.3637426,2,0.3637425899505615
2025-11-30 09:12:00,2.0,2.315254,2,0.31525397300720215
2025-11-30 09:13:00,2.0,2.358609,2,0.3586089611053467
2025-11-30 09:14:00,2.0,2.3852997,2,0.3852996826171875
2025-11-30 09:15:00,2.0,2.4143403,2,0.4143402576446533
2025-11-30 09:16:00,2.0,2.3737175,2,0.3737175464630127
2025-11-30 09:17:00,2.0,2.3536696,2,0.3536696434020996
2025-11-30 09:18:00,2.0,2.3772283,2,0.3772282600402832
2025-11-30 09:19:00,2.0,2.2346983,2,0.23469829559326172
2025-11-30 09:20:00,2.0,2.2950785,2,0.2950785160064697
2025-11-30 09:21:00,2.0,2.3219786,2,0.3219785690307617
2025-11-30 09:22:00,2.0,2.1771002,2,0.17710018157958984
2025-11-30 09:23:00,2.0,2.27107,2,0.2710700035095215
2025-11-30 09:24:00,2.0,2.226909,2,0.22690892219543457
2025-11-30 09:25:00,2.0,2.30183,2,0.3018300533294678
2025-11-30 09:26:00,2.0,2.2236085,2,0.22360849380493164
2025-11-30 09:27:00,2.0,2.2318437,2,0.2318437099456787
2025-11-30 09:28:00,2.0,2.2897382,2,0.28973817825317383
2025-11-30 09:29:00,2.0,2.2774823,2,0.277482271194458
2025-11-30 09:30:00,2.0,2.3496928,2,0.34969282150268555
2025-11-30 09:31:00,2.0,2.3662472,2,0.36624717712402344
2025-11-30 09:32:00,2.0,2.4350505,2,0.43505048751831055
2025-11-30 09:33:00,2.0,2.4207797,2,0.4207797050476074
2025-11-30 09:34:00,2.0,2.462038,2,0.4620380401611328
2025-11-30 09:35:00,2.0,2.497374,2,0.4973740577697754
2025-11-30 09:36:00,2.0,2.479517,2,0.47951698303222656
2025-11-30 09:37:00,2.0,2.4736114,2,0.47361135482788086
2025-11-30 09:38:00,2.0,2.4151564,2,0.41515636444091797
2025-11-30 09:39:00,2.0,2.441427,2,0.44142699241638184
2025-11-30 09:40:00,2.0,2.436481,2,0.4364809989929199
2025-11-30 09:41:00,2.0,2.44202,2,0.4420199394226074
2025-11-30 09:42:00,2.0,2.480079,2,0.48007893562316895
2025-11-30 09:43:00,2.0,2.5146015,3,0.514601469039917
2025-11-30 09:44:00,2.0,2.4906216,2,0.49062156677246094
2025-11-30 09:45:00,2.0,2.4703743,2,0.47037434577941895
2025-11-30 09:46:00,2.0,2.5168982,3,0.5168981552124023
2025-11-30 09:47:00,2.0,2.4490635,2,0.4490635395050049
2025-11-30 09:48:00,2.0,2.4691553,2,0.46915531158447266
2025-11-30 09:49:00,2.0,2.4861271,2,0.4861271381378174
2025-11-30 09:50:00,2.0,2.479051,2,0.4790511131286621
2025-11-30 09:51:00,2.0,2.520931,3,0.5209310054779053
2025-11-30 09:52:00,2.0,2.501491,3,0.5014910697937012
2025-11-30 09:53:00,2.0,2.5531778,3,0.5531778335571289
2025-11-30 09:54:00,2.0,2.5316503,3,0.5316503047943115
2025-11-30 09:55:00,2.0,2.479625,2,0.47962498664855957
2025-11-30 09:56:00,2.0,2.5252445,3,0.5252444744110107
2025-11-30 09:57:00,3.0,2.5227394,3,-0.4772605895996094
2025-11-30 09:58:00,4.0,2.5224044,3,-1.477595567703247
2025-11-30 09:59:00,5.0,3.1375024,3,-1.8624975681304932
2025-11-30 10:00:00,5.0,4.175389,4,-0.8246111869812012
2025-11-30 10:01:00,5.0,5.232898,5,0.23289823532104492
2025-11-30 10:02:00,5.0,4.7997966,5,-0.20020341873168945
2025-11-30 10:03:00,5.0,4.782261,5,-0.21773910522460938
2025-11-30 10:04:00,5.0,4.8651347,5,-0.13486528396606445
2025-11-30 10:05:00,5.0,4.552046,5,-0.4479541778564453
2025-11-30 10:06:00,3.0,4.628488,5,1.6284880638122559
2025-11-30 10:07:00,3.0,4.532317,5,1.5323171615600586
2025-11-30 10:08:00,3.0,3.5413177,4,0.5413177013397217
2025-11-30 10:09:00,3.0,3.79142,4,0.7914199829101562
2025-11-30 10:10:00,3.0,3.9577816,4,0.9577815532684326
2025-11-30 10:11:00,3.0,3.7909615,4,0.790961503982544
2025-11-30 10:12:00,3.0,3.4178529,3,0.41785287857055664
2025-11-30 10:13:00,3.0,3.3006217,3,0.30062174797058105
2025-11-30 10:14:00,3.0,3.290216,3,0.29021596908569336
2025-11-30 10:15:00,3.0,3.2993839,3,0.29938387870788574
2025-11-30 10:16:00,3.0,3.2046642,3,0.2046642303466797
2025-11-30 10:17:00,3.0,3.15157,3,0.15157008171081543
2025-11-30 10:18:00,3.0,3.0956817,3,0.09568166732788086
2025-11-30 10:19:00,3.0,2.961602,3,-0.038398027420043945
2025-11-30 10:20:00,3.0,2.930605,3,-0.06939506530761719
2025-11-30 10:21:00,3.0,2.941278,3,-0.05872201919555664
2025-11-30 10:22:00,3.0,3.0851138,3,0.0851137638092041
2025-11-30 10:23:00,3.0,2.921471,3,-0.07852888107299805
2025-11-30 10:24:00,3.0,2.8858461,3,-0.11415386199951172
2025-11-30 10:25:00,3.0,2.956261,3,-0.04373908042907715
2025-11-30 10:26:00,3.0,2.9164705,3,-0.08352947235107422
2025-11-30 10:27:00,3.0,2.9779594,3,-0.022040605545043945
2025-11-30 10:28:00,3.0,3.0002894,3,0.0002894401550292969
2025-11-30 10:29:00,3.0,2.9822235,3,-0.0177764892578125
2025-11-30 10:30:00,3.0,2.9522378,3,-0.047762155532836914
2025-11-30 10:31:00,3.0,3.0083587,3,0.00835871696472168
2025-11-30 10:32:00,3.0,3.0324972,3,0.03249716758728027
2025-11-30 10:33:00,3.0,3.0612233,3,0.06122326850891113
2025-11-30 10:34:00,3.0,3.0571651,3,0.05716514587402344
2025-11-30 10:35:00,3.0,3.1776774,3,0.17767739295959473
2025-11-30 10:36:00,3.0,3.2637787,3,0.2637786865234375
2025-11-30 10:37:00,3.0,3.5385711,4,0.5385711193084717
2025-11-30 10:38:00,3.0,3.6056235,4,0.6056234836578369
2025-11-30 10:39:00,3.0,3.5972621,4,0.5972621440887451
2025-11-30 10:40:00,4.0,3.522362,4,-0.47763800621032715
2025-11-30 10:41:00,4.0,3.5195136,4,-0.4804863929748535
2025-11-30 10:42:00,5.0,4.5658584,5,-0.4341416358947754
2025-11-30 10:43:00,5.0,4.3140197,4,-0.6859803199768066
2025-11-30 10:44:00,5.0,5.4094343,5,0.40943431854248047
2025-11-30 10:45:00,5.0,5.0783324,5,0.07833242416381836
2025-11-30 10:46:00,5.0,5.1890697,5,0.1890697479248047
2025-11-30 10:47:00,5.0,5.2092876,5,0.2092876434326172
2025-11-30 10:48:00,5.0,5.3322563,5,0.3322563171386719
2025-11-30 10:49:00,5.0,5.505977,6,0.5059771537780762
2025-11-30 10:50:00,6.0,5.612553,6,-0.38744688034057617
2025-11-30 10:51:00,7.0,5.697723,6,-1.3022770881652832
2025-11-30 10:52:00,8.0,7.2035317,7,-0.7964682579040527
2025-11-30 10:53:00,8.0,7.928797,8,-0.07120323181152344
2025-11-30 10:54:00,8.0,8.51878,9,0.5187797546386719
2025-11-30 10:55:00,8.0,7.726162,8,-0.2738380432128906
2025-11-30 10:56:00,8.0,8.164771,8,0.16477108001708984
2025-11-30 10:57:00,8.0,7.308864,7,-0.6911358833312988
2025-11-30 10:58:00,8.0,7.207199,7,-0.7928009033203125
2025-11-30 10:59:00,8.0,7.4422,7,-0.5577998161315918
2025-11-30 11:00:00,8.0,8.322782,8,0.3227815628051758
2025-11-30 11:01:00,8.0,8.817955,9,0.8179550170898438
2025-11-30 11:02:00,8.0,9.027089,9,1.0270891189575195
2025-11-30 11:03:00,8.0,8.57485,9,0.5748500823974609
2025-11-30 11:04:00,8.0,7.935394,8,-0.0646061897277832
2025-11-30 11:05:00,8.0,7.21722,7,-0.7827801704406738
2025-11-30 11:06:00,8.0,7.2203298,7,-0.779670238494873
2025-11-30 11:07:00,8.0,8.039999,8,0.03999900817871094
2025-11-30 11:08:00,9.0,8.784826,9,-0.21517372131347656
2025-11-30 11:09:00,10.0,9.389871,9,-0.6101293563842773
2025-11-30 11:10:00,11.0,10.938823,11,-0.06117725372314453
2025-11-30 11:11:00,12.0,11.823123,12,-0.17687702178955078
2025-11-30 11:12:00,12.0,12.760385,13,0.7603845596313477
2025-11-30 11:13:00,12.0,13.029361,13,1.0293607711791992
2025-11-30 11:14:00,12.0,12.137187,12,0.13718700408935547
2025-11-30 11:15:00,12.0,12.203436,12,0.20343589782714844
2025-11-30 11:16:00,12.0,12.453516,12,0.45351600646972656
2025-11-30 11:17:00,12.0,12.667301,13,0.6673011779785156
2025-11-30 11:18:00,12.0,12.932361,13,0.9323606491088867
2025-11-30 11:19:00,12.0,12.850922,13,0.850921630859375
2025-11-30 11:20:00,12.0,12.983881,13,0.9838809967041016
2025-11-30 11:21:00,12.0,13.207887,13,1.2078866958618164
2025-11-30 11:22:00,12.0,12.837668,13,0.8376684188842773
2025-11-30 11:23:00,12.0,12.830085,13,0.8300848007202148
2025-11-30 11:24:00,12.0,13.145045,13,1.145045280456543
2025-11-30 11:25:00,12.0,12.710124,13,0.7101240158081055
2025-11-30 11:26:00,12.0,13.306764,13,1.3067636489868164
2025-11-30 11:27:00,12.0,12.902816,13,0.9028158187866211
2025-11-30 11:28:00,12.0,13.292372,13,1.2923717498779297
2025-11-30 11:29:00,12.0,12.953248,13,0.9532480239868164
2025-11-30 11:30:00,12.0,13.067031,13,1.067030906677246
2025-11-30 11:31:00,12.0,13.179248,13,1.1792478561401367
2025-11-30 11:32:00,12.0,13.308616,13,1.3086156845092773
2025-11-30 11:33:00,12.0,12.833326,13,0.8333263397216797
2025-11-30 11:34:00,12.0,12.55053,13,0.5505304336547852
2025-11-30 11:35:00,12.0,12.624323,13,0.6243228912353516
2025-11-30 11:36:00,12.0,12.3049755,12,0.3049755096435547
2025-11-30 11:37:00,12.0,12.31086,12,0.31085968017578125
2025-11-30 11:38:00,12.0,12.330973,12,0.33097267150878906
2025-11-30 11:39:00,12.0,12.081955,12,0.0819549560546875
2025-11-30 11:40:00,12.0,11.991106,12,-0.008893966674804688
2025-11-30 11:41:00,12.0,11.731776,12,-0.26822376251220703
2025-11-30 11:42:00,12.0,11.833426,12,-0.16657352447509766
2025-11-30 11:43:00,12.0,11.923633,12,-0.07636737823486328
2025-11-30 11:44:00,12.0,11.892124,12,-0.10787582397460938
2025-11-30 11:45:00,10.0,11.930294,12,1.9302940368652344
2025-11-30 11:46:00,10.0,11.852048,12,1.8520479202270508
2025-11-30 11:47:00,10.0,9.468064,9,-0.5319356918334961
2025-11-30 11:48:00,10.0,11.25508,11,1.255080223083496
2025-11-30 11:49:00,10.0,10.9823885,11,0.9823884963989258
2025-11-30 11:50:00,10.0,10.417814,10,0.4178142547607422
2025-11-30 11:51:00,10.0,10.200128,10,0.20012760162353516
2025-11-30 11:52:00,8.0,9.936001,10,1.9360008239746094
2025-11-30 11:53:00,8.0,9.71164,10,1.7116403579711914
2025-11-30 11:54:00,8.0,7.125536,7,-0.8744640350341797
2025-11-30 11:55:00,8.0,9.085259,9,1.0852594375610352
2025-11-30 11:56:00,8.0,8.917365,9,0.9173650741577148
2025-11-30 11:57:00,8.0,8.690349,9,0.6903486251831055
2025-11-30 11:58:00,6.0,8.194469,8,2.194469451904297
2025-11-30 11:59:00,6.0,7.959346,8,1.959345817565918
2025-11-30 12:00:00,6.0,5.6153836,6,-0.3846163749694824
2025-11-30 12:01:00,6.0,6.9959297,7,0.9959297180175781
2025-11-30 12:02:00,6.0,6.628626,7,0.6286258697509766
2025-11-30 12:03:00,6.0,6.4123816,6,0.412381649017334
2025-11-30 12:04:00,6.0,5.9263606,6,-0.0736393928527832
2025-11-30 12:05:00,6.0,5.719624,6,-0.28037595748901367
2025-11-30 12:06:00,6.0,5.742802,6,-0.25719785690307617
2025-11-30 12:07:00,6.0,5.6757607,6,-0.32423925399780273
2025-11-30 12:08:00,6.0,5.6910224,6,-0.3089776039123535
2025-11-30 12:09:00,6.0,5.8179383,6,-0.18206167221069336
2025-11-30 12:10:00,6.0,5.6818953,6,-0.31810474395751953
2025-11-30 12:11:00,6.0,5.679156,6,-0.3208441734313965
2025-11-30 12:12:00,6.0,5.7674913,6,-0.23250865936279297
2025-11-30 12:13:00,6.0,5.877041,6,-0.12295913696289062
2025-11-30 12:14:00,6.0,5.8317666,6,-0.16823339462280273
2025-11-30 12:15:00,6.0,5.8851986,6,-0.11480140686035156
2025-11-30 12:16:00,6.0,5.8560038,6,-0.1439962387084961
2025-11-30 12:17:00,6.0,5.691781,6,-0.30821895599365234
2025-11-30 12:18:00,6.0,5.767955,6,-0.23204517364501953
2025-11-30 12:19:00,6.0,5.6637216,6,-0.33627843856811523
2025-11-30 12:20:00,6.0,5.6679807,6,-0.3320193290710449
2025-11-30 12:21:00,6.0,5.626259,6,-0.37374114990234375
2025-11-30 12:22:00,6.0,5.732959,6,-0.2670412063598633
2025-11-30 12:23:00,6.0,5.7322087,6,-0.2677912712097168
2025-11-30 12:24:00,6.0,5.625321,6,-0.3746790885925293
2025-11-30 12:25:00,6.0,5.7089586,6,-0.29104137420654297
2025-11-30 12:26:00,6.0,5.77868,6,-0.22132015228271484
2025-11-30 12:27:00,6.0,5.6739554,6,-0.32604455947875977
2025-11-30 12:28:00,6.0,5.6912036,6,-0.30879640579223633
2025-11-30 12:29:00,6.0,5.700081,6,-0.29991912841796875
2025-11-30 12:30:00,6.0,5.6347528,6,-0.3652472496032715
2025-11-30 12:31:00,6.0,5.619231,6,-0.3807687759399414
2025-11-30 12:32:00,6.0,5.6503453,6,-0.3496546745300293
2025-11-30 12:33:00,4.0,5.62867,6,1.6286702156066895
2025-11-30 12:34:00,4.0,5.611573,6,1.6115732192993164
2025-11-30 12:35:00,4.0,4.6767726,5,0.6767725944519043
2025-11-30 12:36:00,4.0,5.166407,5,1.1664071083068848
2025-11-30 12:37:00,4.0,5.2266984,5,1.226698398590088
2025-11-30 12:38:00,4.0,5.1434603,5,1.1434602737426758
2025-11-30 12:39:00,4.0,4.9262023,5,0.9262022972106934
2025-11-30 12:40:00,4.0,4.779708,5,0.7797079086303711
2025-11-30 12:41:00,4.0,4.6452336,5,0.6452336311340332
2025-11-30 12:42:00,4.0,4.6142354,5,0.6142354011535645
2025-11-30 12:43:00,4.0,4.512591,5,0.5125908851623535
2025-11-30 12:44:00,4.0,4.605103,5,0.6051030158996582
2025-11-30 12:45:00,4.0,4.5356627,5,0.5356626510620117
2025-11-30 12:46:00,4.0,4.2564397,4,0.2564396858215332
2025-11-30 12:47:00,4.0,4.4540014,4,0.45400142669677734
2025-11-30 12:48:00,4.0,4.4482846,4,0.4482846260070801
2025-11-30 12:49:00,4.0,4.2543206,4,0.2543206214904785
2025-11-30 12:50:00,4.0,4.234345,4,0.2343449592590332
2025-11-30 12:51:00,4.0,4.254532,4,0.2545318603515625
2025-11-30 12:52:00,4.0,4.30729,4,0.30729007720947266
2025-11-30 12:53:00,4.0,4.1749606,4,0.17496061325073242
2025-11-30 12:54:00,4.0,4.192574,4,0.19257402420043945
2025-11-30 12:55:00,4.0,4.0706363,4,0.07063627243041992
2025-11-30 12:56:00,4.0,4.179537,4,0.1795368194580078
2025-11-30 12:57:00,4.0,4.222057,4,0.22205686569213867
2025-11-30 12:58:00,4.0,4.2417855,4,0.24178552627563477
2025-11-30 12:59:00,4.0,4.259509,4,0.2595090866088867
2025-11-30 13:00:00,4.0,4.157579,4,0.1575789451599121
2025-11-30 13:01:00,4.0,4.2371774,4,0.23717737197875977
2025-11-30 13:02:00,4.0,4.15468,4,0.1546797752380371
2025-11-30 13:03:00,4.0,4.143447,4,0.1434469223022461
2025-11-30 13:04:00,4.0,4.206204,4,0.20620393753051758
2025-11-30 13:05:00,4.0,4.1802683,4,0.1802682876586914
2025-11-30 13:06:00,4.0,4.2531533,4,0.25315332412719727
2025-11-30 13:07:00,4.0,4.216993,4,0.21699285507202148
2025-11-30 13:08:00,4.0,4.218377,4,0.21837711334228516
2025-11-30 13:09:00,4.0,4.144377,4,0.1443772315979004
2025-11-30 13:10:00,4.0,4.1163526,4,0.11635255813598633
2025-11-30 13:11:00,4.0,4.178586,4,0.17858600616455078
2025-11-30 13:12:00,4.0,4.1592855,4,0.1592855453491211
2025-11-30 13:13:00,4.0,4.226992,4,0.22699213027954102
2025-11-30 13:14:00,4.0,4.2679977,4,0.26799774169921875
2025-11-30 13:15:00,4.0,4.2968693,4,0.29686927795410156
2025-11-30 13:16:00,4.0,4.1686487,4,0.16864871978759766
2025-11-30 13:17:00,4.0,4.3175006,4,0.31750059127807617
2025-11-30 13:18:00,4.0,4.2935653,4,0.2935652732849121
2025-11-30 13:19:00,4.0,4.315036,4,0.3150358200073242
2025-11-30 13:20:00,4.0,4.360772,4,0.36077213287353516
2025-11-30 13:21:00,4.0,4.362269,4,0.36226892471313477
2025-11-30 13:22:00,4.0,4.294322,4,0.29432201385498047
2025-11-30 13:23:00,4.0,4.2769136,4,0.2769136428833008
2025-11-30 13:24:00,4.0,4.237417,4,0.23741722106933594
2025-11-30 13:25:00,4.0,4.0633154,4,0.06331539154052734
2025-11-30 13:26:00,4.0,4.195264,4,0.19526386260986328
2025-11-30 13:27:00,4.0,4.3388095,4,0.3388094902038574
2025-11-30 13:28:00,4.0,4.400754,4,0.4007539749145508
2025-11-30 13:29:00,4.0,4.1986737,4,0.19867372512817383
2025-11-30 13:30:00,4.0,4.3364224,4,0.3364224433898926
2025-11-30 13:31:00,4.0,4.311193,4,0.31119298934936523
2025-11-30 13:32:00,4.0,4.186828,4,0.1868281364440918
2025-11-30 13:33:00,4.0,4.1754518,4,0.17545175552368164
2025-11-30 13:34:00,4.0,4.0186353,4,0.018635272979736328
2025-11-30 13:35:00,4.0,4.2025003,4,0.2025003433227539
2025-11-30 13:36:00,4.0,4.1928496,4,0.19284963607788086
2025-11-30 13:37:00,4.0,4.360491,4,0.3604907989501953
2025-11-30 13:38:00,4.0,4.2574043,4,0.2574043273925781
2025-11-30 13:39:00,4.0,4.3984904,4,0.39849042892456055
2025-11-30 13:40:00,4.0,4.342879,4,0.3428788185119629
2025-11-30 13:41:00,4.0,4.351983,4,0.35198307037353516
2025-11-30 13:42:00,4.0,4.4313517,4,0.4313516616821289
2025-11-30 13:43:00,4.0,4.2291975,4,0.22919750213623047
2025-11-30 13:44:00,4.0,4.324317,4,0.32431697845458984
2025-11-30 13:45:00,4.0,4.301369,4,0.30136919021606445
2025-11-30 13:46:00,4.0,4.259164,4,0.25916385650634766
2025-11-30 13:47:00,4.0,4.348182,4,0.34818220138549805
2025-11-30 13:48:00,4.0,4.351425,4,0.3514251708984375
2025-11-30 13:49:00,4.0,4.3172746,4,0.3172745704650879
2025-11-30 13:50:00,4.0,4.212283,4,0.21228313446044922
2025-11-30 13:51:00,4.0,4.278317,4,0.2783169746398926
2025-11-30 13:52:00,4.0,4.2666693,4,0.26666927337646484
2025-11-30 13:53:00,4.0,4.3118167,4,0.3118166923522949
2025-11-30 13:54:00,4.0,4.2862377,4,0.2862377166748047
2025-11-30 13:55:00,4.0,4.276462,4,0.2764620780944824
2025-11-30 13:56:00,4.0,4.266515,4,0.26651477813720703
2025-11-30 13:57:00,4.0,4.1869984,4,0.1869983673095703
2025-11-30 13:58:00,4.0,4.3778405,4,0.377840518951416
2025-11-30 13:59:00,4.0,4.286953,4,0.2869529724121094
2025-11-30 14:00:00,4.0,4.2975082,4,0.29750823974609375
2025-11-30 14:01:00,4.0,4.3170896,4,0.3170895576477051
2025-11-30 14:02:00,4.0,4.3589435,4,0.35894346237182617
2025-11-30 14:03:00,4.0,4.2449865,4,0.24498653411865234
2025-11-30 14:04:00,4.0,4.3135533,4,0.3135533332824707
2025-11-30 14:05:00,4.0,4.274395,4,0.2743949890136719
2025-11-30 14:06:00,4.0,4.3327584,4,0.33275842666625977
2025-11-30 14:07:00,4.0,4.215099,4,0.21509885787963867
2025-11-30 14:08:00,4.0,4.25748,4,0.2574801445007324
2025-11-30 14:09:00,4.0,4.2102747,4,0.21027469635009766
2025-11-30 14:10:00,4.0,4.3487697,4,0.3487696647644043
2025-11-30 14:11:00,4.0,4.281016,4,0.28101587295532227
2025-11-30 14:12:00,4.0,4.251808,4,0.25180816650390625
2025-11-30 14:13:00,4.0,4.1989694,4,0.19896936416625977
2025-11-30 14:14:00,4.0,4.384562,4,0.38456201553344727
2025-11-30 14:15:00,4.0,4.4095807,4,0.40958070755004883
2025-11-30 14:16:00,4.0,4.4183917,4,0.41839170455932617
2025-11-30 14:17:00,4.0,4.3957314,4,0.39573144912719727
2025-11-30 14:18:00,4.0,4.362967,4,0.36296701431274414
2025-11-30 14:19:00,4.0,4.3868093,4,0.3868093490600586
2025-11-30 14:20:00,4.0,4.3908567,4,0.3908567428588867
2025-11-30 14:21:00,4.0,4.3583074,4,0.3583073616027832
2025-11-30 14:22:00,4.0,4.3794184,4,0.37941837310791016
2025-11-30 14:23:00,4.0,4.363459,4,0.36345911026000977
2025-11-30 14:24:00,4.0,4.306444,4,0.3064441680908203
2025-11-30 14:25:00,4.0,4.2426634,4,0.24266338348388672
2025-11-30 14:26:00,4.0,4.2057366,4,0.20573663711547852
2025-11-30 14:27:00,4.0,4.146782,4,0.14678192138671875
2025-11-30 14:28:00,4.0,4.2147512,4,0.2147512435913086
2025-11-30 14:29:00,4.0,4.153157,4,0.15315723419189453
2025-11-30 14:30:00,4.0,4.303167,4,0.30316686630249023
2025-11-30 14:31:00,4.0,4.229751,4,0.2297511100769043
2025-11-30 14:32:00,4.0,4.2425065,4,0.2425065040588379
2025-11-30 14:33:00,4.0,4.2705975,4,0.2705974578857422
2025-11-30 14:34:00,4.0,4.2085185,4,0.20851850509643555
2025-11-30 14:35:00,4.0,4.2224474,4,0.22244739532470703
2025-11-30 14:36:00,4.0,4.2391605,4,0.23916053771972656
2025-11-30 14:37:00,4.0,4.1755767,4,0.17557668685913086
2025-11-30 14:38:00,4.0,4.1823688,4,0.18236875534057617
2025-11-30 14:39:00,4.0,4.0660276,4,0.06602764129638672
2025-11-30 14:40:00,4.0,4.1581573,4,0.1581573486328125
2025-11-30 14:41:00,4.0,4.3021812,4,0.3021812438964844
2025-11-30 14:42:00,4.0,4.45119,4,0.4511899948120117
2025-11-30 14:43:00,4.0,4.4708257,4,0.4708256721496582
2025-11-30 14:44:00,4.0,4.3848276,4,0.3848276138305664
2025-11-30 14:45:00,4.0,4.363318,4,0.36331796646118164
2025-11-30 14:46:00,4.0,4.2454286,4,0.24542856216430664
2025-11-30 14:47:00,4.0,4.3227196,4,0.3227195739746094
2025-11-30 14:48:00,4.0,4.322515,4,0.32251501083374023
2025-11-30 14:49:00,4.0,4.384215,4,0.3842148780822754
2025-11-30 14:50:00,4.0,4.236079,4,0.23607921600341797
2025-11-30 14:51:00,4.0,4.275802,4,0.2758021354675293
2025-11-30 14:52:00,4.0,4.269682,4,0.2696819305419922
2025-11-30 14:53:00,4.0,4.3025007,4,0.30250072479248047
2025-11-30 14:54:00,4.0,4.3185487,4,0.31854867935180664
2025-11-30 14:55:00,4.0,4.340226,4,0.3402261734008789
2025-11-30 14:56:00,4.0,4.215993,4,0.21599292755126953
2025-11-30 14:57:00,4.0,4.251536,4,0.25153589248657227
2025-11-30 14:58:00,4.0,4.2591934,4,0.25919342041015625
2025-11-30 14:59:00,4.0,4.31298,4,0.31298017501831055
2025-11-30 15:00:00,4.0,4.3586445,4,0.3586444854736328
2025-11-30 15:01:00,4.0,4.3003955,4,0.30039548873901367
2025-11-30 15:02:00,4.0,4.2881675,4,0.28816747665405273
2025-11-30 15:03:00,4.0,4.1759114,4,0.17591142654418945
2025-11-30 15:04:00,4.0,4.330901,4,0.3309011459350586
2025-11-30 15:05:00,4.0,4.2433825,4,0.24338245391845703
2025-11-30 15:06:00,4.0,4.2814827,4,0.2814826965332031
2025-11-30 15:07:00,4.0,4.2123456,4,0.21234560012817383
2025-11-30 15:08:00,4.0,4.1773653,4,0.17736530303955078
2025-11-30 15:09:00,4.0,4.311132,4,0.31113195419311523
2025-11-30 15:10:00,4.0,4.341924,4,0.34192419052124023
2025-11-30 15:11:00,4.0,4.4423013,4,0.44230127334594727
2025-11-30 15:12:00,4.0,4.3995104,4,0.39951038360595703
2025-11-30 15:13:00,4.0,4.245445,4,0.24544477462768555
2025-11-30 15:14:00,4.0,4.361595,4,0.36159515380859375
2025-11-30 15:15:00,4.0,4.325834,4,0.325833797454834
2025-11-30 15:16:00,4.0,4.36415,4,0.3641500473022461
2025-11-30 15:17:00,4.0,4.372991,4,0.37299108505249023
2025-11-30 15:18:00,4.0,4.3892817,4,0.3892817497253418
2025-11-30 15:19:00,4.0,4.2986684,4,0.29866838455200195
2025-11-30 15:20:00,4.0,4.285076,4,0.2850761413574219
2025-11-30 15:21:00,4.0,4.251746,4,0.25174617767333984
2025-11-30 15:22:00,4.0,4.3420434,4,0.342043399810791
2025-11-30 15:23:00,4.0,4.2529907,4,0.25299072265625
2025-11-30 15:24:00,4.0,4.2574115,4,0.25741147994995117
2025-11-30 15:25:00,4.0,4.1966367,4,0.19663667678833008
2025-11-30 15:26:00,4.0,4.1770263,4,0.17702627182006836
2025-11-30 15:27:00,4.0,4.257315,4,0.25731515884399414
2025-11-30 15:28:00,4.0,4.137079,4,0.13707876205444336
2025-11-30 15:29:00,4.0,4.22507,4,0.22506999969482422
2025-11-30 15:30:00,4.0,4.2333474,4,0.23334741592407227
2025-11-30 15:31:00,4.0,4.253938,4,0.2539381980895996
2025-11-30 15:32:00,4.0,4.1580486,4,0.1580486297607422
2025-11-30 15:33:00,4.0,4.273344,4,0.2733440399169922
2025-11-30 15:34:00,4.0,4.232913,4,0.23291301727294922
2025-11-30 15:35:00,4.0,4.3139606,4,0.31396055221557617
2025-11-30 15:36:00,4.0,4.4007263,4,0.400726318359375
2025-11-30 15:37:00,4.0,4.308206,4,0.30820608139038086
2025-11-30 15:38:00,4.0,4.308579,4,0.3085789680480957
2025-11-30 15:39:00,4.0,4.3083444,4,0.30834436416625977
2025-11-30 15:40:00,4.0,4.3016863,4,0.30168628692626953
2025-11-30 15:41:00,4.0,4.3458295,4,0.34582948684692383
2025-11-30 15:42:00,4.0,4.341865,4,0.34186506271362305
2025-11-30 15:43:00,4.0,4.3105087,4,0.31050872802734375
2025-11-30 15:44:00,4.0,4.3938627,4,0.3938627243041992
2025-11-30 15:45:00,4.0,4.333381,4,0.33338117599487305
2025-11-30 15:46:00,4.0,4.2998886,4,0.29988861083984375
2025-11-30 15:47:00,4.0,4.201612,4,0.20161199569702148
2025-11-30 15:48:00,4.0,4.218971,4,0.21897077560424805
2025-11-30 15:49:00,4.0,4.3205476,4,0.32054758071899414
2025-11-30 15:50:00,4.0,4.331006,4,0.3310060501098633
2025-11-30 15:51:00,4.0,4.3234367,4,0.3234367370605469
2025-11-30 15:52:00,4.0,4.3355465,4,0.33554649353027344
2025-11-30 15:53:00,4.0,4.328707,4,0.328707218170166
2025-11-30 15:54:00,4.0,4.29193,4,0.2919301986694336
2025-11-30 15:55:00,4.0,4.210361,4,0.21036100387573242
2025-11-30 15:56:00,4.0,4.2088814,4,0.20888137817382812
2025-11-30 15:57:00,4.0,4.226736,4,0.22673606872558594
2025-11-30 15:58:00,4.0,4.3042746,4,0.3042745590209961
2025-11-30 15:59:00,4.0,4.429512,4,0.42951202392578125
2025-11-30 16:00:00,4.0,4.241171,4,0.24117088317871094
2025-11-30 16:01:00,4.0,4.351288,4,0.351287841796875
2025-11-30 16:02:00,4.0,4.406112,4,0.4061121940612793
2025-11-30 16:03:00,4.0,4.370224,4,0.3702239990234375
2025-11-30 16:04:00,4.0,4.2713265,4,0.27132654190063477
2025-11-30 16:05:00,4.0,4.2800655,4,0.28006553649902344
2025-11-30 16:06:00,4.0,4.268272,4,0.26827192306518555
2025-11-30 16:07:00,4.0,4.3055778,4,0.30557775497436523
2025-11-30 16:08:00,4.0,4.3400354,4,0.34003543853759766
2025-11-30 16:09:00,4.0,4.3559585,4,0.3559584617614746
2025-11-30 16:10:00,4.0,4.3289995,4,0.32899951934814453
2025-11-30 16:11:00,4.0,4.3023744,4,0.30237436294555664
2025-11-30 16:12:00,4.0,4.2660384,4,0.2660384178161621
2025-11-30 16:13:00,4.0,4.3366895,4,0.33668947219848633
2025-11-30 16:14:00,4.0,4.318687,4,0.31868696212768555
2025-11-30 16:15:00,4.0,4.3252673,4,0.32526731491088867
2025-11-30 16:16:00,4.0,4.3293138,4,0.3293137550354004
2025-11-30 16:17:00,4.0,4.2881804,4,0.2881803512573242
2025-11-30 16:18:00,4.0,4.3250327,4,0.32503271102905273
2025-11-30 16:19:00,4.0,4.205072,4,0.20507192611694336
2025-11-30 16:20:00,4.0,4.2311263,4,0.2311263084411621
2025-11-30 16:21:00,4.0,4.1849823,4,0.1849822998046875
2025-11-30 16:22:00,4.0,4.24852,4,0.2485198974609375
2025-11-30 16:23:00,4.0,4.3041186,4,0.30411863327026367
2025-11-30 16:24:00,4.0,4.118446,4,0.11844587326049805
2025-11-30 16:25:00,4.0,4.3306856,4,0.3306856155395508
2025-11-30 16:26:00,4.0,4.2354646,4,0.23546457290649414
2025-11-30 16:27:00,4.0,4.3382792,4,0.33827924728393555
2025-11-30 16:28:00,4.0,4.2826886,4,0.28268861770629883
2025-11-30 16:29:00,4.0,4.217432,4,0.21743202209472656
2025-11-30 16:30:00,4.0,4.2082143,4,0.20821428298950195
2025-11-30 16:31:00,4.0,4.3610606,4,0.36106061935424805
2025-11-30 16:32:00,4.0,4.2978587,4,0.29785871505737305
2025-11-30 16:33:00,4.0,4.345683,4,0.34568309783935547
2025-11-30 16:34:00,4.0,4.262474,4,0.26247406005859375
2025-11-30 16:35:00,4.0,4.2764277,4,0.2764277458190918
2025-11-30 16:36:00,4.0,4.379398,4,0.3793978691101074
2025-11-30 16:37:00,4.0,4.338611,4,0.3386111259460449
2025-11-30 16:38:00,4.0,4.440719,4,0.4407191276550293
2025-11-30 16:39:00,4.0,4.308516,4,0.3085160255432129
2025-11-30 16:40:00,4.0,4.24269,4,0.2426900863647461
2025-11-30 16:41:00,4.0,4.3398566,4,0.3398566246032715
2025-11-30 16:42:00,4.0,4.366843,4,0.36684322357177734
2025-11-30 16:43:00,4.0,4.2417793,4,0.24177932739257812
2025-11-30 16:44:00,4.0,4.191507,4,0.19150686264038086
2025-11-30 16:45:00,4.0,4.1917095,4,0.1917095184326172
2025-11-30 16:46:00,4.0,4.2513285,4,0.2513284683227539
2025-11-30 16:47:00,4.0,4.2371197,4,0.2371196746826172
2025-11-30 16:48:00,4.0,4.2816305,4,0.2816305160522461
2025-11-30 16:49:00,4.0,4.211633,4,0.21163320541381836
2025-11-30 16:50:00,4.0,4.168881,4,0.16888093948364258
2025-11-30 16:51:00,4.0,4.222612,4,0.2226119041442871
2025-11-30 16:52:00,4.0,4.2939157,4,0.2939157485961914
2025-11-30 16:53:00,4.0,4.178457,4,0.17845678329467773
2025-11-30 16:54:00,4.0,4.2568007,4,0.25680065155029297
2025-11-30 16:55:00,4.0,4.3201165,4,0.3201165199279785
2025-11-30 16:56:00,4.0,4.3158383,4,0.3158383369445801
2025-11-30 16:57:00,4.0,4.2934146,4,0.2934145927429199
2025-11-30 16:58:00,4.0,4.353401,4,0.35340118408203125
2025-11-30 16:59:00,4.0,4.252713,4,0.2527132034301758
2025-11-30 17:00:00,4.0,4.4043045,4,0.40430450439453125
2025-11-30 17:01:00,4.0,4.3697495,4,0.3697495460510254
2025-11-30 17:02:00,4.0,4.3695183,4,0.3695182800292969
2025-11-30 17:03:00,4.0,4.419647,4,0.419647216796875
2025-11-30 17:04:00,4.0,4.4238734,4,0.4238734245300293
2025-11-30 17:05:00,4.0,4.3499937,4,0.3499937057495117
2025-11-30 17:06:00,4.0,4.403235,4,0.40323495864868164
2025-11-30 17:07:00,4.0,4.2606463,4,0.26064634323120117
2025-11-30 17:08:00,4.0,4.2991467,4,0.2991466522216797
2025-11-30 17:09:00,4.0,4.345474,4,0.3454737663269043
2025-11-30 17:10:00,4.0,4.2806087,4,0.2806086540222168
2025-11-30 17:11:00,4.0,4.33857,4,0.33857011795043945
2025-11-30 17:12:00,4.0,4.28077,4,0.28076982498168945
2025-11-30 17:13:00,4.0,4.2425947,4,0.24259471893310547
2025-11-30 17:14:00,4.0,4.272311,4,0.2723112106323242
2025-11-30 17:15:00,4.0,4.109697,4,0.10969686508178711
2025-11-30 17:16:00,4.0,4.1868844,4,0.18688440322875977
2025-11-30 17:17:00,4.0,4.297224,4,0.2972240447998047
2025-11-30 17:18:00,4.0,4.2657046,4,0.2657046318054199
2025-11-30 17:19:00,4.0,4.1952224,4,0.1952223777770996
2025-11-30 17:20:00,4.0,4.2636127,4,0.2636127471923828
2025-11-30 17:21:00,4.0,4.3412848,4,0.34128475189208984
2025-11-30 17:22:00,4.0,4.2640405,4,0.264040470123291
2025-11-30 17:23:00,4.0,4.2569623,4,0.25696229934692383
2025-11-30 17:24:00,4.0,4.1545377,4,0.15453767776489258
2025-11-30 17:25:00,4.0,4.210793,4,0.21079301834106445
2025-11-30 17:26:00,4.0,4.2607985,4,0.26079845428466797
2025-11-30 17:27:00,4.0,4.1601787,4,0.16017866134643555
2025-11-30 17:28:00,4.0,4.0761747,4,0.07617473602294922
2025-11-30 17:29:00,4.0,4.0248957,4,0.024895668029785156
2025-11-30 17:30:00,4.0,4.189778,4,0.18977785110473633
2025-11-30 17:31:00,4.0,4.249817,4,0.24981689453125
2025-11-30 17:32:00,4.0,4.083103,4,0.08310317993164062
2025-11-30 17:33:00,4.0,4.340844,4,0.34084415435791016
2025-11-30 17:34:00,4.0,4.3123174,4,0.3123173713684082
2025-11-30 17:35:00,4.0,4.2544503,4,0.25445032119750977
2025-11-30 17:36:00,4.0,4.2506037,4,0.25060367584228516
2025-11-30 17:37:00,4.0,4.3110585,4,0.31105852127075195
2025-11-30 17:38:00,4.0,4.130946,4,0.13094615936279297
2025-11-30 17:39:00,4.0,4.2374625,4,0.23746252059936523
2025-11-30 17:40:00,4.0,4.2601213,4,0.26012134552001953
2025-11-30 17:41:00,4.0,4.388432,4,0.38843202590942383
2025-11-30 17:42:00,4.0,4.249762,4,0.24976205825805664
2025-11-30 17:43:00,4.0,4.13096,4,0.13095998764038086
2025-11-30 17:44:00,4.0,4.224052,4,0.22405195236206055
2025-11-30 17:45:00,4.0,4.235226,4,0.23522615432739258
2025-11-30 17:46:00,4.0,4.3397565,4,0.33975648880004883
2025-11-30 17:47:00,4.0,4.3032603,4,0.30326032638549805
2025-11-30 17:48:00,4.0,4.239136,4,0.2391362190246582
2025-11-30 17:49:00,4.0,4.251099,4,0.2510991096496582
2025-11-30 17:50:00,4.0,4.4018016,4,0.40180158615112305
2025-11-30 17:51:00,4.0,4.3930874,4,0.39308738708496094
2025-11-30 17:52:00,4.0,4.3280506,4,0.3280506134033203
2025-11-30 17:53:00,4.0,4.2828135,4,0.28281354904174805
2025-11-30 17:54:00,4.0,4.2107277,4,0.21072769165039062
2025-11-30 17:55:00,4.0,4.070013,4,0.07001304626464844
2025-11-30 17:56:00,4.0,4.158368,4,0.15836811065673828
2025-11-30 17:57:00,4.0,4.2991295,4,0.2991294860839844
2025-11-30 17:58:00,4.0,4.349702,4,0.3497018814086914
2025-11-30 17:59:00,4.0,4.3333755,4,0.3333754539489746
2025-11-30 18:00:00,4.0,4.1789355,4,0.17893552780151367
2025-11-30 18:01:00,4.0,4.2774153,4,0.27741527557373047
2025-11-30 18:02:00,4.0,4.2444043,4,0.24440431594848633
2025-11-30 18:03:00,4.0,4.194588,4,0.19458818435668945
2025-11-30 18:04:00,4.0,4.347731,4,0.3477311134338379
2025-11-30 18:05:00,4.0,4.237258,4,0.2372579574584961
2025-11-30 18:06:00,4.0,4.3426156,4,0.34261560440063477
2025-11-30 18:07:00,4.0,4.2123404,4,0.2123403549194336
2025-11-30 18:08:00,4.0,4.366461,4,0.36646080017089844
2025-11-30 18:09:00,4.0,4.29454,4,0.2945399284362793
2025-11-30 18:10:00,4.0,4.345817,4,0.34581708908081055
2025-11-30 18:11:00,4.0,4.1948853,4,0.19488525390625
2025-11-30 18:12:00,4.0,4.1836505,4,0.18365049362182617
2025-11-30 18:13:00,4.0,4.3068476,4,0.30684757232666016
2025-11-30 18:14:00,4.0,4.216677,4,0.21667718887329102
2025-11-30 18:15:00,4.0,4.360043,4,0.3600430488586426
2025-11-30 18:16:00,4.0,4.482547,4,0.4825468063354492
2025-11-30 18:17:00,4.0,4.334144,4,0.33414411544799805
2025-11-30 18:18:00,4.0,4.2110405,4,0.21104049682617188
2025-11-30 18:19:00,4.0,4.2087,4,0.20870018005371094
2025-11-30 18:20:00,4.0,4.0544696,4,0.05446958541870117
2025-11-30 18:21:00,4.0,4.1642914,4,0.1642913818359375
2025-11-30 18:22:00,4.0,4.137878,4,0.1378779411315918
2025-11-30 18:23:00,4.0,4.104392,4,0.10439205169677734
2025-11-30 18:24:00,4.0,4.087638,4,0.08763790130615234
2025-11-30 18:25:00,4.0,4.099619,4,0.09961891174316406
2025-11-30 18:26:00,4.0,4.109389,4,0.10938882827758789
2025-11-30 18:27:00,4.0,4.069717,4,0.0697169303894043
2025-11-30 18:28:00,4.0,4.078019,4,0.0780191421508789
2025-11-30 18:29:00,4.0,4.171025,4,0.17102479934692383
2025-11-30 18:30:00,4.0,3.9616704,4,-0.0383296012878418
2025-11-30 18:31:00,4.0,4.0903254,4,0.09032535552978516
2025-11-30 18:32:00,4.0,4.1335254,4,0.13352537155151367
2025-11-30 18:33:00,4.0,4.088142,4,0.08814191818237305
2025-11-30 18:34:00,4.0,4.179449,4,0.17944908142089844
2025-11-30 18:35:00,2.0,4.116938,4,2.1169381141662598
2025-11-30 18:36:00,2.0,4.272886,4,2.272885799407959
2025-11-30 18:37:00,2.0,3.0748775,3,1.0748775005340576
2025-11-30 18:38:00,2.0,2.9030972,3,0.9030971527099609
2025-11-30 18:39:00,2.0,2.9327347,3,0.9327347278594971
2025-11-30 18:40:00,2.0,2.7882612,3,0.7882611751556396
2025-11-30 18:41:00,2.0,2.789129,3,0.7891290187835693
2025-11-30 18:42:00,2.0,2.6840856,3,0.6840856075286865
2025-11-30 18:43:00,2.0,2.6255863,3,0.6255862712860107
2025-11-30 18:44:00,2.0,2.6165118,3,0.6165118217468262
2025-11-30 18:45:00,2.0,2.520053,3,0.5200529098510742
2025-11-30 18:46:00,2.0,2.4948204,2,0.49482035636901855
2025-11-30 18:47:00,2.0,2.4723072,2,0.4723072052001953
2025-11-30 18:48:00,2.0,2.3057163,2,0.30571627616882324
2025-11-30 18:49:00,2.0,2.3788843,2,0.37888431549072266
2025-11-30 18:50:00,2.0,2.4035645,2,0.403564453125
2025-11-30 18:51:00,2.0,2.380792,2,0.38079190254211426
2025-11-30 18:52:00,2.0,2.2991304,2,0.2991304397583008
2025-11-30 18:53:00,2.0,2.3165338,2,0.31653380393981934
2025-11-30 18:54:00,2.0,2.3518608,2,0.35186076164245605
2025-11-30 18:55:00,2.0,2.2869482,2,0.28694820404052734
2025-11-30 18:56:00,2.0,2.3371143,2,0.3371143341064453
2025-11-30 18:57:00,2.0,2.2629235,2,0.2629234790802002
2025-11-30 18:58:00,2.0,2.367022,2,0.3670220375061035
2025-11-30 18:59:00,2.0,2.2973902,2,0.2973902225494385
2025-11-30 19:00:00,2.0,2.2446454,2,0.244645357131958
2025-11-30 19:01:00,2.0,2.3482673,2,0.3482673168182373
2025-11-30 19:02:00,2.0,2.2921102,2,0.2921102046966553
2025-11-30 19:03:00,2.0,2.3027773,2,0.3027772903442383
2025-11-30 19:04:00,2.0,2.316366,2,0.31636595726013184
2025-11-30 19:05:00,2.0,2.2017062,2,0.2017061710357666
2025-11-30 19:06:00,2.0,2.2901065,2,0.29010653495788574
2025-11-30 19:07:00,2.0,2.303469,2,0.3034689426422119
2025-11-30 19:08:00,2.0,2.2182705,2,0.21827054023742676
2025-11-30 19:09:00,2.0,2.269715,2,0.2697150707244873
2025-11-30 19:10:00,2.0,2.18604,2,0.18603992462158203
2025-11-30 19:11:00,2.0,2.267352,2,0.2673521041870117
2025-11-30 19:12:00,2.0,2.294815,2,0.2948150634765625
2025-11-30 19:13:00,2.0,2.311463,2,0.3114631175994873
2025-11-30 19:14:00,3.0,2.3381772,2,-0.6618227958679199
2025-11-30 19:15:00,4.0,2.4863887,2,-1.5136113166809082
2025-11-30 19:16:00,5.0,3.133222,3,-1.8667778968811035
2025-11-30 19:17:00,5.0,4.0563836,4,-0.9436163902282715
2025-11-30 19:18:00,5.0,4.986121,5,-0.013878822326660156
2025-11-30 19:19:00,5.0,4.735017,5,-0.2649831771850586
2025-11-30 19:20:00,5.0,4.9564753,5,-0.043524742126464844
2025-11-30 19:21:00,5.0,4.7319527,5,-0.2680473327636719
2025-11-30 19:22:00,3.0,4.556591,5,1.5565910339355469
2025-11-30 19:23:00,3.0,4.653527,5,1.653526782989502
2025-11-30 19:24:00,3.0,3.4929242,3,0.49292421340942383
2025-11-30 19:25:00,3.0,4.077196,4,1.0771961212158203
2025-11-30 19:26:00,3.0,3.873652,4,0.8736519813537598
2025-11-30 19:27:00,3.0,4.043913,4,1.0439128875732422
2025-11-30 19:28:00,3.0,3.6549158,4,0.6549158096313477
2025-11-30 19:29:00,3.0,3.2095983,3,0.20959830284118652
2025-11-30 19:30:00,3.0,3.4023347,3,0.40233469009399414
2025-11-30 19:31:00,3.0,3.4575932,3,0.4575932025909424
2025-11-30 19:32:00,3.0,3.3275821,3,0.32758212089538574
2025-11-30 19:33:00,3.0,3.0972664,3,0.09726643562316895
2025-11-30 19:34:00,3.0,3.1925192,3,0.1925191879272461
2025-11-30 19:35:00,3.0,3.0019836,3,0.001983642578125
2025-11-30 19:36:00,3.0,3.0040603,3,0.004060268402099609
2025-11-30 19:37:00,3.0,3.0627227,3,0.06272268295288086
2025-11-30 19:38:00,3.0,3.0585465,3,0.05854654312133789
2025-11-30 19:39:00,3.0,2.8701296,3,-0.12987041473388672
2025-11-30 19:40:00,3.0,2.9494061,3,-0.05059385299682617
2025-11-30 19:41:00,3.0,2.9766588,3,-0.02334117889404297
2025-11-30 19:42:00,3.0,2.9315965,3,-0.06840348243713379
2025-11-30 19:43:00,3.0,3.0685189,3,0.06851887702941895
2025-11-30 19:44:00,3.0,3.0572748,3,0.057274818420410156
2025-11-30 19:45:00,3.0,3.057386,3,0.057385921478271484
2025-11-30 19:46:00,3.0,3.087649,3,0.08764910697937012
2025-11-30 19:47:00,3.0,3.0713978,3,0.07139778137207031
2025-11-30 19:48:00,3.0,3.1667006,3,0.1667006015777588
2025-11-30 19:49:00,3.0,3.0589182,3,0.05891823768615723
2025-11-30 19:50:00,3.0,3.200696,3,0.20069599151611328
2025-11-30 19:51:00,3.0,3.2377899,3,0.23778986930847168
2025-11-30 19:52:00,3.0,3.1036336,3,0.10363364219665527
2025-11-30 19:53:00,3.0,3.1390047,3,0.13900470733642578
2025-11-30 19:54:00,3.0,3.0633764,3,0.06337642669677734
2025-11-30 19:55:00,3.0,2.9826622,3,-0.017337799072265625
2025-11-30 19:56:00,3.0,3.0699117,3,0.06991171836853027
2025-11-30 19:57:00,3.0,3.05664,3,0.056639909744262695
2025-11-30 19:58:00,3.0,3.0382092,3,0.03820919990539551
2025-11-30 19:59:00,3.0,3.0486596,3,0.048659563064575195
2025-11-30 20:00:00,3.0,3.0945697,3,0.09456968307495117
2025-11-30 20:01:00,3.0,3.078142,3,0.07814192771911621
2025-11-30 20:02:00,3.0,2.9510088,3,-0.04899120330810547
2025-11-30 20:03:00,3.0,2.9610507,3,-0.03894925117492676
2025-11-30 20:04:00,3.0,2.922734,3,-0.07726597785949707
2025-11-30 20:05:00,3.0,3.0330586,3,0.03305864334106445
2025-11-30 20:06:00,3.0,3.0994425,3,0.0994424819946289
2025-11-30 20:07:00,3.0,3.0434668,3,0.043466806411743164
2025-11-30 20:08:00,3.0,3.093891,3,0.09389090538024902
2025-11-30 20:09:00,3.0,3.1333396,3,0.13333964347839355
2025-11-30 20:10:00,3.0,3.180963,3,0.18096303939819336
2025-11-30 20:11:00,3.0,3.1394854,3,0.13948535919189453
2025-11-30 20:12:00,3.0,3.1656432,3,0.16564321517944336
2025-11-30 20:13:00,3.0,3.2507381,3,0.25073814392089844
2025-11-30 20:14:00,3.0,3.1180084,3,0.11800837516784668
2025-11-30 20:15:00,3.0,3.092069,3,0.09206891059875488
2025-11-30 20:16:00,3.0,3.1096244,3,0.10962438583374023
2025-11-30 20:17:00,3.0,3.1051536,3,0.10515356063842773
2025-11-30 20:18:00,3.0,3.160794,3,0.16079401969909668
2025-11-30 20:19:00,3.0,3.0910518,3,0.09105181694030762
2025-11-30 20:20:00,3.0,3.0929594,3,0.09295940399169922
2025-11-30 20:21:00,3.0,3.0947921,3,0.09479212760925293
2025-11-30 20:22:00,3.0,3.1626127,3,0.1626126766204834
2025-11-30 20:23:00,3.0,3.1279042,3,0.12790417671203613
2025-11-30 20:24:00,3.0,3.0584245,3,0.05842447280883789
2025-11-30 20:25:00,3.0,3.0642986,3,0.06429862976074219
2025-11-30 20:26:00,3.0,3.024024,3,0.024024009704589844
2025-11-30 20:27:00,3.0,3.1061172,3,0.10611724853515625
2025-11-30 20:28:00,3.0,2.9644077,3,-0.03559231758117676
2025-11-30 20:29:00,3.0,2.9845102,3,-0.015489816665649414
2025-11-30 20:30:00,3.0,2.978354,3,-0.02164602279663086
2025-11-30 20:31:00,3.0,3.038589,3,0.0385890007019043
2025-11-30 20:32:00,3.0,3.0972137,3,0.0972137451171875
2025-11-30 20:33:00,3.0,3.1286316,3,0.128631591796875
2025-11-30 20:34:00,3.0,3.064527,3,0.06452703475952148
2025-11-30 20:35:00,3.0,2.96124,3,-0.03875994682312012
2025-11-30 20:36:00,3.0,2.9382927,3,-0.061707258224487305
2025-11-30 20:37:00,3.0,3.0177186,3,0.01771855354309082
2025-11-30 20:38:00,3.0,2.9674053,3,-0.03259468078613281
2025-11-30 20:39:00,3.0,2.9900422,3,-0.00995779037475586
2025-11-30 20:40:00,3.0,2.9965549,3,-0.003445148468017578
2025-11-30 20:41:00,3.0,3.0204566,3,0.020456552505493164
2025-11-30 20:42:00,3.0,2.9206963,3,-0.07930374145507812
2025-11-30 20:43:00,3.0,2.9056675,3,-0.09433245658874512
2025-11-30 20:44:00,3.0,2.8919063,3,-0.1080937385559082
2025-11-30 20:45:00,3.0,3.0103416,3,0.010341644287109375
2025-11-30 20:46:00,3.0,3.0621963,3,0.06219625473022461
2025-11-30 20:47:00,3.0,2.94221,3,-0.05779004096984863
2025-11-30 20:48:00,3.0,3.0627923,3,0.06279230117797852
2025-11-30 20:49:00,3.0,3.0022924,3,0.0022923946380615234
2025-11-30 20:50:00,3.0,3.1138663,3,0.11386632919311523
2025-11-30 20:51:00,3.0,3.019265,3,0.019264936447143555
2025-11-30 20:52:00,3.0,2.9682758,3,-0.03172421455383301
2025-11-30 20:53:00,3.0,2.9243164,3,-0.07568359375
2025-11-30 20:54:00,3.0,2.9765463,3,-0.023453712463378906
2025-11-30 20:55:00,3.0,3.023445,3,0.02344489097595215
2025-11-30 20:56:00,3.0,2.9768026,3,-0.023197412490844727
2025-11-30 20:57:00,3.0,3.0056102,3,0.005610227584838867
2025-11-30 20:58:00,3.0,3.0275922,3,0.027592182159423828
2025-11-30 20:59:00,3.0,3.0533712,3,0.05337119102478027
2025-11-30 21:00:00,3.0,3.0043304,3,0.00433039665222168
2025-11-30 21:01:00,3.0,3.04314,3,0.04313993453979492
2025-11-30 21:02:00,3.0,3.0244954,3,0.024495363235473633
2025-11-30 21:03:00,3.0,2.979766,3,-0.020234107971191406
2025-11-30 21:04:00,3.0,3.054792,3,0.054791927337646484
2025-11-30 21:05:00,3.0,3.008728,3,0.00872802734375
2025-11-30 21:06:00,3.0,3.0736334,3,0.07363343238830566
2025-11-30 21:07:00,3.0,3.2288396,3,0.22883963584899902
2025-11-30 21:08:00,3.0,3.1812506,3,0.18125057220458984
2025-11-30 21:09:00,3.0,3.1525984,3,0.15259838104248047
2025-11-30 21:10:00,3.0,3.1172447,3,0.11724472045898438
2025-11-30 21:11:00,3.0,3.0944326,3,0.09443259239196777
2025-11-30 21:12:00,3.0,3.00882,3,0.008820056915283203
2025-11-30 21:13:00,3.0,3.1337562,3,0.13375616073608398
2025-11-30 21:14:00,3.0,3.0684628,3,0.06846284866333008
2025-11-30 21:15:00,3.0,3.0635395,3,0.06353950500488281
2025-11-30 21:16:00,3.0,3.0920286,3,0.09202861785888672
2025-11-30 21:17:00,3.0,2.9694464,3,-0.030553579330444336
2025-11-30 21:18:00,3.0,3.2383134,3,0.2383134365081787
2025-11-30 21:19:00,3.0,3.0982726,3,0.09827256202697754
2025-11-30 21:20:00,3.0,3.1636283,3,0.16362833976745605
2025-11-30 21:21:00,3.0,2.9152422,3,-0.08475780487060547
2025-11-30 21:22:00,3.0,3.0110934,3,0.011093378067016602
2025-11-30 21:23:00,3.0,3.0122132,3,0.01221323013305664
2025-11-30 21:24:00,3.0,3.1243565,3,0.12435650825500488
2025-11-30 21:25:00,3.0,3.0274036,3,0.027403593063354492
2025-11-30 21:26:00,3.0,3.027112,3,0.02711200714111328
2025-11-30 21:27:00,3.0,2.956592,3,-0.04340791702270508
2025-11-30 21:28:00,3.0,3.1602476,3,0.1602475643157959
2025-11-30 21:29:00,3.0,3.029546,3,0.029546022415161133
2025-11-30 21:30:00,3.0,3.0050006,3,0.005000591278076172
2025-11-30 21:31:00,3.0,3.041145,3,0.04114508628845215
2025-11-30 21:32:00,3.0,3.1168332,3,0.11683320999145508
2025-11-30 21:33:00,3.0,3.0954626,3,0.09546256065368652
2025-11-30 21:34:00,3.0,3.047228,3,0.047228097915649414
2025-11-30 21:35:00,3.0,3.0397844,3,0.03978443145751953
2025-11-30 21:36:00,3.0,3.0099065,3,0.009906530380249023
2025-11-30 21:37:00,3.0,2.902241,3,-0.09775900840759277
2025-11-30 21:38:00,3.0,2.934257,3,-0.06574296951293945
2025-11-30 21:39:00,3.0,2.9648392,3,-0.03516077995300293
2025-11-30 21:40:00,3.0,3.0839086,3,0.0839085578918457
2025-11-30 21:41:00,3.0,3.0883188,3,0.0883188247680664
2025-11-30 21:42:00,3.0,3.1270478,3,0.12704777717590332
2025-11-30 21:43:00,3.0,2.9972181,3,-0.0027818679809570312
2025-11-30 21:44:00,3.0,2.9511003,3,-0.04889965057373047
2025-11-30 21:45:00,3.0,2.9873517,3,-0.012648344039916992
2025-11-30 21:46:00,3.0,3.0696058,3,0.06960582733154297
2025-11-30 21:47:00,3.0,3.0171359,3,0.0171358585357666
2025-11-30 21:48:00,3.0,2.8166988,3,-0.18330121040344238
2025-11-30 21:49:00,3.0,2.9837153,3,-0.016284704208374023
2025-11-30 21:50:00,3.0,2.9783297,3,-0.02167034149169922
2025-11-30 21:51:00,3.0,3.0722268,3,0.07222676277160645
2025-11-30 21:52:00,3.0,2.9101589,3,-0.08984112739562988
2025-11-30 21:53:00,3.0,3.0506177,3,0.05061769485473633
2025-11-30 21:54:00,3.0,2.9962547,3,-0.0037453174591064453
2025-11-30 21:55:00,3.0,2.9993267,3,-0.0006732940673828125
2025-11-30 21:56:00,3.0,3.0175614,3,0.01756143569946289
2025-11-30 21:57:00,3.0,3.0467918,3,0.046791791915893555
2025-11-30 21:58:00,3.0,2.9383283,3,-0.06167173385620117
2025-11-30 21:59:00,3.0,3.083937,3,0.08393692970275879
2025-11-30 22:00:00,3.0,2.9942927,3,-0.005707263946533203
2025-11-30 22:01:00,3.0,2.9444292,3,-0.05557084083557129
2025-11-30 22:02:00,3.0,2.9759965,3,-0.02400350570678711
2025-11-30 22:03:00,3.0,2.9336681,3,-0.06633186340332031
2025-11-30 22:04:00,3.0,2.9157796,3,-0.08422040939331055
2025-11-30 22:05:00,3.0,2.9497294,3,-0.05027055740356445
2025-11-30 22:06:00,3.0,2.919858,3,-0.08014202117919922
2025-11-30 22:07:00,3.0,2.8898973,3,-0.11010265350341797
2025-11-30 22:08:00,3.0,2.946845,3,-0.053154945373535156
2025-11-30 22:09:00,3.0,3.0184593,3,0.018459320068359375
2025-11-30 22:10:00,3.0,3.0105035,3,0.010503530502319336
2025-11-30 22:11:00,3.0,2.9084218,3,-0.09157824516296387
2025-11-30 22:12:00,3.0,2.964799,3,-0.035201072692871094
2025-11-30 22:13:00,3.0,3.0527215,3,0.052721500396728516
2025-11-30 22:14:00,3.0,2.9769442,3,-0.0230557918548584
2025-11-30 22:15:00,3.0,3.06574,3,0.06574010848999023
2025-11-30 22:16:00,3.0,3.0733624,3,0.07336235046386719
2025-11-30 22:17:00,3.0,3.0192165,3,0.019216537475585938
2025-11-30 22:18:00,3.0,3.0722876,3,0.07228755950927734
2025-11-30 22:19:00,3.0,3.1533823,3,0.1533823013305664
2025-11-30 22:20:00,3.0,3.0323458,3,0.03234577178955078
2025-11-30 22:21:00,3.0,3.122241,3,0.12224102020263672
2025-11-30 22:22:00,3.0,3.0536945,3,0.05369448661804199
2025-11-30 22:23:00,3.0,3.0073647,3,0.007364749908447266
2025-11-30 22:24:00,3.0,2.9639168,3,-0.036083221435546875
2025-11-30 22:25:00,3.0,2.965409,3,-0.034590959548950195
2025-11-30 22:26:00,3.0,3.0173838,3,0.017383813858032227
2025-11-30 22:27:00,3.0,3.1102386,3,0.11023855209350586
2025-11-30 22:28:00,3.0,3.091408,3,0.09140801429748535
2025-11-30 22:29:00,3.0,3.0286312,3,0.028631210327148438
2025-11-30 22:30:00,3.0,3.0079565,3,0.007956504821777344
2025-11-30 22:31:00,3.0,2.999218,3,-0.000782012939453125
2025-11-30 22:32:00,3.0,3.0231042,3,0.023104190826416016
2025-11-30 22:33:00,3.0,3.011218,3,0.011218070983886719
2025-11-30 22:34:00,3.0,3.029085,3,0.02908492088317871
2025-11-30 22:35:00,3.0,2.8988218,3,-0.10117816925048828
2025-11-30 22:36:00,3.0,2.9946432,3,-0.005356788635253906
2025-11-30 22:37:00,3.0,3.0087652,3,0.008765220642089844
2025-11-30 22:38:00,3.0,3.0173194,3,0.017319440841674805
2025-11-30 22:39:00,3.0,3.0200691,3,0.020069122314453125
2025-11-30 22:40:00,3.0,2.9123278,3,-0.08767223358154297
2025-11-30 22:41:00,3.0,3.0271277,3,0.027127742767333984
2025-11-30 22:42:00,3.0,2.9556484,3,-0.04435157775878906
2025-11-30 22:43:00,3.0,2.9874125,3,-0.012587547302246094
2025-11-30 22:44:00,3.0,2.9582207,3,-0.041779279708862305
2025-11-30 22:45:00,3.0,2.8832455,3,-0.11675453186035156
2025-11-30 22:46:00,3.0,3.0075865,3,0.007586479187011719
2025-11-30 22:47:00,3.0,3.0338728,3,0.03387284278869629
2025-11-30 22:48:00,3.0,3.1604824,3,0.16048240661621094
2025-11-30 22:49:00,3.0,3.0015616,3,0.0015616416931152344
2025-11-30 22:50:00,3.0,3.088388,3,0.08838796615600586
2025-11-30 22:51:00,3.0,3.0566669,3,0.05666685104370117
2025-11-30 22:52:00,3.0,3.038761,3,0.03876090049743652
2025-11-30 22:53:00,3.0,3.1237082,3,0.12370824813842773
2025-11-30 22:54:00,3.0,2.9432566,3,-0.05674338340759277
2025-11-30 22:55:00,3.0,3.040917,3,0.04091691970825195
2025-11-30 22:56:00,3.0,3.0968375,3,0.09683752059936523
2025-11-30 22:57:00,3.0,3.0061905,3,0.00619053840637207
2025-11-30 22:58:00,3.0,2.9795702,3,-0.02042984962463379
2025-11-30 22:59:00,3.0,2.9823508,3,-0.017649173736572266
2025-11-30 23:00:00,3.0,3.0378144,3,0.03781437873840332
2025-11-30 23:01:00,3.0,2.9862356,3,-0.013764381408691406
2025-11-30 23:02:00,3.0,2.9568055,3,-0.04319453239440918
2025-11-30 23:03:00,3.0,2.9388523,3,-0.06114768981933594
2025-11-30 23:04:00,3.0,2.9557564,3,-0.044243574142456055
2025-11-30 23:05:00,3.0,2.9642398,3,-0.03576016426086426
2025-11-30 23:06:00,3.0,3.0699584,3,0.06995844841003418
2025-11-30 23:07:00,3.0,2.9780593,3,-0.02194070816040039
2025-11-30 23:08:00,3.0,2.9721208,3,-0.02787923812866211
2025-11-30 23:09:00,3.0,3.0374267,3,0.03742671012878418
2025-11-30 23:10:00,3.0,3.0612137,3,0.06121373176574707
2025-11-30 23:11:00,3.0,2.999279,3,-0.000720977783203125
2025-11-30 23:12:00,3.0,3.1372418,3,0.13724184036254883
2025-11-30 23:13:00,3.0,3.1687624,3,0.1687624454498291
2025-11-30 23:14:00,3.0,3.0442042,3,0.0442042350769043
2025-11-30 23:15:00,3.0,3.0768352,3,0.07683515548706055
2025-11-30 23:16:00,3.0,3.1331236,3,0.13312363624572754
2025-11-30 23:17:00,3.0,3.102566,3,0.10256600379943848
2025-11-30 23:18:00,3.0,2.9726386,3,-0.027361392974853516
2025-11-30 23:19:00,3.0,3.0251808,3,0.025180816650390625
2025-11-30 23:20:00,3.0,3.077186,3,0.07718610763549805
2025-11-30 23:21:00,3.0,2.9725895,3,-0.027410507202148438
2025-11-30 23:22:00,3.0,3.1119912,3,0.11199116706848145
2025-11-30 23:23:00,3.0,3.000618,3,0.00061798095703125
2025-11-30 23:24:00,3.0,3.0471137,3,0.047113656997680664
2025-11-30 23:25:00,3.0,3.0580401,3,0.05804014205932617
2025-11-30 23:26:00,3.0,3.0429409,3,0.04294085502624512
2025-11-30 23:27:00,3.0,3.0166638,3,0.016663789749145508
2025-11-30 23:28:00,3.0,3.0025458,3,0.0025458335876464844
2025-11-30 23:29:00,3.0,2.9735267,3,-0.026473283767700195
2025-11-30 23:30:00,3.0,3.1288674,3,0.12886738777160645
2025-11-30 23:31:00,3.0,2.9472318,3,-0.05276823043823242
2025-11-30 23:32:00,3.0,3.0456254,3,0.04562544822692871
2025-11-30 23:33:00,3.0,2.9537616,3,-0.04623842239379883
2025-11-30 23:34:00,3.0,2.9067538,3,-0.0932462215423584
2025-11-30 23:35:00,3.0,3.0149164,3,0.014916419982910156
2025-11-30 23:36:00,3.0,3.003593,3,0.003592967987060547
2025-11-30 23:37:00,3.0,2.971616,3,-0.028383970260620117
2025-11-30 23:38:00,3.0,3.0082238,3,0.008223772048950195
2025-11-30 23:39:00,3.0,2.9836943,3,-0.01630568504333496
2025-11-30 23:40:00,3.0,3.0687764,3,0.06877636909484863
2025-11-30 23:41:00,3.0,2.9946065,3,-0.005393505096435547
2025-11-30 23:42:00,3.0,3.0271769,3,0.027176856994628906
2025-11-30 23:43:00,3.0,2.9215927,3,-0.07840728759765625
2025-11-30 23:44:00,3.0,2.9177063,3,-0.08229374885559082
2025-11-30 23:45:00,3.0,2.9668777,3,-0.03312230110168457
2025-11-30 23:46:00,3.0,2.976092,3,-0.023907899856567383
2025-11-30 23:47:00,3.0,3.0745459,3,0.07454586029052734
2025-11-30 23:48:00,3.0,3.056477,3,0.05647706985473633
2025-11-30 23:49:00,3.0,2.9731827,3,-0.02681732177734375
2025-11-30 23:50:00,3.0,2.9733808,3,-0.02661919593811035
2025-11-30 23:51:00,3.0,3.0029106,3,0.002910614013671875
2025-11-30 23:52:00,3.0,3.0163536,3,0.016353607177734375
2025-11-30 23:53:00,3.0,2.941821,3,-0.05817890167236328
2025-11-30 23:54:00,3.0,2.8663027,3,-0.1336972713470459
2025-11-30 23:55:00,3.0,2.9534736,3,-0.046526432037353516
2025-11-30 23:56:00,3.0,2.9932792,3,-0.006720781326293945
2025-11-30 23:57:00,3.0,3.016689,3,0.016689062118530273
2025-11-30 23:58:00,3.0,2.9928625,3,-0.0071375370025634766
